query,page_path,clicks_3m,impr_3m,ctr_3m,pos_3m,clicks_28d,impr_28d,pos_28d,clicks_prev28d,impr_prev28d,pos_prev28d,impr_delta_pct
consultation fee,/pages/lawyer-consultation-fee,0,516,0,57.7,0,168,43.3,0,188,56.0,-10.6
legal fees,/states/louisiana-lawyer-costs,0,289,0,45.7,0,71,52.7,0,101,45.7,-29.7
business attorney fees,/pages/business-lawyer-cost,0,267,0,68.8,0,105,64.9,0,112,66.9,-6.2
attorney pricing,/states/louisiana-lawyer-costs,0,254,0,31.7,0,52,31.2,0,89,30.5,-41.6
small business lawyer cost,/pages/business-lawyer-cost,0,242,0,62.1,0,48,49.0,0,100,50.0,-52.0
business lawyer cost,/pages/business-lawyer-cost,0,237,0,62.3,0,44,46.1,0,96,53.4,-54.2
how much does a criminal lawyer cost,/pages/criminal-defense-lawyer-cost,0,231,0,72.8,0,94,71.1,0,70,74.2,34.3
lawyer pricing,/states/louisiana-lawyer-costs,0,208,0,31.9,0,0,,0,90,31.6,-100.0
how much does a lawyer cost,/states/louisiana-lawyer-costs,0,189,0,47.4,0,25,51.1,0,74,50.0,-66.2
flat fee lawyer,/states/louisiana-lawyer-costs,0,177,0,49.5,0,49,36,0,73,47.0,-32.9
business lawyer cost,/states/louisiana-lawyer-costs,0,173,0,59.7,0,30,59.5,0,67,68.8,-55.2
legal fees,/states/mississippi-lawyer-costs,0,161,0,69.0,0,65,69.2,0,96,68.9,-32.3
how much is a consultation with a lawyer,/pages/lawyer-consultation-fee,0,157,0,58.3,0,100,60.4,0,52,50.9,92.3
how much does a business lawyer cost,/pages/business-lawyer-cost,0,142,0,65.1,0,66,58.7,0,48,63.4,37.5
how much does a good lawyer cost,/pages/how-much-does-a-lawyer-cost,0,132,0,60.2,0,33,68.7,0,52,53.3,-36.5
how much does a lawyer cost,/pages/how-much-does-a-lawyer-cost,0,124,0,67.2,0,19,71.7,0,54,62.4,-64.8
legal fees,/pages/legal-fee-calculator,0,109,0,80.8,0,32,79.7,0,29,82.9,10.3
mesothelioma compensation calculator,/pages/mesothelioma-settlement-calculator,0,100,0,63.0,0,34,58.4,0,31,65.0,9.7
attorney fees colorado,/states/colorado-lawyer-costs,0,93,0,27.2,0,64,25.9,0,20,27.2,220.0
how much is a consultation with a lawyer,/states/south-carolina-lawyer-costs,0,92,0,70.0,0,5,73,0,38,65.6,-86.8
how much does a criminal defense attorney cost,/pages/criminal-defense-lawyer-cost,0,91,0,65.0,0,16,51.1,0,43,63.3,-62.8
how much does an employment lawyer cost,/pages/employment-lawyer-cost,0,90,0,55.6,0,55,51.8,0,21,60.4,161.9
small business attorney fees,/pages/business-lawyer-cost,0,90,0,63.9,0,24,56.9,0,43,59.2,-44.2
small business lawyer cost,/states/louisiana-lawyer-costs,0,90,0,46.9,0,16,36.9,0,4,67.8,300.0
wrongful termination lawyer cost,/pages/employment-lawyer-cost,0,90,0,65.6,0,0,,0,6,53.7,-100.0
lawyer fees criminal defense,/states/utah-lawyer-costs,0,84,0,53.9,0,14,93.7,0,40,42.6,-65.0
legal fees,/states/oregon-lawyer-costs,0,81,0,36.6,0,28,35.9,0,25,36.1,12.0
how much does a divorce lawyer cost in virginia,/states/virginia-lawyer-costs,0,79,0,80.2,0,25,79.0,0,24,80.2,4.2
legal consulting fees,/pages/lawyer-consultation-fee,0,79,0,58.4,0,28,38.5,0,27,61.7,3.7
employment lawyer fees,/pages/employment-lawyer-cost,0,77,0,67.8,0,24,64.5,0,28,61.4,-14.3
attorney pricing,/states/south-carolina-lawyer-costs,0,76,0,91.2,0,11,98.6,0,29,90.7,-62.1
criminal defense attorney fees,/states/utah-lawyer-costs,0,76,0,53.8,0,14,34.3,0,29,42.5,-51.7
how much does a prenup cost in maryland,/states/maryland-lawyer-costs,0,75,0,73.6,0,20,73.4,0,20,67.2,0.0
virginia traffic lawyer cost,/states/virginia-lawyer-costs,0,73,0,63.5,0,23,53.2,0,21,58.6,9.5
how much does a traffic lawyer cost in virginia,/states/virginia-lawyer-costs,0,71,0,67.2,0,25,58.2,0,20,62.8,25.0
lawyers consultation fees,/states/texas-lawyer-costs,0,71,0,60.9,0,21,62.1,0,27,57.3,-22.2
how much do traffic lawyers cost in virginia,/states/virginia-lawyer-costs,0,70,0,62.9,0,25,50.9,0,19,59.5,31.6
legal fees,/states/south-carolina-lawyer-costs,0,69,0,74.5,0,8,91.6,0,16,82.7,-50.0
lawyer cost,/states/wisconsin-lawyer-costs,0,68,0,56.4,0,25,42.2,0,22,70.9,13.6
legal fees farmerville la,/states/louisiana-lawyer-costs,0,67,0,39.0,0,0,,0,40,26.3,-100.0
monthly lawyer cost,/states/louisiana-lawyer-costs,0,67,0,49.6,0,0,,0,28,56.2,-100.0
hawaii divorce attorney fees,/states/hawaii-lawyer-costs,0,66,0,46.7,0,27,39.4,0,25,43.5,8.0
how much does a lawyer cost,/states/south-carolina-lawyer-costs,0,64,0,73.6,0,14,38.1,0,18,69.3,-22.2
attorney fees,/states/south-carolina-lawyer-costs,0,63,0,55.9,0,7,61,0,24,55.9,-70.8
employment lawyer cost,/pages/employment-lawyer-cost,0,63,0,69.0,0,13,67.8,0,26,63.8,-50.0
how much dui lawyer cost,/pages/dui-lawyer-cost,0,63,0,67.0,0,53,66.1,0,10,71.9,430.0
lawyer pricing farmerville la,/states/louisiana-lawyer-costs,0,63,0,53.4,0,0,,0,30,34.8,-100.0
legal consultation fee,/pages/lawyer-consultation-fee,0,63,0,59.9,0,34,56.9,0,20,59,70.0
attorney pricing farmerville la,/states/louisiana-lawyer-costs,0,61,0,48,0,0,,0,32,35.1,-100.0
employment attorney cost,/pages/employment-lawyer-cost,0,61,0,73.6,0,15,68.4,0,23,70,-34.8
how much does a lawyer cost near me,/states/louisiana-lawyer-costs,0,60,0,46.5,0,0,,0,28,38.2,-100.0
attorney pricing union parish la,/states/louisiana-lawyer-costs,0,59,0,59.9,0,0,,0,28,47.5,-100.0
how much do lawyers cost,/states/new-york-lawyer-costs,0,59,0,40.4,0,13,26.8,0,19,31.9,-31.6
lawyer consultation fee chalmette la,/states/louisiana-lawyer-costs,0,59,0,33.7,0,28,32.1,0,22,35.2,27.3
lawyer pricing west monroe la,/states/louisiana-lawyer-costs,0,59,0,59.4,0,0,,0,30,47.6,-100.0
attorney pricing west monroe la,/states/louisiana-lawyer-costs,0,58,0,60.8,0,0,,0,31,50.8,-100.0
attorney pricing,/states/california-lawyer-costs,0,57,0,92.2,0,0,,0,10,99,-100.0
how much are dui lawyers,/pages/dui-lawyer-cost,0,57,0,68.7,0,45,67.4,0,12,73.8,275.0
how much is a lawyer,/states/new-york-lawyer-costs,0,56,0,33.1,0,27,16.8,0,14,48.6,92.9
legal consultation fee,/states/texas-lawyer-costs,0,56,0,59.8,0,14,65.4,0,22,57.1,-36.4
how much does a personal injury lawyer cost in new mexico,/states/new-mexico-lawyer-costs,0,55,0,50.8,0,23,38.4,0,25,54.9,-8.0
lawyer hourly rate,/states/colorado-lawyer-costs,0,55,0,28.3,0,1,7,0,0,,
cost of interdiction in louisiana,/states/louisiana-lawyer-costs,0,54,0,38.3,0,16,34,0,21,36.0,-23.8
how much does a personal injury lawyer cost sc,/states/south-carolina-lawyer-costs,0,54,0,76.0,0,25,71.8,0,24,79.0,4.2
lawyer consultation fee,/pages/lawyer-consultation-fee,0,54,0,57.5,0,25,43.5,0,14,61,78.6
lawyer pricing near me,/states/louisiana-lawyer-costs,0,53,0,43.1,0,0,,0,31,32.4,-100.0
lawyer pricing union parish la,/states/louisiana-lawyer-costs,0,53,0,64.8,0,0,,0,29,56.4,-100.0
legal fees,/states/california-lawyer-costs,0,51,0,41.8,0,17,35.7,0,13,39.2,30.8
virginia reckless driving lawyer fees,/states/virginia-lawyer-costs,0,51,0,70.9,0,10,57.3,0,22,65.5,-54.5
lawyer pricing,/states/california-lawyer-costs,0,50,0,87.2,0,0,,0,9,75.6,-100.0
legal consulting fees,/states/texas-lawyer-costs,0,50,0,61.1,0,14,79.2,0,17,48.6,-17.6
attorney pricing,/states/tennessee-lawyer-costs,0,49,0,82.1,0,34,80.6,0,10,79.1,240.0
criminal defense attorneys fees,/states/utah-lawyer-costs,0,49,0,59.6,0,2,60.5,0,30,59.9,-93.3
lawyer fees,/states/wisconsin-lawyer-costs,0,48,0,53.2,0,20,54.6,0,16,55,25.0
lawyer pricing,/pages/how-much-does-a-lawyer-cost,0,48,0,76.1,0,0,,0,19,78.9,-100.0
legal pricing,/states/california-lawyer-costs,0,48,0,56.6,0,0,,0,40,56.4,-100.0
cost of utah dui attorney utah,/states/utah-lawyer-costs,0,47,0,73.4,0,10,62.6,0,16,69.3,-37.5
first offense dui lawyer cost,/pages/dui-lawyer-cost,0,47,0,61.2,0,0,,0,25,57.8,-100.0
how much does a criminal lawyer cost,/states/utah-lawyer-costs,0,47,0,67.1,0,16,70.3,0,27,64.3,-40.7
how much does a dui lawyer cost,/pages/dui-lawyer-cost,0,47,0,73.5,0,41,71.5,0,3,85.7,1266.7
lawyer pricing,/states/wisconsin-lawyer-costs,0,47,0,90.1,0,1,71,0,24,94.6,-95.8
what percentage do personal injury lawyers take in new mexico,/states/new-mexico-lawyer-costs,0,47,0,56.2,0,23,45.9,0,22,65.6,4.5
attorney fees on a judgment in a divorce in az,/states/arizona-lawyer-costs,0,46,0,41.4,0,14,33,0,26,42.3,-46.2
divorce lawyers in nj cost,/states/new-jersey-lawyer-costs,0,45,0,43.0,0,13,34.2,0,26,43.5,-50.0
how much does a personal injury lawyer cost,/pages/personal-injury-lawyer-cost,0,45,0,65.2,0,32,58.2,0,5,71.2,540.0
lawyer pricing,/states/texas-lawyer-costs,0,45,0,89.9,0,0,,0,21,89.7,-100.0
legal fees union parish la,/states/louisiana-lawyer-costs,0,45,0,37.2,0,0,,0,27,32.9,-100.0
unemployment lawyer cost,/pages/employment-lawyer-cost,0,45,0,53.7,0,21,44.9,0,11,51.4,90.9
attorney pricing,/states/wisconsin-lawyer-costs,0,44,0,87.8,0,15,81.1,0,27,91.1,-44.4
average attorney consultation fee mobile alabama,/states/alabama-lawyer-costs,0,44,0,2.6,0,0,,0,1,4,-100.0
average cost for a dui lawyer,/pages/dui-lawyer-cost,0,44,0,67.9,0,32,65.9,0,12,73.4,166.7
how much does lawyers charge in chalmette la,/states/louisiana-lawyer-costs,0,44,0,34.8,0,26,33.7,0,16,39.3,62.5
cost of estate planning lawyer,/pages/estate-planning-lawyer-cost,0,43,0,63.2,0,7,54.7,0,19,57.4,-63.2
how much are court fees in nj,/states/new-jersey-lawyer-costs,0,43,0,27.5,0,7,21.1,0,23,25.6,-69.6
how much does a criminal defense lawyer cost,/pages/criminal-defense-lawyer-cost,0,42,0,37.1,0,22,26.2,0,14,42.3,57.1
colorado divorce attorney fees,/states/colorado-lawyer-costs,0,41,0,51.6,0,6,81.8,0,19,46.5,-68.4
how much does kevin reddington charge,/states/massachusetts-lawyer-costs,0,41,0,1,0,41,1,0,0,,
lawyer cost,/states/south-carolina-lawyer-costs,0,41,0,84.5,0,5,60.4,0,21,86.1,-76.2
legal fees,/states/new-york-lawyer-costs,0,41,0,31.9,0,11,18.8,0,12,21.1,-8.3
how much does a lawyer cost,/states/connecticut-lawyer-costs,0,40,0,10.7,0,31,10.6,0,9,10.8,244.4
how much does a lawyer cost,/states/new-york-lawyer-costs,0,40,0,24.6,0,19,13.9,0,10,27.3,90.0
how much does a will cost in kentucky,/states/kentucky-lawyer-costs,0,40,0,18.6,0,31,18.5,0,9,19,244.4
attorney cost,/states/south-carolina-lawyer-costs,0,39,0,76.5,0,10,91.2,0,9,81.6,11.1
monthly lawyer cost near me,/states/louisiana-lawyer-costs,0,38,0,52.7,0,0,,0,28,49.9,-100.0
attorney consultant cost,/states/california-lawyer-costs,0,37,0,68.4,0,4,72.2,0,13,72.4,-69.2
attorney fees,/states/wisconsin-lawyer-costs,0,37,0,55.9,0,13,60.1,0,24,53.6,-45.8
law firm pricing north louisiana,/states/louisiana-lawyer-costs,0,37,0,58.9,0,0,,0,23,46.8,-100.0
lawyer pricing,/states/mississippi-lawyer-costs,0,37,0,58.4,0,0,,0,37,58.4,-100.0
lawyer pricing,/states/south-carolina-lawyer-costs,0,37,0,91.8,0,0,,0,26,92.8,-100.0
maryland bar dues 2026,/states/maryland-lawyer-costs,0,37,0,8.9,0,24,8.9,0,13,8.8,84.6
attorney fees,/states/tennessee-lawyer-costs,0,36,0,65.8,0,25,67.0,0,2,54,1150.0
attorney fees award family law washington,/states/washington-lawyer-costs,0,36,0,47.7,0,30,43.9,0,3,56.7,900.0
how much does a lawyer cost,/states/california-lawyer-costs,0,36,0,81.4,0,0,,0,1,44,-100.0
lawyer cost,/states/oklahoma-lawyer-costs,0,36,0,74.7,0,17,75.7,0,10,57.9,70.0
lawyer cost,/states/tennessee-lawyer-costs,0,36,0,74.1,0,13,78.3,0,22,70.5,-40.9
lawyer fees,/states/south-carolina-lawyer-costs,0,36,0,71.2,0,7,93.4,0,9,54.8,-22.2
virginia reckless driving lawyer cost,/states/virginia-lawyer-costs,0,36,0,74.1,0,7,66.3,0,19,70.8,-63.2
attorney cost,/states/wisconsin-lawyer-costs,0,35,0,54.9,0,17,40.5,0,14,68.6,21.4
attorney pricing near me,/states/louisiana-lawyer-costs,0,35,0,50.9,0,0,,0,27,43.6,-100.0
how much does a lawyer cost,/states/tennessee-lawyer-costs,0,35,0,83,0,16,73.9,0,17,89.2,-5.9
how much is a consultation with a lawyer,/states/california-lawyer-costs,0,35,0,90.5,0,1,88,0,11,98.5,-90.9
lawyer pricing,/states/oklahoma-lawyer-costs,0,35,0,81.1,0,0,,0,26,77.9,-100.0
personal injury lawyer contingency fee nh,/states/new-hampshire-lawyer-costs,0,35,0,36.1,0,6,28.7,0,17,30.4,-64.7
power of attorney virginia cost,/states/virginia-lawyer-costs,0,35,0,55.3,0,11,54.4,0,14,52.6,-21.4
what is a contingency fee,/pages/contingency-fee-explained,0,35,0,70.0,0,32,67.2,0,2,99.5,1500.0
attorney consultant cost,/pages/lawyer-consultation-fee,0,34,0,74.1,0,9,55.7,0,11,66.9,-18.2
average cost of divorce in nebraska,/states/nebraska-lawyer-costs,0,34,0,71.1,0,2,73,0,16,76.1,-87.5
colorado filing fees,/states/colorado-lawyer-costs,0,34,0,20.6,0,20,18.4,0,12,22.2,66.7
asbestosis claims calculator,/pages/mesothelioma-settlement-calculator,1,33,0.0303,46.2,1,2,40.5,0,1,33,100.0
how much does a lawyer cost,/states/wisconsin-lawyer-costs,0,32,0,65.2,0,12,25.8,0,18,88.2,-33.3
how much is a lawyer,/pages/how-much-does-a-lawyer-cost,0,32,0,57.7,0,3,90.3,0,17,48.4,-82.4
lawyer cost,/states/california-lawyer-costs,0,32,0,73.3,0,3,67.3,0,10,95.1,-70.0
lawyer cost,/states/new-york-lawyer-costs,0,32,0,15.5,0,9,10.8,0,18,14.3,-50.0
lawyer pricing,/states/kentucky-lawyer-costs,0,32,0,84.9,0,0,,0,32,84.9,-100.0
cost of criminal defense attorney,/pages/criminal-defense-lawyer-cost,0,31,0,61,0,8,45.9,0,10,62.4,-20.0
how much does a lawyer charge for chapter 7,/pages/bankruptcy-lawyer-cost,0,31,0,46.6,0,21,45.5,0,10,49,110.0
how much is a consultation with a lawyer,/pages/how-much-does-a-lawyer-cost,0,31,0,56.4,0,10,58,0,16,53.8,-37.5
lawyer consultant cost,/states/california-lawyer-costs,0,31,0,73.4,0,3,86.7,0,7,66.4,-57.1
will attorney utah cost,/states/utah-lawyer-costs,0,31,0,67.4,0,0,,0,1,61,-100.0
attorney pricing,/states/kentucky-lawyer-costs,0,30,0,81.9,0,5,87.6,0,25,80.8,-80.0
average cost of a lawyer,/pages/how-much-does-a-lawyer-cost,0,30,0,61.8,0,10,66.3,0,8,57.8,25.0
business contract lawyer cost,/pages/business-lawyer-cost,0,30,0,63.5,0,0,,0,5,64.2,-100.0
how much do lawyers charge,/states/new-york-lawyer-costs,0,30,0,40.3,0,14,41.4,0,7,35.1,100.0
how much is a attorney,/states/idaho-lawyer-costs,0,30,0,27.7,0,12,21.7,0,6,36.2,100.0
how much is a consultation with a lawyer,/states/texas-lawyer-costs,0,30,0,69.8,0,6,83,0,10,66.3,-40.0
lawyer cost,/states/alabama-lawyer-costs,0,30,0,50.3,0,4,11,0,16,68.8,-75.0
lawyer fees,/states/california-lawyer-costs,0,30,0,68.1,0,3,53,0,11,71,-72.7
how much does a divorce lawyer cost in indiana,/states/indiana-lawyer-costs,0,29,0,55.3,0,15,44.3,0,5,63,200.0
how much does a dui lawyer cost virginia,/states/virginia-lawyer-costs,0,29,0,34.3,0,29,34.3,0,0,,
how much does an estate planning lawyer charge,/pages/estate-planning-lawyer-cost,0,29,0,67.7,0,4,64,0,13,60.9,-69.2
how much does it cost for a lawyer to represent you in court,/states/new-york-lawyer-costs,0,29,0,9.2,0,19,6.6,0,10,14.1,90.0
how much is a attorney,/states/utah-lawyer-costs,0,29,0,26.8,0,0,,0,8,42,-100.0
lawyer consultant cost,/pages/lawyer-consultation-fee,0,29,0,59.6,0,11,46.4,0,10,47.2,10.0
lawyer consultant cost,/states/south-carolina-lawyer-costs,0,29,0,66.1,0,3,81.3,0,5,48,-40.0
lawyer fee dispute ohio,/states/ohio-lawyer-costs,0,29,0,46.5,0,15,46.1,0,13,46.8,15.4
lawyers hourly rates,/states/texas-lawyer-costs,0,29,0,61.0,0,4,77,0,16,62.1,-75.0
attorney fees,/states/colorado-lawyer-costs,0,28,0,50.6,0,13,63.7,0,10,33,30.0
average cost of dui lawyer,/pages/dui-lawyer-cost,0,28,0,69.1,0,13,79,0,14,59.4,-7.1
estate planning attorney cost,/pages/estate-planning-lawyer-cost,0,28,0,83.2,0,6,86.2,0,7,84.6,-14.3
how much does a business attorney cost in denver,/states/colorado-lawyer-costs,0,28,0,47.9,0,26,46.8,0,2,62,1200.0
how much does it cost for a lawyer to represent you in court,/states/south-carolina-lawyer-costs,0,28,0,8.5,0,14,7.8,0,8,8.1,75.0
how much is a divorce lawyer,/pages/divorce-lawyer-cost,0,28,0,72.9,0,9,64.4,0,18,75.8,-50.0
lawyer fees,/states/florida-lawyer-costs,0,28,0,79.7,0,13,90.7,0,3,58.3,333.3
cost of criminal defense lawyer,/pages/criminal-defense-lawyer-cost,0,27,0,58.5,0,13,46.5,0,6,60.2,116.7
criminal lawyer fees,/states/utah-lawyer-costs,0,27,0,39.1,0,9,27.9,0,8,55.6,12.5
how much are lawyer fees,/states/new-york-lawyer-costs,0,27,0,26.7,0,7,6.9,0,5,32.2,40.0
how much does a divorce lawyer cost,/states/maryland-lawyer-costs,0,27,0,63.2,0,16,55.1,0,7,72,128.6
how much does an attorney cost,/pages/how-much-does-a-lawyer-cost,0,27,0,51.3,0,1,97,0,17,48.7,-94.1
kevin reddington price,/states/massachusetts-lawyer-costs,0,27,0,1.1,0,27,1.1,0,0,,
lawyer fees,/states/new-york-lawyer-costs,0,27,0,17.9,0,14,9.4,0,11,25.5,27.3
average lawyer fees per hour,/states/new-york-lawyer-costs,0,26,0,49.0,0,10,39,0,7,52.7,42.9
business attorney cost,/pages/business-lawyer-cost,0,26,0,62.3,0,6,41.8,0,11,60.8,-45.5
how much are lawyers,/states/new-york-lawyer-costs,0,26,0,50.9,0,20,58.3,0,4,19,400.0
how much does personal injury lawyer cost,/pages/personal-injury-lawyer-cost,0,26,0,69.6,0,14,63.2,0,12,77.1,16.7
how much is a consultation with a lawyer,/pages/can-i-afford-a-lawyer,0,26,0,78.0,0,3,76.7,0,18,76.6,-83.3
lawyer cost,/states/utah-lawyer-costs,0,26,0,44.8,0,5,84.2,0,15,37.9,-66.7
lawyer cost,/states/washington-lawyer-costs,0,26,0,62.8,0,15,67.7,0,7,52.4,114.3
criminal lawyers fees,/states/utah-lawyer-costs,0,25,0,40.6,0,7,38.3,0,12,37.1,-41.7
how much does it cost for a lawyer to represent you in court,/states/new-jersey-lawyer-costs,0,25,0,7.9,0,14,6.2,0,6,10.3,133.3
lawyer cost,/states/florida-lawyer-costs,0,25,0,87.5,0,11,90.4,0,8,87.4,37.5
maryland divorce attorney fees,/states/maryland-lawyer-costs,0,25,0,74.9,0,10,84.3,0,8,68,25.0
attorney consultant cost,/states/north-carolina-lawyer-costs,0,24,0,89.5,0,0,,0,8,86.2,-100.0
attorney cost,/states/tennessee-lawyer-costs,0,24,0,86.4,0,10,84,0,11,89.1,-9.1
california attorney's fees,/states/california-lawyer-costs,0,24,0,65.4,0,7,53.9,0,4,59.8,75.0
lawyer consultant cost,/states/north-carolina-lawyer-costs,0,24,0,95.8,0,0,,0,7,93.3,-100.0
lawyer consultant cost,/states/texas-lawyer-costs,0,24,0,86.7,0,0,,0,13,90.5,-100.0
lawyer cost,/states/texas-lawyer-costs,0,24,0,77.2,0,9,55.3,0,8,95.9,12.5
employment lawyer consultation fee,/pages/employment-lawyer-cost,0,23,0,76.7,0,3,64.7,0,10,75.5,-70.0
georgia traffic lawyer cost,/states/georgia-lawyer-costs,0,23,0,71.9,0,2,68,0,19,71.5,-89.5
how much does a divorce attorney cost in denver,/states/colorado-lawyer-costs,0,23,0,70,0,23,70,0,0,,
how much does a divorce lawyer cost,/pages/divorce-lawyer-cost,0,23,0,76.6,0,3,72.3,0,18,76.2,-83.3
how much does a lawyer cost,/states/alabama-lawyer-costs,0,23,0,10.8,0,20,10.6,0,1,11,1900.0
how much does an attorney cost,/states/south-carolina-lawyer-costs,0,23,0,76.1,0,6,58.8,0,8,75,-25.0
indiana attorney fee,/states/indiana-lawyer-costs,0,23,0,26.1,0,21,25.8,0,2,29,950.0
lawyer fees for small business,/states/massachusetts-lawyer-costs,0,23,0,61.7,0,20,60.0,0,3,72.7,566.7
lawyer hourly rate,/states/new-york-lawyer-costs,0,23,0,36.0,0,6,27.8,0,15,38.8,-60.0
lawyer pricing,/states/massachusetts-lawyer-costs,0,23,0,84.5,0,0,,0,23,84.5,-100.0
attorney cost,/states/california-lawyer-costs,0,22,0,78.3,0,5,93.2,0,5,86.4,0.0
attorney cost,/states/oklahoma-lawyer-costs,0,22,0,64.9,0,12,68.1,0,9,57.3,33.3
average cost of divorce in wv,/states/west-virginia-lawyer-costs,0,22,0,51.4,0,0,,0,4,73.2,-100.0
colorado attorney contingency fee limit 2024,/states/colorado-lawyer-costs,0,22,0,42.5,0,5,33,0,7,41.9,-28.6
colorado lawyer fee cap 2024,/states/colorado-lawyer-costs,0,22,0,28.2,0,6,21,0,6,26.2,0.0
how much does a divorce cost in wisconsin,/states/wisconsin-lawyer-costs,0,22,0,56,0,0,,0,14,55.4,-100.0
lawyer fees,/states/tennessee-lawyer-costs,0,22,0,79.5,0,11,78.4,0,7,78.6,57.1
lawyer pricing,/states/alabama-lawyer-costs,0,22,0,78.1,0,0,,0,1,98,-100.0
legal guide,/pages/legal-aid-guide,0,22,0,63.4,0,6,59.3,0,9,60.3,-33.3
workers compensation attorney fees,/states/missouri-lawyer-costs,0,22,0,58,0,0,,0,12,65.6,-100.0
estate planning attorney fees,/pages/estate-planning-lawyer-cost,0,21,0,72.8,0,0,,0,7,89.7,-100.0
flat fee legal services north louisiana,/states/louisiana-lawyer-costs,0,21,0,44.7,0,0,,0,17,37.4,-100.0
how much does a divorce lawyer cost in ohio,/states/ohio-lawyer-costs,0,21,0,71,0,3,83.7,0,7,58.9,-57.1
how much does a lawyer cost,/states/idaho-lawyer-costs,0,21,0,12.6,0,14,10.4,0,4,17.5,250.0
how much does a lawyer cost for criminal defense,/pages/criminal-defense-lawyer-cost,0,21,0,59.6,0,8,48.9,0,6,60.5,33.3
how much is a divorce lawyer,/states/maryland-lawyer-costs,0,21,0,77.2,0,11,76.9,0,3,76.7,266.7
lawyer pricing,/states/illinois-lawyer-costs,0,21,0,91.7,0,1,93,0,9,92.2,-88.9
lawyers hourly rates,/states/south-carolina-lawyer-costs,0,21,0,59.7,0,9,58,0,3,70.3,200.0
ohio divorce lawyer cost,/states/ohio-lawyer-costs,0,21,0,83.9,0,9,90.1,0,8,79.6,12.5
property damage lawyer cost,/states/alabama-lawyer-costs,0,21,0,20.9,0,0,,0,5,27,-100.0
attorney consultant cost,/states/south-carolina-lawyer-costs,0,20,0,59.4,0,1,51,0,4,43.2,-75.0
how much are lawyers,/states/pennsylvania-lawyer-costs,0,20,0,9.9,0,13,8.8,0,6,12,116.7
how much does a car accident lawyer cost in virginia,/states/virginia-lawyer-costs,0,20,0,61.1,0,7,51.7,0,7,54.4,0.0
how much does a divorce lawyer cost,/states/colorado-lawyer-costs,0,20,0,68.5,0,7,72.9,0,11,62.6,-36.4
how much does a good lawyer cost,/states/texas-lawyer-costs,0,20,0,74.5,0,7,84.7,0,10,67.3,-30.0
how much does a lawyer cost,/states/utah-lawyer-costs,0,20,0,40.2,0,7,10.1,0,10,69.6,-30.0
how to afford a lawyer,/pages/can-i-afford-a-lawyer,0,20,0,41.2,0,11,36.3,0,5,40.8,120.0
lawyer fees,/states/louisiana-lawyer-costs,0,20,0,70.8,0,18,71.8,0,0,,
lawyer payment plans union parish la,/states/louisiana-lawyer-costs,0,20,0,47.8,0,0,,0,18,44,-100.0
legal advice cost,/states/new-york-lawyer-costs,0,20,0,26.1,0,8,16.6,0,6,23.8,33.3
legal fees near me,/states/louisiana-lawyer-costs,0,20,0,54.3,0,0,,0,18,50.3,-100.0
monthly legal plan north louisiana,/states/louisiana-lawyer-costs,0,20,0,51.9,0,0,,0,16,44.9,-100.0
cost of divorce in nebraska,/states/nebraska-lawyer-costs,0,19,0,80.8,0,0,,0,8,76.6,-100.0
how much does a lawyer cost,/states/kentucky-lawyer-costs,0,19,0,12.9,0,15,13.2,0,3,11.3,400.0
how much does it cost for a lawyer to represent you in court,/states/kentucky-lawyer-costs,0,19,0,8.4,0,16,8.2,0,2,8.5,700.0
immigration attorney fees indiana,/states/indiana-lawyer-costs,0,19,0,82.4,0,3,84.7,0,7,82.9,-57.1
law firm website cost in alabama,/states/alabama-lawyer-costs,0,19,0,54.5,0,8,31.9,0,6,59,33.3
new york divorce lawyer fees,/states/new-york-lawyer-costs,0,19,0,50.6,0,5,54,0,12,48.2,-58.3
personal injury attorney fee calculator,/pages/personal-injury-settlement-calculator,0,19,0,81.8,0,5,93,0,6,88.7,-16.7
unemployment lawyer fees,/pages/employment-lawyer-cost,0,19,0,51.5,0,3,45.3,0,10,48.8,-70.0
how much do lawyers cost,/pages/how-much-does-a-lawyer-cost,0,18,0,67.9,0,1,100,0,10,62.4,-90.0
how much does a divorce lawyer cost in new jersey,/states/new-jersey-lawyer-costs,0,18,0,64.1,0,0,,0,4,52.8,-100.0
how much does it cost for a lawyer to represent you in court,/states/alabama-lawyer-costs,0,18,0,9.5,0,8,8,0,4,10.8,100.0
how much does it cost for a lawyer to represent you in court,/states/louisiana-lawyer-costs,0,18,0,9.1,0,8,8.1,0,5,9.2,60.0
how much is an attorney,/pages/how-much-does-a-lawyer-cost,0,18,0,44.5,0,0,,0,9,41.6,-100.0
kevin reddington attorney cost,/states/massachusetts-lawyer-costs,0,18,0,1,0,18,1,0,0,,
lawyer consultation fee,/states/california-lawyer-costs,0,18,0,52.1,0,0,,0,9,49.8,-100.0
lawyer cost,/states/indiana-lawyer-costs,0,18,0,64.6,0,12,67.2,0,2,43.5,500.0
lawyer rates per hour,/states/new-york-lawyer-costs,0,18,0,26.2,0,14,23.7,0,1,29,1300.0
legal fee calculator,/pages/legal-fee-calculator,0,18,0,24.3,0,8,17.5,0,6,27.7,33.3
mesothelioma attorney fees,/pages/mesothelioma-lawyer-cost,0,18,0,63,0,4,40.8,0,4,74,0.0
mesothelioma lawyer fees,/pages/mesothelioma-lawyer-cost,0,18,0,50.8,0,6,42.7,0,6,55.3,0.0
personal injury contingency fee south carolina,/states/south-carolina-lawyer-costs,0,18,0,43.7,0,6,40.8,0,12,45.2,-50.0
real estate attorney fees,/pages/real-estate-lawyer-cost,0,18,0,88.3,0,8,87.8,0,8,88.8,0.0
virginia divorce attorney fees,/states/virginia-lawyer-costs,0,18,0,89.6,0,6,86,0,6,90,0.0
attorney cost,/states/utah-lawyer-costs,0,17,0,58.4,0,9,71,0,8,44.2,12.5
attorney pricing,/pages/how-much-does-a-lawyer-cost,0,17,0,82.2,0,0,,0,9,86.7,-100.0
business lawyer consultation fee,/pages/business-lawyer-cost,0,17,0,52.8,0,6,37.2,0,7,48.7,-14.3
criminal defense attorney cost columbia md,/states/maryland-lawyer-costs,0,17,0,74.5,0,17,74.5,0,0,,
criminal defense attorney fees,/states/nevada-lawyer-costs,0,17,0,51.1,0,11,50.7,0,6,51.8,83.3
how much do employment lawyers charge,/pages/employment-lawyer-cost,0,17,0,58.5,0,4,57.5,0,7,51.4,-42.9
how much does it cost for a lawyer to represent you in court,/states/missouri-lawyer-costs,0,17,0,9.2,0,5,6.8,0,9,8.9,-44.4
how much is a business lawyer,/pages/business-lawyer-cost,0,17,0,60.9,0,15,61.6,0,1,28,1400.0
how much is a defense attorney,/pages/criminal-defense-lawyer-cost,0,17,0,59.8,0,7,35.3,0,7,78.3,0.0
how much is a lawyer consultation fee,/pages/lawyer-consultation-fee,0,17,0,47.4,0,13,41.1,0,3,60.3,333.3
lawyer cost,/states/west-virginia-lawyer-costs,0,17,0,41.4,0,11,44.9,0,6,34.8,83.3
lawyer monthly payment,/states/minnesota-lawyer-costs,0,17,0,35.8,0,7,22.3,0,5,48.8,40.0
lawyers hourly rates,/states/tennessee-lawyer-costs,0,17,0,54.1,0,12,45,0,0,,
legal guides,/pages/legal-aid-guide,0,17,0,61.6,0,5,55.2,0,6,59.3,-16.7
attorney consultation subscription north louisiana,/states/louisiana-lawyer-costs,0,16,0,55.4,0,0,,0,15,52.9,-100.0
cost of a lawyer,/states/wisconsin-lawyer-costs,0,16,0,66.8,0,5,43,0,6,79,-16.7
divorce lawyer cost sioux falls sd,/states/south-dakota-lawyer-costs,0,16,0,67.7,0,4,45,0,6,72.5,-33.3
how much are attorney fees,/states/new-york-lawyer-costs,0,16,0,47.6,0,2,27,0,8,52.6,-75.0
how much does a divorce cost in montana,/states/montana-lawyer-costs,0,16,0,45.8,0,0,,0,4,70,-100.0
how much is a traffic lawyer in nj,/states/new-jersey-lawyer-costs,0,16,0,84.1,0,0,,0,3,76.7,-100.0
how much is an employment lawyer,/pages/employment-lawyer-cost,0,16,0,44.8,0,7,39.4,0,6,38.8,16.7
how much is the filing fee for small claims,/pages/small-claims-filing-fee-calculator,0,16,0,94.1,0,6,89.8,0,6,95.7,0.0
how much will a criminal defense lawyer cost,/pages/criminal-defense-lawyer-cost,0,16,0,64.1,0,4,50,0,5,58,-20.0
lawyer fees,/states/indiana-lawyer-costs,0,16,0,76.9,0,8,82.5,0,4,78,100.0
lawyer fees,/states/north-carolina-lawyer-costs,0,16,0,74.9,0,0,,0,9,77.4,-100.0
lawyer fees,/states/oklahoma-lawyer-costs,0,16,0,60.5,0,10,67.8,0,6,48.3,66.7
lawyer fees,/states/texas-lawyer-costs,0,16,0,65.2,0,10,52.2,0,2,89.5,400.0
how much does it cost for a lawyer to represent you in court,/states/mississippi-lawyer-costs,1,15,0.0667,8.1,0,6,6.7,0,4,8,50.0
lawyer fees,/states/mississippi-lawyer-costs,1,15,0.0667,50.7,1,11,53.5,0,4,42.8,175.0
attorney cost,/states/west-virginia-lawyer-costs,0,15,0,46.5,0,7,54.6,0,8,39.4,-12.5
cost of a lawyer,/states/california-lawyer-costs,0,15,0,84,0,1,98,0,6,90.5,-83.3
costs of hiring a mesothelioma lawyer,/pages/mesothelioma-lawyer-cost,0,15,0,50.7,0,7,41,0,3,58.3,133.3
how much do business lawyers cost,/states/new-york-lawyer-costs,0,15,0,32.1,0,13,28.9,0,1,36,1200.0
how much do lawyers make in colorado,/states/colorado-lawyer-costs,0,15,0,37.4,0,12,36.6,0,1,37,1100.0
how much does a bankruptcy lawyer cost,/pages/bankruptcy-lawyer-cost,0,15,0,74.5,0,10,76.5,0,5,70.6,100.0
how much does a business attorney cost,/pages/business-lawyer-cost,0,15,0,76.9,0,11,80,0,3,59.3,266.7
how much does a criminal defense lawyer cost in texas,/states/texas-lawyer-costs,0,15,0,93.7,0,2,95,0,4,93.5,-50.0
how much does a divorce cost in new mexico,/states/new-mexico-lawyer-costs,0,15,0,45.9,0,5,20.4,0,2,60,150.0
how much does a good dui lawyer cost,/pages/dui-lawyer-cost,0,15,0,59.2,0,5,57.2,0,10,60.2,-50.0
how much does a will cost in arkansas,/states/arkansas-lawyer-costs,0,15,0,19.9,0,15,19.9,0,0,,
how much does an estate planning lawyer cost,/pages/estate-planning-lawyer-cost,0,15,0,71.5,0,1,53,0,3,63.3,-66.7
immigration lawyer cost,/pages/immigration-lawyer-cost,0,15,0,64.3,0,13,63.5,0,2,69.5,550.0
lawyer consultant cost,/states/florida-lawyer-costs,0,15,0,84.9,0,0,,0,8,80.4,-100.0
lawyer cost,/states/kentucky-lawyer-costs,0,15,0,51.1,0,2,8.5,0,13,57.7,-84.6
lawyer fees for small business,/pages/business-lawyer-cost,0,15,0,81.5,0,5,87,0,6,66.5,-16.7
lawyer pricing,/states/west-virginia-lawyer-costs,0,15,0,79.7,0,0,,0,15,79.7,-100.0
louisiana divorce cost,/states/louisiana-lawyer-costs,0,15,0,83.1,0,0,,0,9,77.4,-100.0
attorney fee calculator,/pages/legal-fee-calculator,0,14,0,55.1,0,6,30.5,0,5,75.4,20.0
attorney fees calculator,/pages/legal-fee-calculator,0,14,0,57.4,0,7,46.4,0,3,69.7,133.3
estate planning lawyer fees,/pages/estate-planning-lawyer-cost,0,14,0,77.5,0,3,74.3,0,3,96.7,0.0
how much do business lawyers cost,/pages/business-lawyer-cost,0,14,0,70.4,0,12,71.2,0,1,44,1100.0
how much does a bankruptcy lawyer cost in missouri,/states/missouri-lawyer-costs,0,14,0,77.8,0,5,70.2,0,7,80.3,-28.6
how much does a consumer protection lawyer cost,/states/california-lawyer-costs,0,14,0,29.1,0,10,10.2,0,1,8,900.0
how much does a divorce lawyer cost colorado,/states/colorado-lawyer-costs,0,14,0,38.5,0,5,29.6,0,7,43.6,-28.6
how much does a lawyer cost per hour,/states/colorado-lawyer-costs,0,14,0,32.4,0,1,11,0,0,,
how much does an eeoc lawyer cost?,/pages/employment-lawyer-cost,0,14,0,60.6,0,0,,0,2,76,-100.0
how much does an insurance lawyer cost,/states/florida-lawyer-costs,0,14,0,78.6,0,1,79,0,13,78.6,-92.3
how much does it cost for a lawyer to represent you in court,/states/indiana-lawyer-costs,0,14,0,7.2,0,7,4.1,0,6,9.8,16.7
how much does it cost for a lawyer to represent you in court,/states/massachusetts-lawyer-costs,0,14,0,9.6,0,10,9.2,0,4,10.8,150.0
how much does it cost for a lawyer to represent you in court,/states/michigan-lawyer-costs,0,14,0,8.5,0,7,6.9,0,6,10.2,16.7
how much does it cost for a lawyer to represent you in court,/states/minnesota-lawyer-costs,0,14,0,9.4,0,3,9,0,5,8.2,-40.0
how much does it cost for a lawyer to represent you in court,/states/oklahoma-lawyer-costs,0,14,0,8.9,0,8,9,0,5,9,60.0
how much for attorney,/states/south-carolina-lawyer-costs,0,14,0,69,0,4,53,0,3,70.3,33.3
how much is a criminal lawyer,/pages/criminal-defense-lawyer-cost,0,14,0,58.2,0,7,58.1,0,6,52,16.7
how much is an attorney,/states/new-york-lawyer-costs,0,14,0,21.2,0,9,11.7,0,4,27.2,125.0
lawyer cost,/states/illinois-lawyer-costs,0,14,0,91.1,0,8,93.5,0,2,70,300.0
lawyer fee,/states/new-york-lawyer-costs,0,14,0,12.9,0,11,9.5,0,2,22.5,450.0
lawyer fees,/states/nevada-lawyer-costs,0,14,0,34.6,0,12,39,0,2,8,500.0
lawyer prices,/states/new-york-lawyer-costs,0,14,0,13.5,0,5,7,0,6,13.5,-16.7
lawyers near me,/pages/hourly-vs-flat-fee-lawyer,0,14,0,2.8,0,14,2.8,0,0,,
real estate attorney cost,/pages/real-estate-lawyer-cost,0,14,0,81.4,0,8,78.5,0,2,83,300.0
real estate lawyer consultation fee,/pages/real-estate-lawyer-cost,0,14,0,56.9,0,11,57.1,0,3,56.3,266.7
what do personal injury lawyers charge,/states/new-york-lawyer-costs,0,14,0,73.2,0,6,68.3,0,8,76.9,-25.0
affordable lawyer north louisiana,/states/louisiana-lawyer-costs,0,13,0,55.9,0,0,,0,13,55.9,-100.0
attorney consultation fee,/pages/lawyer-consultation-fee,0,13,0,76.1,0,4,50.8,0,6,83.7,-33.3
attorney fees calculator,/pages/lawyer-cost-calculator,0,13,0,54.8,0,2,60,0,3,63,-33.3
attorney fees in florida,/states/florida-lawyer-costs,0,13,0,58.5,0,6,54,0,4,60.5,50.0
average lawyer fees,/states/texas-lawyer-costs,0,13,0,33.9,0,13,33.9,0,0,,
contingency fee glossary,/pages/contingency-fee-explained,0,13,0,77.8,0,4,54.5,0,5,94.4,-20.0
employment lawyers nyc,/pages/employment-lawyer-cost,0,13,0,2,0,8,2,0,5,2,60.0
flat fee legal services union parish,/states/louisiana-lawyer-costs,0,13,0,28.4,0,0,,0,13,28.4,-100.0
how much are court fees in virginia,/states/virginia-lawyer-costs,0,13,0,42.5,0,4,29.8,0,6,43.3,-33.3
how much do employment lawyers cost,/pages/employment-lawyer-cost,0,13,0,59.4,0,3,42.3,0,5,53.6,-40.0
how much does a consultation cost,/pages/lawyer-consultation-fee,0,13,0,37.8,0,12,34.1,0,0,,
how much does a defense attorney cost,/pages/criminal-defense-lawyer-cost,0,13,0,57.6,0,6,42.8,0,6,67.2,0.0
how much does a divorce cost in nebraska,/states/nebraska-lawyer-costs,0,13,0,60.1,0,0,,0,5,59.4,-100.0
how much does a lawyer cost,/states/colorado-lawyer-costs,0,13,0,18.8,0,4,9.8,0,1,12,300.0
how much does a lawyer cost,/states/maryland-lawyer-costs,0,13,0,10.5,0,11,10.5,0,2,11,450.0
how much does a lawyer cost,/states/new-mexico-lawyer-costs,0,13,0,8.8,0,6,7,0,4,9.5,50.0
how much does a prenup cost in virginia,/states/virginia-lawyer-costs,0,13,0,69.5,0,0,,0,3,70,-100.0
how much does an attorney cost,/states/pennsylvania-lawyer-costs,0,13,0,10.7,0,12,10.6,0,1,12,1100.0
how much does criminal defense attorney cost,/pages/criminal-defense-lawyer-cost,0,13,0,73.8,0,1,57,0,7,68.9,-85.7
how much does it cost for a lawyer to represent you in court,/states/illinois-lawyer-costs,0,13,0,10.4,0,8,9.6,0,3,9.7,166.7
how much does it cost for a lawyer to represent you in court,/states/maryland-lawyer-costs,0,13,0,9.2,0,4,7.2,0,6,10,-33.3
how much does it cost for a lawyer to represent you in court,/states/tennessee-lawyer-costs,0,13,0,8.8,0,7,8.1,0,6,9.5,16.7
how much is a dui lawyer,/pages/dui-lawyer-cost,0,13,0,40.8,0,8,49.5,0,4,17.8,100.0
how much is it to hire a lawyer,/states/minnesota-lawyer-costs,0,13,0,36.2,0,2,35.5,0,7,38.3,-71.4
how to calculate personal injury settlement,/pages/personal-injury-settlement-calculator,0,13,0,89.5,0,0,,0,10,87.8,-100.0
how to pay for a lawyer,/states/utah-lawyer-costs,0,13,0,94.1,0,4,96,0,9,93.2,-55.6
is a real estate attorney cheaper than a realtor?,/pages/real-estate-lawyer-cost,0,13,0,83.9,0,8,83,0,5,85.4,60.0
kevin reddington cost,/states/massachusetts-lawyer-costs,0,13,0,1,0,13,1,0,0,,
lawyer cost,/states/mississippi-lawyer-costs,0,13,0,37.7,0,1,8,0,11,43,-90.9
lawyer hourly rate,/states/tennessee-lawyer-costs,0,13,0,33.5,0,13,33.5,0,0,,
lawyer salary hawaii,/states/hawaii-lawyer-costs,0,13,0,32.5,0,6,30,0,6,33.7,0.0
lawyers hourly rates,/states/missouri-lawyer-costs,0,13,0,77.3,0,0,,0,0,,
legal costs,/,0,13,0,65.1,0,8,62.1,0,1,64,700.0
nevada probate attorney fees,/states/nevada-lawyer-costs,0,13,0,73.2,0,9,80.7,0,1,46,800.0
real estate attorney new jersey,/states/new-jersey-lawyer-costs,0,13,0,2,0,11,2,0,2,2,450.0
real estate attorney st louis,/states/missouri-lawyer-costs,0,13,0,2,0,0,,0,0,,
save money on divorce attorney fees in az,/states/arizona-lawyer-costs,0,13,0,63.3,0,2,62,0,6,60.8,-66.7
attorney consultant cost,/states/texas-lawyer-costs,0,12,0,76.9,0,0,,0,9,77.1,-100.0
attorney cost,/states/massachusetts-lawyer-costs,0,12,0,33,0,5,14.2,0,6,46.7,-16.7
attorney fees california,/states/california-lawyer-costs,0,12,0,53.8,0,3,49,0,6,52.7,-50.0
average cost of estate planning attorney,/pages/estate-planning-lawyer-cost,0,12,0,71.6,0,0,,0,5,65.6,-100.0
criminal defense attorney fees,/states/missouri-lawyer-costs,0,12,0,70.8,0,4,64.5,0,3,56.3,33.3
criminal defense lawyer fees,/states/utah-lawyer-costs,0,12,0,38.8,0,0,,0,6,30,-100.0
dui lawyer cost,/pages/dui-lawyer-cost,0,12,0,70.3,0,5,76.6,0,7,65.9,-28.6
employment contract review cost,/pages/employment-lawyer-cost,0,12,0,46.9,0,3,45,0,7,47.6,-57.1
flat fee legal services near me,/states/louisiana-lawyer-costs,0,12,0,32.8,0,0,,0,12,32.8,-100.0
how much do lawyers cost,/states/idaho-lawyer-costs,0,12,0,15.6,0,6,13.2,0,1,15,500.0
how much does a good lawyer cost,/states/wisconsin-lawyer-costs,0,12,0,95.1,0,0,,0,12,95.1,-100.0
how much does a lawyer cost,/states/pennsylvania-lawyer-costs,0,12,0,10.2,0,12,10.2,0,0,,
how much does it cost for a lawyer to represent you in court,/states/pennsylvania-lawyer-costs,0,12,0,9.7,0,6,10,0,5,8.8,20.0
how much does it cost to respond to a civil lawsuit in nj,/states/new-jersey-lawyer-costs,0,12,0,43.2,0,3,26.3,0,5,40,-40.0
how much does it cost to talk to a lawyer,/states/new-york-lawyer-costs,0,12,0,43.3,0,10,44.4,0,1,12,900.0
how much is a defense attorney,/states/rhode-island-lawyer-costs,0,12,0,49.9,0,1,100,0,5,36.2,-80.0
how much is a personal injury lawyer,/states/new-york-lawyer-costs,0,12,0,71.1,0,7,58.7,0,2,79,250.0
lawyer fee calculator,/pages/lawyer-cost-calculator,0,12,0,50.8,0,3,55,0,3,56,0.0
lawyers hourly rates,/states/idaho-lawyer-costs,0,12,0,61.2,0,1,31,0,0,,
lawyers payment,/states/minnesota-lawyer-costs,0,12,0,66.2,0,4,35.5,0,4,80.8,0.0
legal consulting fees,/states/california-lawyer-costs,0,12,0,80.7,0,0,,0,5,85,-100.0
legal insurance cost,/states/new-york-lawyer-costs,0,12,0,46.2,0,5,50.4,0,3,41.3,66.7
new jersey attorney fees,/states/new-jersey-lawyer-costs,0,12,0,38.1,0,4,27.5,0,3,39,33.3
power of attorney cost texas,/states/texas-lawyer-costs,0,12,0,62.3,0,7,52.9,0,4,76,75.0
attorney cost,/states/missouri-lawyer-costs,0,11,0,66.4,0,4,41.8,0,7,80.4,-42.9
attorney cost,/states/north-carolina-lawyer-costs,0,11,0,71.6,0,1,11,0,8,76.8,-87.5
attorney fee,/states/new-york-lawyer-costs,0,11,0,17.1,0,8,12.8,0,2,22.5,300.0
attorneys fees california,/states/california-lawyer-costs,0,11,0,68.5,0,2,69.5,0,6,66,-66.7
employment lawyer costs,/pages/employment-lawyer-cost,0,11,0,73.8,0,3,67.7,0,5,78.6,-40.0
how much are lawyers,/states/california-lawyer-costs,0,11,0,17.5,0,8,9.4,0,2,33,300.0
how much do criminal defense lawyers cost,/pages/criminal-defense-lawyer-cost,0,11,0,49.1,0,9,47.7,0,2,55.5,350.0
how much do lawyers cost,/states/south-carolina-lawyer-costs,0,11,0,61.5,0,0,,0,4,75.2,-100.0
how much does a divorce lawyer cost in wisconsin,/states/wisconsin-lawyer-costs,0,11,0,64.2,0,3,75.7,0,3,65.3,0.0
how much does a felony defense attorney cost,/pages/criminal-defense-lawyer-cost,0,11,0,52.9,0,4,39.8,0,7,60.4,-42.9
how much does a lawyer cost,/states/arkansas-lawyer-costs,0,11,0,8.4,0,9,7.6,0,2,12,350.0
how much does a lawyer cost,/states/indiana-lawyer-costs,0,11,0,10.2,0,9,9.8,0,2,12,350.0
how much does a mesothelioma lawyer cost,/pages/mesothelioma-lawyer-cost,0,11,0,56.2,0,2,32,0,3,51.3,-33.3
how much does a small business lawyer cost,/states/new-york-lawyer-costs,0,11,0,41.5,0,9,35.2,0,0,,
how much does an attorney cost,/states/idaho-lawyer-costs,0,11,0,17.6,0,4,13.2,0,2,27.5,100.0
how much does an attorney cost,/states/wisconsin-lawyer-costs,0,11,0,48.8,0,4,26.8,0,6,71,-33.3
how much does hiring a lawyer cost,/states/new-york-lawyer-costs,0,11,0,33.8,0,2,30.5,0,5,33,-60.0
how much does it cost for a lawyer,/pages/how-much-does-a-lawyer-cost,0,11,0,61,0,1,74,0,4,70.8,-75.0
how much does it cost for a lawyer to represent you in court,/states/north-carolina-lawyer-costs,0,11,0,10.9,0,6,10.3,0,1,12,500.0
how much does it cost for a lawyer to represent you in court,/states/west-virginia-lawyer-costs,0,11,0,6.9,0,4,4,0,5,8.8,-20.0
how much does it cost for a lawyer to represent you in court,/states/wisconsin-lawyer-costs,0,11,0,10.2,0,4,9,0,5,11.2,-20.0
how much does it cost to hire a lawyer,/states/new-york-lawyer-costs,0,11,0,41.8,0,9,33.7,0,1,85,800.0
how much is a criminal defense attorney,/pages/criminal-defense-lawyer-cost,0,11,0,67.1,0,4,55.5,0,5,65.6,-20.0
how much is a criminal defense lawyer,/pages/criminal-defense-lawyer-cost,0,11,0,47.2,0,7,44.1,0,3,49,133.3
how much is an immigration lawyer,/pages/immigration-lawyer-cost,0,11,0,73.7,0,9,68.6,0,1,96,800.0
lawyer cost,/states/louisiana-lawyer-costs,0,11,0,42.1,0,2,11,0,2,8,0.0
lawyer fee,/states/wisconsin-lawyer-costs,0,11,0,56.8,0,8,50,0,3,75,166.7
lawyer fees,/states/washington-lawyer-costs,0,11,0,68.1,0,5,65.4,0,2,65,150.0
lawyer pricing,/states/indiana-lawyer-costs,0,11,0,94.6,0,0,,0,6,96.7,-100.0
lawyer pricing,/states/washington-lawyer-costs,0,11,0,90.5,0,0,,0,6,90.7,-100.0
lawyers fees,/states/new-york-lawyer-costs,0,11,0,18.5,0,6,10.2,0,4,22.2,50.0
power of attorney illinois cost,/states/illinois-lawyer-costs,0,11,0,62.9,0,5,50.6,0,2,68,150.0
real estate attorney fees louisiana,/states/louisiana-lawyer-costs,0,11,0,38.8,0,8,26.4,0,0,,
how much does a good lawyer cost,/states/south-carolina-lawyer-costs,1,10,0.1,77.6,0,1,81,1,1,1,0.0
attorney cost,/states/mississippi-lawyer-costs,0,10,0,35.6,0,1,9,0,9,38.6,-88.9
attorney fee calculator,/pages/lawyer-cost-calculator,0,10,0,59.1,0,2,63.5,0,4,62,-50.0
attorneys in jackson mississippi,/states/mississippi-lawyer-costs,0,10,0,3,0,0,,0,0,,
average retainer fee for employment lawyer,/pages/employment-lawyer-cost,0,10,0,69.7,0,2,49.5,0,3,69,-33.3
business lawyer rates,/pages/business-lawyer-cost,0,10,0,50.1,0,4,42,0,4,41.8,0.0
compare hourly vs retainer legal support,/pages/hourly-vs-flat-fee-lawyer,0,10,0,70.8,0,0,,0,0,,
contingency pricing,/pages/contingency-fee-explained,0,10,0,63.9,0,5,42.6,0,2,81.5,150.0
contingent cost,/pages/contingency-fee-explained,0,10,0,72.3,0,2,46.5,0,5,75,-60.0
cost of an employment lawyer,/pages/employment-lawyer-cost,0,10,0,65.2,0,3,68.7,0,4,57.8,-25.0
defense cases consultation fee,/pages/lawyer-consultation-fee,0,10,0,48.2,0,4,34.5,0,6,57.3,-33.3
florida lawyer fees,/states/florida-lawyer-costs,0,10,0,49,0,5,45.8,0,3,48.7,66.7
how much do elder law attorneys charge per hour,/states/minnesota-lawyer-costs,0,10,0,73.7,0,1,49,0,4,72.5,-75.0
how much does a defense lawyer cost,/pages/criminal-defense-lawyer-cost,0,10,0,53.5,0,3,46.3,0,6,55.5,-50.0
how much does a divorce cost in louisiana,/states/louisiana-lawyer-costs,0,10,0,76.5,0,2,53.5,0,6,85.3,-66.7
how much does a lawyer cost,/states/minnesota-lawyer-costs,0,10,0,9.1,0,8,9.9,0,2,6,300.0
how much does an m&a lawyer cost?,/states/arkansas-lawyer-costs,0,10,0,83.3,0,6,80.3,0,4,87.8,50.0
how much does it cost for a lawyer to represent you in court,/states/texas-lawyer-costs,0,10,0,10.4,0,6,8.3,0,4,13.5,50.0
how much for attorney,/states/california-lawyer-costs,0,10,0,80.2,0,0,,0,2,87.5,-100.0
how much is a business attorney,/states/new-york-lawyer-costs,0,10,0,45.1,0,10,45.1,0,0,,
how much is a lawyer,/states/arkansas-lawyer-costs,0,10,0,11.7,0,10,11.7,0,0,,
how much is a lawyer in california,/states/california-lawyer-costs,0,10,0,35,0,4,23.5,0,3,48.3,33.3
how much is an attorney,/states/south-carolina-lawyer-costs,0,10,0,48.6,0,5,20.4,0,2,47,150.0
how much is an attorney,/states/west-virginia-lawyer-costs,0,10,0,38.4,0,4,26.8,0,6,46.2,-33.3
law pro fees,/states/indiana-lawyer-costs,0,10,0,64.8,0,3,62,0,4,65.5,-25.0
lawyer fee,/states/mississippi-lawyer-costs,0,10,0,69.9,0,5,73.2,0,5,66.6,0.0
lawyer fee calculator,/pages/legal-fee-calculator,0,10,0,45.7,0,3,45.7,0,3,23.3,0.0
lawyer fees in california,/states/california-lawyer-costs,0,10,0,55.6,0,4,53.2,0,3,39.7,33.3
lawyers consultation fees,/pages/lawyer-consultation-fee,0,10,0,75.5,0,8,73.4,0,2,84,300.0
legal advice cost,/states/pennsylvania-lawyer-costs,0,10,0,90.9,0,5,91.2,0,2,87,150.0
legal consultation fee,/states/new-york-lawyer-costs,0,10,0,41.5,0,1,89,0,3,40.3,-66.7
nj real estate lawyer fees,/states/new-jersey-lawyer-costs,0,10,0,73,0,1,53,0,2,69.5,-50.0
private lawyer cost,/states/new-york-lawyer-costs,0,10,0,14.1,0,3,12.3,0,6,14.8,-50.0
how much does it cost for a lawyer to represent you in court,/states/arizona-lawyer-costs,1,9,0.1111,10.3,0,5,7.8,1,3,15,66.7
are consultations free,/pages/lawyer-consultation-fee,0,9,0,81.2,0,0,,0,3,78.7,-100.0
are lawyer consultations free,/pages/lawyer-consultation-fee,0,9,0,74.7,0,0,,0,5,71.2,-100.0
attorney cost,/states/new-york-lawyer-costs,0,9,0,21,0,4,18,0,4,20.2,0.0
attorney price,/states/new-york-lawyer-costs,0,9,0,13.4,0,4,9,0,4,14.8,0.0
attorney price,/states/oklahoma-lawyer-costs,0,9,0,41.2,0,1,33,0,5,20.2,-80.0
attorney price,/states/south-carolina-lawyer-costs,0,9,0,47.8,0,2,8,0,4,63.8,-50.0
attorney pricing,/states/utah-lawyer-costs,0,9,0,97.2,0,9,97.2,0,0,,
average cost of a lawyer,/states/wisconsin-lawyer-costs,0,9,0,80.9,0,1,54,0,7,84.6,-85.7
average cost of a will in nebraska,/states/nebraska-lawyer-costs,0,9,0,24.9,0,1,27,0,1,14,0.0
average hourly rate an attoreny charges dalals tx,/states/texas-lawyer-costs,0,9,0,50.7,0,4,51.5,0,4,49.5,0.0
average lawyer fees,/states/tennessee-lawyer-costs,0,9,0,82.1,0,8,84.6,0,1,62,700.0
average legal fees,/states/new-york-lawyer-costs,0,9,0,18.4,0,3,11.7,0,4,25,-25.0
civil litigation attorney cost,/states/new-york-lawyer-costs,0,9,0,7.8,0,4,7,0,5,8.4,-20.0
contract attorney rates,/states/south-carolina-lawyer-costs,0,9,0,54.1,0,3,36,0,4,61.2,-25.0
cost of a lawyer,/states/south-carolina-lawyer-costs,0,9,0,84.3,0,4,90.5,0,3,77,33.3
cost of a lawyer,/states/utah-lawyer-costs,0,9,0,61.9,0,5,68.2,0,4,54,25.0
cost of lawyer consultation,/pages/lawyer-consultation-fee,0,9,0,52.4,0,6,37.3,0,0,,
criminal attorney fees,/states/new-york-lawyer-costs,0,9,0,29.8,0,2,15,0,7,34,-71.4
filing fee calculator,/pages/small-claims-filing-fee-calculator,0,9,0,61.6,0,1,54,0,2,64.5,-50.0
florida consumer protection attorney hourly rate 2026,/states/florida-lawyer-costs,0,9,0,8.4,0,0,,0,0,,
how much do criminal defense lawyers charge,/pages/criminal-defense-lawyer-cost,0,9,0,61,0,5,53.2,0,3,66.3,66.7
how much do dui lawyers cost,/pages/dui-lawyer-cost,0,9,0,33.1,0,7,22.3,0,2,71,250.0
how much do estate planning attorneys make,/states/minnesota-lawyer-costs,0,9,0,63.3,0,6,61.5,0,3,67,100.0
how much do lawyers cost,/states/pennsylvania-lawyer-costs,0,9,0,10.9,0,8,10.9,0,1,11,700.0
how much does a business attorney cost,/states/new-york-lawyer-costs,0,9,0,47.2,0,8,44.1,0,0,,
how much does a divorce attorney cost in illinois,/states/illinois-lawyer-costs,0,9,0,93.6,0,0,,0,9,93.6,-100.0
how much does a divorce lawyer cost in illinois,/states/illinois-lawyer-costs,0,9,0,95.4,0,0,,0,5,95.6,-100.0
how much does a divorce lawyer cost in ny,/states/new-york-lawyer-costs,0,9,0,55.3,0,0,,0,9,55.3,-100.0
how much does a good lawyer cost,/pages/can-i-afford-a-lawyer,0,9,0,79.8,0,2,61,0,5,84.8,-60.0
how much does a labor lawyer cost,/pages/employment-lawyer-cost,0,9,0,63.7,0,3,64.7,0,2,52.5,50.0
how much does a lawyer charge to file a lien,/states/texas-lawyer-costs,0,9,0,72.2,0,3,57,0,3,67.7,0.0
how much does a lawyer cost,/states/oregon-lawyer-costs,0,9,0,8.9,0,7,8.6,0,2,10,250.0
how much does a lawyer cost in texas,/states/texas-lawyer-costs,0,9,0,31.2,0,7,25.6,0,0,,
how much does a real estate attorney cost south carolina,/states/south-carolina-lawyer-costs,0,9,0,67.4,0,3,42.7,0,2,62.5,50.0
how much does a traffic lawyer cost in missouri,/states/missouri-lawyer-costs,0,9,0,52.4,0,4,48.5,0,2,55.5,100.0
how much does divorce cost in south dakota,/states/south-dakota-lawyer-costs,0,9,0,42.1,0,3,41,0,3,41.3,0.0
how much does employment lawyer cost,/pages/employment-lawyer-cost,0,9,0,54.9,0,3,38,0,3,43.3,0.0
how much does it cost for a lawyer to represent you in court,/states/connecticut-lawyer-costs,0,9,0,9.9,0,2,8,0,1,8,100.0
how much does it cost for a lawyer to represent you in court,/states/iowa-lawyer-costs,0,9,0,8.7,0,4,8.5,0,2,7.5,100.0
how much does it cost for a lawyer to represent you in court,/states/new-mexico-lawyer-costs,0,9,0,9.8,0,2,9,0,6,9.5,-66.7
how much does it cost for a lawyer to represent you in court,/states/virginia-lawyer-costs,0,9,0,9.8,0,4,8.8,0,5,10.6,-20.0
how much does it cost to talk to a lawyer,/pages/how-much-does-a-lawyer-cost,0,9,0,58.2,0,2,67,0,3,56,-33.3
how much does lawyers cost,/pages/how-much-does-a-lawyer-cost,0,9,0,56.4,0,1,51,0,2,51,-50.0
how much is a attorney,/states/new-york-lawyer-costs,0,9,0,26.2,0,3,8.7,0,5,24,-40.0
how much is a business attorney,/pages/business-lawyer-cost,0,9,0,67.2,0,8,67.2,0,1,67,700.0
how much is a lawyer consultation fee,/states/new-york-lawyer-costs,0,9,0,33.6,0,2,23.5,0,4,29.2,-50.0
how much is a traffic lawyer california,/states/california-lawyer-costs,0,9,0,92,0,4,89.2,0,4,93,0.0
how much is an attorney,/states/utah-lawyer-costs,0,9,0,60.9,0,5,58.6,0,4,63.8,25.0
jc guidelines calculator,/pages/personal-injury-settlement-calculator,0,9,0,87.7,0,1,95,0,4,87.8,-75.0
lawyer cost,/states/georgia-lawyer-costs,0,9,0,34.8,0,5,21.6,0,2,48.5,150.0
lawyer cost,/states/virginia-lawyer-costs,0,9,0,66.9,0,0,,0,4,51.2,-100.0
lawyer costs,/states/south-carolina-lawyer-costs,0,9,0,57.8,0,3,37.7,0,4,60.8,-25.0
lawyer fee,/states/arizona-lawyer-costs,0,9,0,36.6,0,3,22.7,0,2,42.5,50.0
lawyer fee,/states/california-lawyer-costs,0,9,0,82.4,0,0,,0,7,91.7,-100.0
lawyer fee,/states/florida-lawyer-costs,0,9,0,88.4,0,2,95,0,6,87.7,-66.7
lawyer fees,/states/virginia-lawyer-costs,0,9,0,74.4,0,0,,0,0,,
lawyer price,/states/new-york-lawyer-costs,0,9,0,32.1,0,4,8,0,2,22.5,100.0
lawyer salary mississippi,/states/mississippi-lawyer-costs,0,9,0,37.9,0,2,32,0,3,39,-33.3
lawyers fee,/states/south-carolina-lawyer-costs,0,9,0,80.8,0,2,90.5,0,4,74,-50.0
legal fees,/states/kentucky-lawyer-costs,0,9,0,82,0,2,85,0,7,81.1,-71.4
new york attorney registration fee,/states/new-york-lawyer-costs,0,9,0,38.1,0,3,32.7,0,2,41.5,50.0
real estate attorney milwaukee,/states/wisconsin-lawyer-costs,0,9,0,2.8,0,9,2.8,0,0,,
small business lawyer fees,/pages/business-lawyer-cost,0,9,0,61.4,0,1,47,0,6,61,-83.3
attorney cost,/states/alabama-lawyer-costs,0,8,0,68.8,0,1,3,0,6,80.8,-83.3
attorney cost,/states/indiana-lawyer-costs,0,8,0,78.5,0,7,88.1,0,1,11,600.0
attorney cost,/states/kentucky-lawyer-costs,0,8,0,50.1,0,1,10,0,7,55.9,-85.7
attorney cost,/states/texas-lawyer-costs,0,8,0,55,0,8,55,0,0,,
attorney costs,/states/wisconsin-lawyer-costs,0,8,0,51.6,0,4,55.8,0,4,47.5,0.0
attorney fee dispute ohio,/states/ohio-lawyer-costs,0,8,0,42.6,0,6,41.2,0,2,47,200.0
attorney fees,/states/texas-lawyer-costs,0,8,0,55.1,0,8,55.1,0,0,,
attorney fees recovery indiana,/states/indiana-lawyer-costs,0,8,0,15.9,0,5,13.2,0,2,19.5,150.0
attorney prices,/states/new-york-lawyer-costs,0,8,0,13.9,0,2,8.5,0,4,14.2,-50.0
average cost for a dui lawyer,/states/new-york-lawyer-costs,0,8,0,47.5,0,1,36,0,5,42.8,-80.0
average cost of an attorney,/states/louisiana-lawyer-costs,0,8,0,10.4,0,8,10.4,0,0,,
average cost of lawyer for small business,/pages/business-lawyer-cost,0,8,0,72.6,0,4,55.5,0,1,76,300.0
cases consultation fee,/pages/lawyer-consultation-fee,0,8,0,53.6,0,5,43.8,0,2,74,150.0
child support lawyer cost,/states/minnesota-lawyer-costs,0,8,0,72.8,0,5,70.4,0,2,75,150.0
cost of a lawyer,/states/alabama-lawyer-costs,0,8,0,79.2,0,0,,0,4,91.5,-100.0
cost of attorney,/states/oklahoma-lawyer-costs,0,8,0,63,0,7,61.6,0,1,73,600.0
cost to hire a lawyer,/pages/how-much-does-a-lawyer-cost,0,8,0,71.6,0,0,,0,6,71.7,-100.0
employment lawyer hourly rates,/pages/employment-lawyer-cost,0,8,0,74.9,0,2,91,0,2,61.5,0.0
how much are lawyers,/states/arizona-lawyer-costs,0,8,0,10.6,0,7,10.9,0,1,9,600.0
how much do estate planning attorneys charge,/pages/estate-planning-lawyer-cost,0,8,0,72.9,0,1,59,0,3,66.7,-66.7
how much do lawyers cost for criminal defense,/pages/criminal-defense-lawyer-cost,0,8,0,71.9,0,4,71.5,0,4,72.2,0.0
how much do lawyers make in utah,/states/utah-lawyer-costs,0,8,0,33.6,0,3,32.7,0,2,33.5,50.0
how much does a civil lawyer cost,/states/new-york-lawyer-costs,0,8,0,24.2,0,6,11.3,0,1,51,500.0
how much does a consumer protection lawyer cost,/states/new-york-lawyer-costs,0,8,0,14.2,0,3,20,0,4,10.8,-25.0
how much does a criminal defense lawyer cost?,/pages/criminal-defense-lawyer-cost,0,8,0,52.6,0,4,49.2,0,3,55,33.3
how much does a discrimination lawyer cost,/pages/employment-lawyer-cost,0,8,0,60.5,0,0,,0,0,,
how much does a dui lawyer cost in georgia,/states/georgia-lawyer-costs,0,8,0,58,0,1,95,0,6,53.8,-83.3
how much does a lawyer charge for an appeal,/states/south-carolina-lawyer-costs,0,8,0,83,0,3,85,0,1,74,200.0
how much does a lawyer cost,/states/new-hampshire-lawyer-costs,0,8,0,9.8,0,4,8.2,0,3,11,33.3
how much does a lawyer cost,/states/new-jersey-lawyer-costs,0,8,0,10.2,0,3,8,0,4,11.5,-25.0
how much does a lawyer cost,/states/west-virginia-lawyer-costs,0,8,0,11.1,0,2,10.5,0,5,11.4,-60.0
how much does a lawyer cost in california,/states/california-lawyer-costs,0,8,0,53.6,0,4,45.2,0,0,,
how much does a misdemeanor defense attorney cost,/pages/criminal-defense-lawyer-cost,0,8,0,61.4,0,1,53,0,4,58,-75.0
how much does a personal injury lawyer cost,/states/new-york-lawyer-costs,0,8,0,54.6,0,3,46,0,3,53,0.0
how much does a power of attorney cost in texas,/states/texas-lawyer-costs,0,8,0,85.8,0,4,76.5,0,3,94,33.3
how much does a small business lawyer cost,/pages/business-lawyer-cost,0,8,0,59.4,0,5,55.2,0,1,34,400.0
how much does a wrongful termination lawyer cost,/pages/employment-lawyer-cost,0,8,0,74.6,0,0,,0,5,65.4,-100.0
how much does an attorney cost,/states/arizona-lawyer-costs,0,8,0,10.4,0,5,10.2,0,3,10.7,66.7
how much does an attorney cost,/states/massachusetts-lawyer-costs,0,8,0,8.5,0,7,8,0,1,12,600.0
how much does it cost for a lawyer to represent you in court,/states/arkansas-lawyer-costs,0,8,0,7.8,0,4,6.2,0,3,8.3,33.3
how much does it cost for a lawyer to represent you in court,/states/new-hampshire-lawyer-costs,0,8,0,6.1,0,4,4.5,0,4,7.8,0.0
how much does the average lawyer cost,/pages/how-much-does-a-lawyer-cost,0,8,0,65.1,0,1,92,0,2,55,-50.0
how much for attorney,/states/wisconsin-lawyer-costs,0,8,0,62.4,0,1,35,0,3,64.3,-66.7
how much for criminal defense attorney,/pages/criminal-defense-lawyer-cost,0,8,0,61.5,0,4,54.2,0,3,58.3,33.3
how much is a criminal lawyer,/states/rhode-island-lawyer-costs,0,8,0,55.8,0,0,,0,3,59,-100.0
how much is a divorce lawyer,/states/new-jersey-lawyer-costs,0,8,0,76.6,0,3,59,0,5,87.2,-40.0
how much is a good criminal defense lawyer,/pages/criminal-defense-lawyer-cost,0,8,0,58.5,0,2,50,0,5,60.6,-60.0
how much is a lawyer,/states/south-carolina-lawyer-costs,0,8,0,72.2,0,6,68.2,0,2,84.5,200.0
how much is a local criminal defense attorney,/pages/criminal-defense-lawyer-cost,0,8,0,64,0,0,,0,3,58,-100.0
how much is criminal defense lawyer,/pages/criminal-defense-lawyer-cost,0,8,0,64.8,0,1,51,0,4,54.8,-75.0
how much lawyers cost,/states/new-york-lawyer-costs,0,8,0,31.9,0,2,44,0,5,26,-60.0
how much will a lawyer cost for misdemeanor,/pages/criminal-defense-lawyer-cost,0,8,0,55.2,0,4,53,0,4,57.5,0.0
lawyer cost,/states/minnesota-lawyer-costs,0,8,0,9,0,4,8.2,0,1,9,300.0
lawyer costs,/states/wisconsin-lawyer-costs,0,8,0,59.9,0,4,38.5,0,3,86,33.3
lawyer fee,/states/new-jersey-lawyer-costs,0,8,0,10.6,0,7,10.4,0,1,12,600.0
lawyer fee,/states/texas-lawyer-costs,0,8,0,52.2,0,8,52.2,0,0,,
lawyer fees,/pages/how-much-does-a-lawyer-cost,0,8,0,79.1,0,1,90,0,4,79,-75.0
lawyer fees,/states/massachusetts-lawyer-costs,0,8,0,30.1,0,5,10,0,3,63.7,66.7
lawyer fees,/states/west-virginia-lawyer-costs,0,8,0,60.4,0,8,60.4,0,0,,
lawyer fees for estate settlement,/states/maryland-lawyer-costs,0,8,0,78.1,0,2,65.5,0,3,79.3,-33.3
lawyer prices,/states/south-carolina-lawyer-costs,0,8,0,19,0,1,6,0,1,10,0.0
lawyer pricing,/states/tennessee-lawyer-costs,0,8,0,92.6,0,0,,0,8,92.6,-100.0
lawyer rates,/states/maryland-lawyer-costs,0,8,0,74,0,2,92,0,2,46.5,0.0
lawyers fee,/states/new-york-lawyer-costs,0,8,0,31.8,0,3,18.3,0,1,30,200.0
lawyers fees calculator,/pages/lawyer-cost-calculator,0,8,0,57,0,2,60,0,2,65.5,0.0
legal consultation fee,/states/california-lawyer-costs,0,8,0,73.1,0,0,,0,2,73,-100.0
legal fee,/pages/legal-fee-calculator,0,8,0,65.2,0,2,69.5,0,4,65.5,-50.0
legal fees calculator,/pages/legal-fee-calculator,0,8,0,41.1,0,4,26.2,0,2,44,100.0
maryland bar dues,/states/maryland-lawyer-costs,0,8,0,30.8,0,2,23,0,2,29.5,0.0
personal lawyer cost,/states/new-york-lawyer-costs,0,8,0,20.6,0,3,12.7,0,2,16.5,50.0
real estate attorney baltimore,/states/maryland-lawyer-costs,0,8,0,2,0,8,2,0,0,,
solicitor fees,/states/massachusetts-lawyer-costs,0,8,0,45.5,0,4,33.5,0,4,57.5,0.0
st. louis real estate attorney hourly rate missouri,/states/missouri-lawyer-costs,0,8,0,10.8,0,6,10.5,0,1,12,500.0
standard lawyer fees,/states/wisconsin-lawyer-costs,0,8,0,48.5,0,0,,0,8,48.5,-100.0
unemployment attorney cost,/pages/employment-lawyer-cost,0,8,0,58.2,0,4,51,0,2,58.5,100.0
utah divorce attorney fees,/states/utah-lawyer-costs,0,8,0,57.8,0,2,74.5,0,2,47.5,0.0
utah workers compensation attorney fees,/states/utah-lawyer-costs,0,8,0,43.6,0,4,25.2,0,1,64,300.0
what is a consultation fee,/pages/lawyer-consultation-fee,0,8,0,55.2,0,5,43,0,1,44,400.0
a.r.s. 25-324,/states/arizona-lawyer-costs,0,7,0,43.7,0,4,37.8,0,2,50,100.0
attorney cost,/states/florida-lawyer-costs,0,7,0,78.7,0,1,86,0,4,85.5,-75.0
attorney fees,/states/new-york-lawyer-costs,0,7,0,27.7,0,3,24,0,3,27,0.0
attorney hourly rate california,/states/california-lawyer-costs,0,7,0,51.4,0,3,41.3,0,1,62,200.0
attorney pay per lead florida,/states/florida-lawyer-costs,0,7,0,77.3,0,2,58,0,3,88,-33.3
average cost of criminal defense attorney,/pages/criminal-defense-lawyer-cost,0,7,0,61,0,2,53,0,3,59.3,-33.3
california attorney fees,/states/california-lawyer-costs,0,7,0,48.9,0,2,18.5,0,3,56.3,-33.3
cases consultation fee required,/pages/lawyer-consultation-fee,0,7,0,53,0,4,44.5,0,2,59.5,100.0
consultation charges,/pages/lawyer-consultation-fee,0,7,0,60.6,0,3,39.7,0,1,75,200.0
consultation fee lawyer,/pages/lawyer-consultation-fee,0,7,0,60.1,0,3,43,0,1,79,200.0
contingent costs,/pages/contingency-fee-explained,0,7,0,74.4,0,2,44,0,2,83.5,0.0
cost of a lawyer,/states/new-york-lawyer-costs,0,7,0,21.9,0,2,12,0,3,16.7,-33.3
cost of an attorney,/states/new-york-lawyer-costs,0,7,0,20.3,0,3,11,0,3,22.7,0.0
cost of attorney,/states/texas-lawyer-costs,0,7,0,67.9,0,7,67.9,0,0,,
cost of divorce in kansas,/states/kansas-lawyer-costs,0,7,0,68.6,0,4,56.2,0,3,85,33.3
criminal defense attorney fees,/pages/criminal-defense-lawyer-cost,0,7,0,80.3,0,0,,0,7,80.3,-100.0
dupage county lawyer fees,/states/illinois-lawyer-costs,0,7,0,48.1,0,4,41.8,0,1,62,300.0
employment law contingency fee,/pages/employment-lawyer-cost,0,7,0,74.3,0,0,,0,1,63,-100.0
estate planning lawyer cost,/pages/estate-planning-lawyer-cost,0,7,0,67.9,0,1,87,0,4,68.8,-75.0
family law attorney prices,/states/wisconsin-lawyer-costs,0,7,0,10.7,0,7,10.7,0,0,,
georgia attorneys fees,/states/georgia-lawyer-costs,0,7,0,51.6,0,2,44,0,2,54.5,0.0
how much are criminal defense lawyers,/pages/criminal-defense-lawyer-cost,0,7,0,58.6,0,2,48.5,0,4,59,-50.0
how much do attorneys charge to set up an llc,/states/new-york-lawyer-costs,0,7,0,64.6,0,4,45.2,0,1,85,300.0
how much do criminal defense attorneys cost,/pages/criminal-defense-lawyer-cost,0,7,0,72,0,2,65.5,0,3,60,-33.3
how much do lawyers charge per hour,/states/tennessee-lawyer-costs,0,7,0,54.7,0,7,54.7,0,0,,
how much do mesothelioma lawyers make,/pages/mesothelioma-lawyer-cost,0,7,0,76.3,0,1,71,0,2,74.5,-50.0
how much do personal injury lawyers charge,/states/new-york-lawyer-costs,0,7,0,75.3,0,3,71.3,0,4,78.2,-25.0
how much does a business lawyer cost,/states/new-york-lawyer-costs,0,7,0,35.6,0,3,25,0,3,37.7,0.0
how much does a consultation with a lawyer cost,/pages/lawyer-consultation-fee,0,7,0,60.3,0,5,56.4,0,1,41,400.0
how much does a contract lawyer cost,/states/new-york-lawyer-costs,0,7,0,79.9,0,7,79.9,0,0,,
how much does a divorce cost in kansas,/states/kansas-lawyer-costs,0,7,0,41.4,0,5,44.4,0,2,34,150.0
how much does a divorce cost in missouri,/states/missouri-lawyer-costs,0,7,0,77.6,0,3,88,0,1,87,200.0
how much does a divorce lawyer cost in nj,/states/new-jersey-lawyer-costs,0,7,0,50,0,2,34,0,3,42.7,-33.3
how much does a divorce lawyer cost in pa,/states/pennsylvania-lawyer-costs,0,7,0,77.6,0,0,,0,3,69.3,-100.0
how much does a dui lawyer cost in florida,/pages/dui-lawyer-cost,0,7,0,71.7,0,0,,0,2,57.5,-100.0
how much does a good lawyer cost,/states/new-york-lawyer-costs,0,7,0,30.4,0,3,26.3,0,3,27,0.0
how much does a good lawyer cost,/states/tennessee-lawyer-costs,0,7,0,67,0,7,67,0,0,,
how much does a lawyer cost,/states/kansas-lawyer-costs,0,7,0,10.3,0,4,10.2,0,1,9,300.0
how much does a lawyer cost,/states/maine-lawyer-costs,0,7,0,8.6,0,5,7.6,0,1,9,400.0
how much does a lawyer cost,/states/massachusetts-lawyer-costs,0,7,0,14,0,4,11.5,0,3,17.3,33.3
how much does a lawyer cost,/states/nebraska-lawyer-costs,0,7,0,10.1,0,6,9.8,0,1,12,500.0
how much does a lawyer cost,/states/nevada-lawyer-costs,0,7,0,10.6,0,4,10.8,0,3,10.3,33.3
how much does a lawyer cost,/states/rhode-island-lawyer-costs,0,7,0,10.9,0,5,11,0,1,11,400.0
how much does a personal injury lawyer cost in michigan,/states/michigan-lawyer-costs,0,7,0,54.7,0,5,50.2,0,2,66,150.0
how much does a speeding ticket lawyer cost in louisiana,/states/louisiana-lawyer-costs,0,7,0,51.4,0,3,54.3,0,3,48,0.0
how much does an attorney cost,/states/tennessee-lawyer-costs,0,7,0,60.3,0,4,44,0,3,82,33.3
how much does an attorney cost,/states/utah-lawyer-costs,0,7,0,65.9,0,2,85.5,0,5,58,-60.0
how much does it cost for a lawyer,/states/new-york-lawyer-costs,0,7,0,32.4,0,6,31.8,0,1,36,500.0
how much does it cost for a lawyer to represent you in court,/states/colorado-lawyer-costs,0,7,0,7.4,0,6,7.7,0,1,6,500.0
how much dui lawyer cost,/states/new-york-lawyer-costs,0,7,0,43.4,0,1,39,0,5,35.8,-80.0
how much for attorney,/states/alabama-lawyer-costs,0,7,0,46,0,0,,0,3,59.7,-100.0
how much is a attorney,/states/south-carolina-lawyer-costs,0,7,0,77,0,1,6,0,1,92,0.0
how much is a business lawyer cost,/pages/business-lawyer-cost,0,7,0,49.9,0,5,45.8,0,1,46,400.0
how much is a consultation,/pages/lawyer-consultation-fee,0,7,0,60.1,0,1,46,0,4,57,-75.0
how much is a divorce lawyer in nj,/states/new-jersey-lawyer-costs,0,7,0,55.9,0,1,36,0,3,46.7,-66.7
how much is a lawyer for a small business,/states/wisconsin-lawyer-costs,0,7,0,49.1,0,1,27,0,1,61,0.0
how much is an appeal lawyer,/states/south-carolina-lawyer-costs,0,7,0,81.1,0,4,76.2,0,0,,
how much is an attorney,/states/wisconsin-lawyer-costs,0,7,0,63.7,0,3,38.3,0,3,78.7,0.0
how much would a lawyer cost,/pages/how-much-does-a-lawyer-cost,0,7,0,59.4,0,2,71.5,0,2,46,0.0
how to save money on legal fees,/pages/can-i-afford-a-lawyer,0,7,0,77.3,0,4,71.8,0,2,82,100.0
lawyer cost,/pages/how-much-does-a-lawyer-cost,0,7,0,80.6,0,2,94.5,0,1,93,100.0
lawyer cost,/states/maryland-lawyer-costs,0,7,0,42.9,0,3,8.3,0,1,9,200.0
lawyer cost,/states/north-carolina-lawyer-costs,0,7,0,94.4,0,0,,0,5,93,-100.0
lawyer costs,/states/indiana-lawyer-costs,0,7,0,54,0,4,51,0,2,76,100.0
lawyer fee,/states/south-carolina-lawyer-costs,0,7,0,69.7,0,2,55,0,3,82.7,-33.3
lawyer fees,/states/maryland-lawyer-costs,0,7,0,10.7,0,7,10.7,0,0,,
lawyer price,/states/indiana-lawyer-costs,0,7,0,29.6,0,4,26.8,0,2,9,100.0
lawyer pricing,/,0,7,0,90.6,0,1,98,0,4,89.2,-75.0
lawyer pricing,/states/michigan-lawyer-costs,0,7,0,88.9,0,0,,0,1,98,-100.0
lawyers cost,/states/new-york-lawyer-costs,0,7,0,21,0,2,11,0,3,21,-33.3
lawyers cost,/states/texas-lawyer-costs,0,7,0,59.7,0,7,59.7,0,0,,
lawyers hourly rates,/states/oklahoma-lawyer-costs,0,7,0,65,0,0,,0,0,,
legal advice cost,/states/massachusetts-lawyer-costs,0,7,0,63,0,6,65.3,0,1,49,500.0
legal aid cost,/states/missouri-lawyer-costs,0,7,0,38.6,0,3,31,0,1,53,200.0
legal consulting fees,/,0,7,0,76.9,0,7,76.9,0,0,,
legal cost consulting,/contact,0,7,0,88.4,0,2,83.5,0,2,90.5,0.0
legal costs,/pages/legal-fee-calculator,0,7,0,75.1,0,0,,0,0,,
nj divorce attorney fees,/states/new-jersey-lawyer-costs,0,7,0,94.9,0,0,,0,2,94,-100.0
property damage lawyer cost,/states/colorado-lawyer-costs,0,7,0,39.1,0,0,,0,4,45,-100.0
real estate attorney connecticut,/states/connecticut-lawyer-costs,0,7,0,2,0,7,2,0,0,,
real estate attorney kansas city,/states/missouri-lawyer-costs,0,7,0,2.6,0,1,2,0,0,,
small business attorney cost,/pages/business-lawyer-cost,0,7,0,63.9,0,1,20,0,3,61.7,-66.7
south carolina probate attorney fees,/states/south-carolina-lawyer-costs,0,7,0,87.4,0,4,82.2,0,2,93,100.0
utah court filing fees,/states/utah-lawyer-costs,0,7,0,29.9,0,2,22,0,1,28,100.0
what the lawyers charge in maine for car accident,/states/maine-lawyer-costs,0,7,0,44,0,3,24.7,0,2,45,50.0
workers comp attorney fees,/states/missouri-lawyer-costs,0,7,0,60.6,0,5,69.8,0,1,37,400.0
how much does it cost for a lawyer to represent you in court,/states/kansas-lawyer-costs,1,6,0.1667,10.7,1,3,13,0,2,8.5,50.0
attorney consultation subscription louisiana,/states/louisiana-lawyer-costs,0,6,0,58.2,0,0,,0,3,46.7,-100.0
attorney costs,/states/massachusetts-lawyer-costs,0,6,0,36.3,0,2,20,0,3,46,-33.3
attorney hourly rate,/states/tennessee-lawyer-costs,0,6,0,55.8,0,6,55.8,0,0,,
attorney payment plans near me,/states/louisiana-lawyer-costs,0,6,0,88.3,0,0,,0,6,88.3,-100.0
attorney price,/states/california-lawyer-costs,0,6,0,78.7,0,0,,0,3,88.3,-100.0
attorney rates,/states/new-york-lawyer-costs,0,6,0,17.8,0,2,11.5,0,3,22,-33.3
attorneys fees expert atlanta,/states/georgia-lawyer-costs,0,6,0,86.7,0,2,73,0,2,91,0.0
average cost of a lawyer,/states/new-york-lawyer-costs,0,6,0,27,0,3,19.3,0,1,51,200.0
average lawyer consultation fee,/states/new-york-lawyer-costs,0,6,0,18.5,0,2,11,0,1,26,100.0
average lawyer fees,/states/new-york-lawyer-costs,0,6,0,15.3,0,2,9,0,3,15.3,-33.3
bankruptcy lawyer cost,/pages/bankruptcy-lawyer-cost,0,6,0,88.5,0,1,95,0,0,,
california consumer protection attorney hourly rate 2026,/states/california-lawyer-costs,0,6,0,8.5,0,0,,0,0,,
car accident lawyer cost michigan,/states/michigan-lawyer-costs,0,6,0,61.5,0,0,,0,5,59.8,-100.0
civil court lawyer cost,/states/new-york-lawyer-costs,0,6,0,19.8,0,2,9,0,3,18,-33.3
consultation cost,/pages/lawyer-consultation-fee,0,6,0,62.2,0,2,52.5,0,2,50,0.0
contingency charges,/pages/contingency-fee-explained,0,6,0,70,0,2,40.5,0,2,77,0.0
cost for a lawyer,/states/new-york-lawyer-costs,0,6,0,24.2,0,2,12.5,0,2,23.5,0.0
cost for a lawyer,/states/texas-lawyer-costs,0,6,0,51,0,6,51,0,0,,
cost of an attorney,/states/arizona-lawyer-costs,0,6,0,10.3,0,4,10.5,0,0,,
cost of business lawyer,/pages/business-lawyer-cost,0,6,0,49.2,0,2,58,0,4,44.8,-50.0
cost of lawyer,/states/wisconsin-lawyer-costs,0,6,0,53.8,0,3,22,0,3,85.7,0.0
cost of lawyer consultation,/states/massachusetts-lawyer-costs,0,6,0,39.7,0,1,37,0,3,37,-66.7
costs lawyer,/states/california-lawyer-costs,0,6,0,30.2,0,0,,0,0,,
do attorneys charge for consultations,/pages/lawyer-consultation-fee,0,6,0,61.7,0,1,42,0,3,63.3,-66.7
employment lawyer contingency fee,/pages/employment-lawyer-cost,0,6,0,64.5,0,0,,0,2,68.5,-100.0
estate planning cost,/pages/estate-planning-lawyer-cost,0,6,0,62.5,0,0,,0,0,,
flat fee legal services louisiana,/states/louisiana-lawyer-costs,0,6,0,24.5,0,0,,0,6,24.5,-100.0
flat fee vs. hourly billing,/pages/hourly-vs-flat-fee-lawyer,0,6,0,39.7,0,4,28.8,0,1,32,300.0
florida business lawyer cost,/states/florida-lawyer-costs,0,6,0,87,0,3,93.3,0,1,90,200.0
how can i afford a lawyer,/pages/can-i-afford-a-lawyer,0,6,0,34.5,0,3,33,0,1,38,200.0
how much a lawyer cost,/states/new-york-lawyer-costs,0,6,0,17.3,0,4,13.2,0,2,25.5,100.0
how much are criminal defense attorneys,/pages/criminal-defense-lawyer-cost,0,6,0,67.8,0,4,66.2,0,2,71,100.0
how much are dui attorneys,/pages/dui-lawyer-cost,0,6,0,80.8,0,5,85.4,0,1,58,400.0
how much are employment lawyers,/pages/employment-lawyer-cost,0,6,0,57.3,0,1,49,0,3,48.3,-66.7
how much are lawyers,/states/south-carolina-lawyer-costs,0,6,0,66,0,2,52.5,0,3,70.7,-33.3
how much are lawyers,/states/tennessee-lawyer-costs,0,6,0,37.8,0,4,8.2,0,2,97,100.0
how much are lawyers,/states/virginia-lawyer-costs,0,6,0,23.5,0,4,10.2,0,1,11,300.0
how much are lawyers fees,/states/new-york-lawyer-costs,0,6,0,34.3,0,1,48,0,3,21.7,-66.7
how much do dui lawyers cost in michigan,/states/michigan-lawyer-costs,0,6,0,70.3,0,1,36,0,3,67.7,-66.7
how much do lawyers charge,/states/texas-lawyer-costs,0,6,0,59.2,0,6,59.2,0,0,,
how much do m and a lawyers typically charge?,/states/massachusetts-lawyer-costs,0,6,0,57.8,0,4,58,0,2,57.5,100.0
how much does a attorney cost,/states/south-carolina-lawyer-costs,0,6,0,71,0,3,56.3,0,1,94,200.0
how much does a business lawyer cost,/states/massachusetts-lawyer-costs,0,6,0,68.2,0,1,61,0,3,56,-66.7
how much does a criminal lawyer cost in virginia,/states/virginia-lawyer-costs,0,6,0,29.7,0,3,29,0,3,30.3,0.0
how much does a divorce cost in rhode island,/states/rhode-island-lawyer-costs,0,6,0,78,0,2,81,0,0,,
how much does a divorce cost in sc,/states/south-carolina-lawyer-costs,0,6,0,66.3,0,0,,0,4,64.2,-100.0
how much does a divorce lawyer cost in colorado,/states/colorado-lawyer-costs,0,6,0,46.7,0,1,30,0,2,48.5,-50.0
how much does a federal lawyer cost,/states/new-york-lawyer-costs,0,6,0,44.8,0,1,29,0,4,41,-75.0
how much does a lawyer cost,/states/arizona-lawyer-costs,0,6,0,11.2,0,5,11,0,1,12,400.0
how much does a lawyer cost,/states/north-dakota-lawyer-costs,0,6,0,8.8,0,2,8,0,4,9.2,-50.0
how much does a lawyer cost,/states/oklahoma-lawyer-costs,0,6,0,49.8,0,4,53.2,0,2,43,100.0
how much does a lawyer cost,/states/texas-lawyer-costs,0,6,0,48.2,0,4,47.2,0,1,4,300.0
how much does a lawyer cost,/states/vermont-lawyer-costs,0,6,0,9.7,0,2,9.5,0,4,9.8,-50.0
how much does a lawyer cost,/states/washington-lawyer-costs,0,6,0,32.3,0,3,32.3,0,1,50,200.0
how much does a lawyer cost for a misdemeanor,/pages/criminal-defense-lawyer-cost,0,6,0,56.3,0,0,,0,3,48,-100.0
how much does a lawyer cost for small claims court,/states/tennessee-lawyer-costs,0,6,0,18.7,0,3,30.3,0,3,7,0.0
how much does a personal injury lawyer cost nj,/states/new-jersey-lawyer-costs,0,6,0,74,0,1,69,0,5,75,-80.0
how much does a small claims lawyer cost,/pages/small-claims-filing-fee-calculator,0,6,0,81.3,0,2,73,0,1,97,100.0
how much does it cost for a criminal defense attorney,/pages/criminal-defense-lawyer-cost,0,6,0,69.8,0,1,55,0,3,61,-66.7
how much does it cost for a lawyer to represent you in court,/states/idaho-lawyer-costs,0,6,0,8.5,0,4,7.5,0,1,10,300.0
how much does it cost for a lawyer to represent you in court,/states/washington-lawyer-costs,0,6,0,10.8,0,4,10.5,0,2,11.5,100.0
how much does it cost to get a lawyer,/states/kentucky-lawyer-costs,0,6,0,11.7,0,1,12,0,5,11.6,-80.0
how much for a lawyer to represent you in court,/states/south-carolina-lawyer-costs,0,6,0,50.2,0,2,91.5,0,3,9.3,-33.3
how much for attorney,/states/north-carolina-lawyer-costs,0,6,0,94.3,0,0,,0,1,99,-100.0
how much is a civil lawyer,/states/new-york-lawyer-costs,0,6,0,32.8,0,4,12.8,0,1,72,300.0
how much is a civil lawyer,/states/south-carolina-lawyer-costs,0,6,0,18.5,0,4,22.8,0,2,10,100.0
how much is a divorce lawyer in michigan,/states/michigan-lawyer-costs,0,6,0,80.2,0,0,,0,0,,
how much is a lawyer,/states/utah-lawyer-costs,0,6,0,61,0,4,42,0,2,99,100.0
how much is a paid lawyer,/states/new-york-lawyer-costs,0,6,0,9.8,0,6,9.8,0,0,,
how much is an employment attorney,/pages/employment-lawyer-cost,0,6,0,71.2,0,0,,0,3,55.7,-100.0
how much lawyer cost,/states/new-york-lawyer-costs,0,6,0,25.5,0,3,16.7,0,2,29.5,50.0
how much lawyers charge per hour,/states/new-york-lawyer-costs,0,6,0,42.7,0,2,34,0,2,34,0.0
how much should a lawyer cost,/pages/how-much-does-a-lawyer-cost,0,6,0,52.8,0,1,63,0,3,49.3,-66.7
illinois consumer protection attorney hourly rate 2026,/states/illinois-lawyer-costs,0,6,0,5.2,0,0,,0,0,,
law firm bookkeeping in west virginia cost,/states/west-virginia-lawyer-costs,0,6,0,74.7,0,0,,0,0,,
law firm pricing tool,/pages/legal-fee-calculator,0,6,0,79.8,0,1,75,0,3,82,-66.7
lawyer consultation cost,/pages/lawyer-consultation-fee,0,6,0,77.3,0,2,55,0,1,89,100.0
lawyer consultation cost,/states/new-york-lawyer-costs,0,6,0,22.8,0,2,11.5,0,1,26,100.0
lawyer consultation fee,/states/new-york-lawyer-costs,0,6,0,33.7,0,1,19,0,3,32,-66.7
lawyer cost,/states/colorado-lawyer-costs,0,6,0,27.3,0,1,10,0,0,,
lawyer cost,/states/michigan-lawyer-costs,0,6,0,23.8,0,3,7,0,2,13.5,50.0
lawyer costs,/states/new-york-lawyer-costs,0,6,0,21.5,0,1,11,0,4,21.2,-75.0
lawyer costs,/states/oklahoma-lawyer-costs,0,6,0,73.7,0,2,67.5,0,2,68,0.0
lawyer expenses,/states/alaska-lawyer-costs,0,6,0,39.3,0,1,35,0,4,39,-75.0
lawyer fee,/states/tennessee-lawyer-costs,0,6,0,65.5,0,4,53,0,2,90.5,100.0
lawyer in salt lake,/states/utah-lawyer-costs,0,6,0,9.7,0,0,,0,0,,
lawyer per hour,/states/new-york-lawyer-costs,0,6,0,69.2,0,2,50.5,0,1,81,100.0
lawyers costs,/states/new-york-lawyer-costs,0,6,0,32.2,0,1,20,0,1,35,0.0
lawyers fees calculator,/,0,6,0,76.8,0,2,76,0,2,78,0.0
lawyers fees calculator,/pages/legal-fee-calculator,0,6,0,70.2,0,2,70,0,1,71,100.0
legal fee,/states/arizona-lawyer-costs,0,6,0,41.3,0,1,31,0,3,40.3,-66.7
legal intake outsourcing cost guide,/pages/lawyer-consultation-fee,0,6,0,96.8,0,6,96.8,0,0,,
local attorney fees,/states/kentucky-lawyer-costs,0,6,0,66,0,2,85.5,0,4,56.2,-50.0
local attorney fees,/states/utah-lawyer-costs,0,6,0,87.5,0,3,85,0,3,90,0.0
local attorney fees,/states/west-virginia-lawyer-costs,0,6,0,58.7,0,3,49.7,0,3,67.7,0.0
maryland traffic lawyer cost,/states/maryland-lawyer-costs,0,6,0,65.7,0,3,61,0,2,69.5,50.0
normal attorney fees,/states/texas-lawyer-costs,0,6,0,54.3,0,6,54.3,0,0,,
north dakota divorce cost,/states/north-dakota-lawyer-costs,0,6,0,54.7,0,2,45.5,0,3,54,-33.3
south dakota divorce cost,/states/south-dakota-lawyer-costs,0,6,0,57.2,0,0,,0,4,49.8,-100.0
standard lawyer fees,/states/tennessee-lawyer-costs,0,6,0,60.3,0,6,60.3,0,0,,
va lawyer cost,/states/virginia-lawyer-costs,0,6,0,50,0,1,44,0,2,50,-50.0
how much does an attorney cost,/states/louisiana-lawyer-costs,1,5,0.2,8.6,0,4,10.5,1,1,1,300.0
local attorney fees,/states/tennessee-lawyer-costs,1,5,0.2,63.8,1,4,55,0,0,,
advocate fees,/states/new-york-lawyer-costs,0,5,0,14,0,4,11,0,1,26,300.0
appeal attorney cost,/states/colorado-lawyer-costs,0,5,0,73.8,0,3,70,0,1,84,200.0
attorney costs,/states/new-york-lawyer-costs,0,5,0,20,0,1,10,0,2,19,-50.0
attorney costs,/states/south-carolina-lawyer-costs,0,5,0,73,0,0,,0,3,77.7,-100.0
attorney fee schedule,/states/new-york-lawyer-costs,0,5,0,24.2,0,2,12.5,0,2,28.5,0.0
attorney fees calculator,/,0,5,0,78.4,0,1,77,0,4,78.8,-75.0
attorney fees in california,/states/california-lawyer-costs,0,5,0,54.6,0,2,53,0,2,58,0.0
attorney fees new york,/states/new-york-lawyer-costs,0,5,0,52.6,0,3,31.3,0,1,87,200.0
attorney price,/states/kentucky-lawyer-costs,0,5,0,40,0,2,8,0,3,61.3,-33.3
attorney price,/states/mississippi-lawyer-costs,0,5,0,34.2,0,1,57,0,4,28.5,-75.0
attorney price,/states/wisconsin-lawyer-costs,0,5,0,49.6,0,1,6,0,3,69.7,-66.7
attorney pricing,/states/oklahoma-lawyer-costs,0,5,0,74.6,0,5,74.6,0,0,,
attorneys charges,/states/new-hampshire-lawyer-costs,0,5,0,9.6,0,0,,0,5,9.6,-100.0
average attorney fees,/states/wisconsin-lawyer-costs,0,5,0,17.6,0,2,15.5,0,1,43,100.0
average attorney fees by state,/states/,0,5,0,39.2,0,5,39.2,0,0,,
average attorney fees for civil case,/states/new-york-lawyer-costs,0,5,0,15.8,0,2,17.5,0,2,11,0.0
average cost of a lawyer,/states/california-lawyer-costs,0,5,0,72.4,0,0,,0,0,,
average cost of a lawyer,/states/south-carolina-lawyer-costs,0,5,0,74.8,0,2,44.5,0,0,,
average lawyer cost,/states/new-york-lawyer-costs,0,5,0,35,0,1,58,0,2,24,-50.0
average lawyer hourly rate,/states/connecticut-lawyer-costs,0,5,0,38.2,0,4,35.8,0,1,48,300.0
average lawyer hourly rate,/states/massachusetts-lawyer-costs,0,5,0,36.6,0,4,29.8,0,1,64,300.0
average lawyer per hour,/states/colorado-lawyer-costs,0,5,0,27,0,0,,0,0,,
barrister fees,/states/iowa-lawyer-costs,0,5,0,68.4,0,3,73.3,0,2,61,50.0
business lawyer fees,/pages/business-lawyer-cost,0,5,0,42.6,0,1,48,0,4,41.2,-75.0
car accident lawyer fees michigan,/states/michigan-lawyer-costs,0,5,0,58.4,0,1,51,0,4,60.2,-75.0
child support attorney cost,/states/minnesota-lawyer-costs,0,5,0,80,0,3,75.3,0,1,83,200.0
contingency fees definition,/pages/contingency-fee-explained,0,5,0,64,0,5,64,0,0,,
cost for lawyer,/states/new-york-lawyer-costs,0,5,0,30.6,0,3,36.7,0,1,28,200.0
cost of a criminal defense attorney,/pages/criminal-defense-lawyer-cost,0,5,0,59.6,0,2,48.5,0,2,56.5,0.0
cost of a lawyer,/pages/how-much-does-a-lawyer-cost,0,5,0,76.6,0,0,,0,3,86,-100.0
cost of a lawyer,/states/tennessee-lawyer-costs,0,5,0,97,0,3,97,0,2,97,50.0
cost of an attorney,/states/south-carolina-lawyer-costs,0,5,0,82.4,0,1,99,0,0,,
cost of attorney,/states/new-york-lawyer-costs,0,5,0,22.2,0,3,20.7,0,1,32,200.0
cost of divorce in hawaii,/states/hawaii-lawyer-costs,0,5,0,59.6,0,0,,0,0,,
cost of divorce in iowa,/states/iowa-lawyer-costs,0,5,0,86.6,0,0,,0,0,,
cost of divorce louisiana,/states/louisiana-lawyer-costs,0,5,0,80.6,0,0,,0,2,74.5,-100.0
cost of employment lawyer,/pages/employment-lawyer-cost,0,5,0,70.8,0,2,78.5,0,1,55,100.0
cost of lawyer,/states/south-carolina-lawyer-costs,0,5,0,73.4,0,0,,0,4,80.2,-100.0
cost of lawyer,/states/tennessee-lawyer-costs,0,5,0,87.2,0,2,81,0,3,91.3,-33.3
cost of lawyer,/states/west-virginia-lawyer-costs,0,5,0,24.4,0,2,26,0,3,23.3,-33.3
cost of lawyers,/states/new-york-lawyer-costs,0,5,0,17.6,0,3,8,0,1,25,200.0
cost of taking the rhode island bar exam,/states/rhode-island-lawyer-costs,0,5,0,40.4,0,4,38,0,1,50,300.0
employment lawyer hourly rate,/pages/employment-lawyer-cost,0,5,0,66.6,0,0,,0,2,59.5,-100.0
employment lawyer nyc,/pages/employment-lawyer-cost,0,5,0,2,0,3,2,0,2,2,50.0
employment lawyers fees,/pages/employment-lawyer-cost,0,5,0,77,0,0,,0,1,58,-100.0
employment solicitors,/pages/employment-lawyer-cost,0,5,0,2,0,5,2,0,0,,
fee lawyer,/states/alaska-lawyer-costs,0,5,0,42,0,2,42,0,2,37.5,0.0
filing late application for attorney fees in az,/states/arizona-lawyer-costs,0,5,0,36.8,0,2,35.5,0,1,34,100.0
first offense dui lawyer cost primary,/pages/dui-lawyer-cost,0,5,0,36.2,0,4,29.2,0,1,64,300.0
flat fee billing vs. hourly billing,/pages/hourly-vs-flat-fee-lawyer,0,5,0,71.2,0,1,41,0,2,63.5,-50.0
flat fee estate planning vs hourly attorney,/pages/hourly-vs-flat-fee-lawyer,0,5,0,61.4,0,1,46,0,2,57,-50.0
florida attorney fees,/states/florida-lawyer-costs,0,5,0,53.6,0,1,48,0,3,52,-66.7
florida business lawyer cost,/pages/business-lawyer-cost,0,5,0,68.2,0,3,60.3,0,1,64,200.0
florida workers compensation attorney fee schedule,/states/florida-lawyer-costs,0,5,0,87,0,4,90.2,0,1,74,300.0
hourly billing rates for california personal injury lawyer,/states/california-lawyer-costs,0,5,0,55,0,1,60,0,2,62,-50.0
how expensive are lawyers,/states/new-york-lawyer-costs,0,5,0,18.4,0,2,9,0,2,28.5,0.0
how expensive is a lawyer,/pages/how-much-does-a-lawyer-cost,0,5,0,54.6,0,0,,0,2,46.5,-100.0
how much a lawyer cost,/states/alabama-lawyer-costs,0,5,0,10.2,0,5,10.2,0,0,,
how much are attorneys,/states/indiana-lawyer-costs,0,5,0,7.2,0,4,7.2,0,0,,
how much are court costs in ohio,/states/ohio-lawyer-costs,0,5,0,81.8,0,2,76,0,1,84,100.0
how much are lawyers,/states/oregon-lawyer-costs,0,5,0,8.4,0,5,8.4,0,0,,
how much are legal fees,/states/massachusetts-lawyer-costs,0,5,0,49.6,0,2,8,0,0,,
how much attorney cost,/states/new-york-lawyer-costs,0,5,0,15.8,0,0,,0,3,15.3,-100.0
how much attorney cost,/states/south-carolina-lawyer-costs,0,5,0,62.8,0,1,5,0,1,96,0.0
how much do estate lawyers charge per hour,/states/kentucky-lawyer-costs,0,5,0,11,0,5,11,0,0,,
how much do estate planning lawyers make,/states/minnesota-lawyer-costs,0,5,0,62.8,0,1,57,0,4,64.2,-75.0
how much do lawyers cost,/states/maryland-lawyer-costs,0,5,0,10.4,0,5,10.4,0,0,,
how much do lawyers make in indiana,/states/indiana-lawyer-costs,0,5,0,30.4,0,2,30.5,0,1,30,100.0
how much do small business lawyers cost,/states/alaska-lawyer-costs,0,5,0,39.8,0,3,26.3,0,2,60,50.0
how much do the best federal criminal defense attorneys in alabama charge for their services,/states/alabama-lawyer-costs,0,5,0,5.6,0,5,5.6,0,0,,
how much does a civil attorney cost,/states/new-york-lawyer-costs,0,5,0,27.6,0,2,25.5,0,3,29,-33.3
how much does a civil lawyer cost,/states/alabama-lawyer-costs,0,5,0,8.4,0,2,5.5,0,3,10.3,-33.3
how much does a consumer protection lawyer cost,/states/south-carolina-lawyer-costs,0,5,0,9,0,3,9,0,2,9,50.0
how much does a criminal defense attorney cost in denver,/states/colorado-lawyer-costs,0,5,0,90.6,0,3,96,0,2,82.5,50.0
how much does a criminal lawyer make an hour,/states/alaska-lawyer-costs,0,5,0,77,0,1,78,0,3,78.7,-66.7
how much does a divorce lawyer cost in michigan,/states/michigan-lawyer-costs,0,5,0,77.8,0,0,,0,2,62,-100.0
how much does a dui lawyer cost in wisconsin,/states/wisconsin-lawyer-costs,0,5,0,51.4,0,1,35,0,3,45.7,-66.7
how much does a immigration lawyer cost,/pages/immigration-lawyer-cost,0,5,0,80.2,0,1,62,0,4,84.8,-75.0
how much does a lawyer charge for an appeal,/states/colorado-lawyer-costs,0,5,0,76.4,0,2,83.5,0,2,70.5,0.0
how much does a lawyer cost,/,0,5,0,82,0,1,91,0,2,68.5,-50.0
how much does a lawyer cost,/pages/can-i-afford-a-lawyer,0,5,0,76.6,0,1,91,0,4,73,-75.0
how much does a lawyer cost for a felony,/states/new-york-lawyer-costs,0,5,0,37.8,0,2,35.5,0,1,35,100.0
how much does an attorney cost,/states/minnesota-lawyer-costs,0,5,0,11,0,4,11,0,1,11,300.0
how much does an attorney cost,/states/new-york-lawyer-costs,0,5,0,26.2,0,4,11.5,0,0,,
how much does an attorney cost,/states/south-dakota-lawyer-costs,0,5,0,9.2,0,1,8,0,3,8.3,-66.7
how much does an estate planning attorney cost,/pages/estate-planning-lawyer-cost,0,5,0,75.6,0,0,,0,3,68.7,-100.0
how much does an estate planning attorney make,/states/minnesota-lawyer-costs,0,5,0,63.8,0,3,63,0,2,65,50.0
how much does divorce cost in idaho,/states/idaho-lawyer-costs,0,5,0,67,0,1,67,0,1,28,0.0
how much does divorce cost in missouri,/states/missouri-lawyer-costs,0,5,0,73.6,0,2,86,0,1,56,100.0
how much does divorce cost in north dakota,/states/north-dakota-lawyer-costs,0,5,0,56.8,0,4,50.8,0,0,,
how much does divorce cost in vermont,/states/vermont-lawyer-costs,0,5,0,68,0,3,63,0,1,68,200.0
how much does it cost for a lawyer,/states/south-carolina-lawyer-costs,0,5,0,78.2,0,2,49.5,0,0,,
how much does it cost for a lawyer,/states/tennessee-lawyer-costs,0,5,0,38,0,4,45.8,0,0,,
how much does it cost for a lawyer to represent you in court,/states/maine-lawyer-costs,0,5,0,7.6,0,3,7.3,0,2,8,50.0
how much does it cost for a lawyer to represent you in court,/states/nevada-lawyer-costs,0,5,0,7.8,0,2,6,0,3,9,-33.3
how much does it cost for a lawyer to represent you in court,/states/north-dakota-lawyer-costs,0,5,0,6.4,0,2,4.5,0,2,5.5,0.0
how much does it cost to hire an employment lawyer,/pages/employment-lawyer-cost,0,5,0,70.4,0,1,86,0,2,52.5,-50.0
how much does probate cost in kentucky,/states/kentucky-lawyer-costs,0,5,0,58.8,0,5,58.8,0,0,,
how much dui attorney cost,/pages/dui-lawyer-cost,0,5,0,71,0,2,83.5,0,3,62.7,-33.3
how much for a good lawyer,/states/new-york-lawyer-costs,0,5,0,45.8,0,3,33.7,0,1,72,200.0
how much for attorney,/states/new-york-lawyer-costs,0,5,0,7.6,0,4,7,0,1,10,300.0
how much for lawyer,/states/new-york-lawyer-costs,0,5,0,9.6,0,2,8.5,0,2,9.5,0.0
how much is a business lawyer,/states/new-york-lawyer-costs,0,5,0,47,0,5,47,0,0,,
how much is a lawyer consultation fee,/states/california-lawyer-costs,0,5,0,62.2,0,0,,0,0,,
how much is a lawyer consultation fee,/states/massachusetts-lawyer-costs,0,5,0,56.8,0,0,,0,2,42.5,-100.0
how much is a lawyer per hour,/states/new-york-lawyer-costs,0,5,0,46,0,1,90,0,1,42,0.0
how much is an appeal lawyer,/states/new-jersey-lawyer-costs,0,5,0,87.2,0,2,87.5,0,3,87,-33.3
how much is an attorney,/states/maryland-lawyer-costs,0,5,0,31.4,0,5,31.4,0,0,,
how much is an attorney,/states/minnesota-lawyer-costs,0,5,0,7.6,0,0,,0,5,7.6,-100.0
how much is court cost in nc,/states/north-carolina-lawyer-costs,0,5,0,39.8,0,3,32.3,0,2,51,50.0
how much is it for a lawyer,/pages/how-much-does-a-lawyer-cost,0,5,0,62.8,0,3,77.3,0,0,,
how much is lawyer,/states/new-york-lawyer-costs,0,5,0,18.8,0,2,13,0,1,32,100.0
how much is legal advice,/states/new-york-lawyer-costs,0,5,0,19.4,0,1,1,0,3,26,-66.7
how much money do you get as a lawyer,/states/alaska-lawyer-costs,0,5,0,70.2,0,3,63.7,0,1,71,200.0
idaho bar exam cost,/states/idaho-lawyer-costs,0,5,0,37.4,0,1,29,0,3,39.3,-66.7
lawyer calculator,/pages/legal-fee-calculator,0,5,0,57.4,0,1,1,0,1,50,0.0
lawyer consultant fee,/pages/lawyer-consultation-fee,0,5,0,74.8,0,1,52,0,3,79,-66.7
lawyer consulting fee,/pages/lawyer-consultation-fee,0,5,0,73.2,0,2,57.5,0,1,85,100.0
lawyer cost,/states/iowa-lawyer-costs,0,5,0,10.4,0,3,11.3,0,0,,
lawyer cost,/states/missouri-lawyer-costs,0,5,0,85.8,0,4,85.8,0,1,86,300.0
lawyer cost,/states/new-jersey-lawyer-costs,0,5,0,39.8,0,2,7,0,2,48.5,0.0
lawyer cost,/states/pennsylvania-lawyer-costs,0,5,0,45,0,2,9,0,1,9,100.0
lawyer costs,/states/california-lawyer-costs,0,5,0,69.2,0,1,97,0,1,93,0.0
lawyer fee,/states/alabama-lawyer-costs,0,5,0,55.6,0,1,11,0,4,66.8,-75.0
lawyer fee,/states/maryland-lawyer-costs,0,5,0,36.4,0,5,36.4,0,0,,
lawyer fees,/,0,5,0,89,0,0,,0,5,89,-100.0
lawyer fees,/states/arkansas-lawyer-costs,0,5,0,12,0,4,12,0,1,12,300.0
lawyer fees,/states/colorado-lawyer-costs,0,5,0,17.6,0,0,,0,2,4.5,-100.0
lawyer fees,/states/kentucky-lawyer-costs,0,5,0,36.2,0,1,1,0,4,45,-75.0
lawyer fees for consultation,/pages/lawyer-consultation-fee,0,5,0,72.8,0,2,71.5,0,1,43,100.0
lawyer fees per hour,/states/washington-lawyer-costs,0,5,0,8.4,0,2,7.5,0,2,8.5,0.0
lawyer hourly rate calculator,/pages/legal-fee-calculator,0,5,0,64,0,1,18,0,1,84,0.0
lawyer prices,/states/maryland-lawyer-costs,0,5,0,56.2,0,4,47,0,0,,
lawyer prices,/states/pennsylvania-lawyer-costs,0,5,0,25.2,0,4,6.8,0,0,,
lawyer prices,/states/wisconsin-lawyer-costs,0,5,0,42.2,0,3,30.3,0,0,,
lawyer pricing,/states/new-york-lawyer-costs,0,5,0,16.2,0,3,9,0,1,23,200.0
lawyer rates,/states/colorado-lawyer-costs,0,5,0,46.6,0,1,80,0,0,,
lawyer salary in hawaii,/states/hawaii-lawyer-costs,0,5,0,39,0,1,36,0,0,,
lawyers fee,/states/alaska-lawyer-costs,0,5,0,36.4,0,2,31.5,0,2,36,0.0
lawyers fee,/states/massachusetts-lawyer-costs,0,5,0,41,0,2,32,0,2,42.5,0.0
lawyers hourly rates,/states/michigan-lawyer-costs,0,5,0,60.2,0,5,60.2,0,0,,
lawyers hourly rates,/states/west-virginia-lawyer-costs,0,5,0,70.8,0,0,,0,0,,
lawyers prices,/states/new-york-lawyer-costs,0,5,0,28.8,0,1,18,0,2,25,-50.0
legal cost,/states/new-york-lawyer-costs,0,5,0,16,0,1,13,0,2,16.5,-50.0
legal cost consulting,/terms,0,5,0,55.6,0,2,52,0,2,59.5,0.0
legal fees,/states/nebraska-lawyer-costs,0,5,0,38,0,2,32,0,1,27,100.0
legal intake outsourcing cost guide,/terms,0,5,0,77,0,0,,0,2,83,-100.0
limited scope representation cost,/states/oregon-lawyer-costs,0,5,0,9.8,0,2,8,0,2,11,0.0
litigation lawyer cost,/states/new-york-lawyer-costs,0,5,0,25.8,0,2,21,0,2,24,0.0
louisiana criminal charges defense attorney consultation cost,/states/louisiana-lawyer-costs,0,5,0,7.6,0,5,7.6,0,0,,
maryland state bar dues,/states/maryland-lawyer-costs,0,5,0,24.6,0,2,19,0,1,24,100.0
michigan divorce lawyer cost,/states/michigan-lawyer-costs,0,5,0,54.2,0,0,,0,3,50.7,-100.0
missouri dwi lawyer cost,/states/missouri-lawyer-costs,0,5,0,62.2,0,0,,0,3,60.3,-100.0
monthly flat fee general counsel,/states/massachusetts-lawyer-costs,0,5,0,49.8,0,5,49.8,0,0,,
nc court costs and fees chart,/states/north-carolina-lawyer-costs,0,5,0,34.6,0,2,26.5,0,1,24,100.0
new york consumer protection attorney hourly rate 2026,/states/new-york-lawyer-costs,0,5,0,5.2,0,0,,0,0,,
north carolina attorneys fees statute,/states/north-carolina-lawyer-costs,0,5,0,59.4,0,0,,0,1,56,-100.0
paralegal services price list,/states/maryland-lawyer-costs,0,5,0,78,0,5,78,0,0,,
personal injury defense lawyer cost,/states/alaska-lawyer-costs,0,5,0,60.8,0,1,54,0,4,62.5,-75.0
private lawyer cost,/states/south-carolina-lawyer-costs,0,5,0,59.2,0,2,69.5,0,1,97,100.0
property damage lawyer cost,/states/illinois-lawyer-costs,0,5,0,64,0,1,51,0,1,55,0.0
real estate attorney maryland,/states/maryland-lawyer-costs,0,5,0,2.2,0,3,2.3,0,2,2,50.0
real estate lawyer,/states/connecticut-lawyer-costs,0,5,0,1,0,1,1,0,4,1,-75.0
real estate lawyer,/states/maryland-lawyer-costs,0,5,0,1,0,0,,0,5,1,-100.0
real estate lawyer cost,/pages/real-estate-lawyer-cost,0,5,0,81.4,0,5,81.4,0,0,,
reasonable attorney fees california,/states/california-lawyer-costs,0,5,0,71.2,0,1,70,0,4,71.5,-75.0
retainer fee,/states/maryland-lawyer-costs,0,5,0,3,0,5,3,0,0,,
rhode island divorce cost,/states/rhode-island-lawyer-costs,0,5,0,74.8,0,0,,0,3,75,-100.0
solicitor costs,/states/maryland-lawyer-costs,0,5,0,79.4,0,1,77,0,1,77,0.0
solicitor costs,/states/new-york-lawyer-costs,0,5,0,34.4,0,1,8,0,2,26,-50.0
solicitors fees per hour,/states/new-york-lawyer-costs,0,5,0,23.6,0,2,12.5,0,1,23,100.0
standard lawyer fees,/pages/how-much-does-a-lawyer-cost,0,5,0,55.6,0,1,59,0,2,63.5,-50.0
standard lawyer fees,/states/new-york-lawyer-costs,0,5,0,18.4,0,3,16.3,0,1,27,200.0
typical attorney fees,/states/new-york-lawyer-costs,0,5,0,27.8,0,1,24,0,4,28.8,-75.0
vermont divorce cost,/states/vermont-lawyer-costs,0,5,0,60.4,0,2,56.5,0,1,57,100.0
what does a defense attorney cost,/pages/criminal-defense-lawyer-cost,0,5,0,67.8,0,2,55.5,0,2,73.5,0.0
what peecenrage do lawyers take in calidornja,/states/california-lawyer-costs,0,5,0,79,0,0,,0,2,74,-100.0
workers compensation attorney fees,/states/colorado-lawyer-costs,0,5,0,27.6,0,0,,0,0,,
workers compensation lawyer fees,/states/missouri-lawyer-costs,0,5,0,41,0,1,44,0,0,,
wrongful termination attorney fees,/pages/employment-lawyer-cost,0,5,0,69.2,0,0,,0,0,,
wyoming divorce cost,/states/wyoming-lawyer-costs,0,5,0,57.2,0,1,54,0,2,52.5,-50.0
arkansas divorce cost,/states/arkansas-lawyer-costs,0,4,0,74.8,0,1,67,0,3,77.3,-66.7
ars 12 349,/states/arizona-lawyer-costs,0,4,0,60.8,0,0,,0,4,60.8,-100.0
ars 25-324,/states/arizona-lawyer-costs,0,4,0,21.2,0,4,21.2,0,0,,
asbestos cancer lawsuit settlement calculator,/pages/mesothelioma-settlement-calculator,0,4,0,25.8,0,3,10,0,1,73,200.0
attorney consultation fee,/states/california-lawyer-costs,0,4,0,68,0,0,,0,1,52,-100.0
attorney consultation fee,/states/massachusetts-lawyer-costs,0,4,0,44.8,0,1,39,0,3,46.7,-66.7
attorney cost,/states/colorado-lawyer-costs,0,4,0,14.2,0,0,,0,2,4.5,-100.0
attorney cost,/states/georgia-lawyer-costs,0,4,0,51.2,0,0,,0,2,54,-100.0
attorney costs,/states/north-carolina-lawyer-costs,0,4,0,48,0,1,11,0,2,78.5,-50.0
attorney fee,/states/texas-lawyer-costs,0,4,0,39.8,0,4,39.8,0,0,,
attorney fee calculator,/,0,4,0,83,0,0,,0,4,83,-100.0
attorney fees,/states/nevada-lawyer-costs,0,4,0,32.8,0,1,23,0,1,27,0.0
attorney fees average,/states/new-york-lawyer-costs,0,4,0,13,0,3,10.3,0,1,21,200.0
attorney fees in texas,/states/texas-lawyer-costs,0,4,0,47.2,0,2,10.5,0,1,87,100.0
attorney fees protective order virginia,/states/virginia-lawyer-costs,0,4,0,61.2,0,1,52,0,2,64,-50.0
attorney hourly rate,/states/indiana-lawyer-costs,0,4,0,9.2,0,4,9.2,0,0,,
attorney legal fees,/states/new-york-lawyer-costs,0,4,0,35.5,0,1,14,0,2,35.5,-50.0
attorney payment plans,/states/minnesota-lawyer-costs,0,4,0,80,0,2,82.5,0,2,77.5,0.0
attorney price,/states/alabama-lawyer-costs,0,4,0,64,0,0,,0,3,82,-100.0
attorney prices,/states/california-lawyer-costs,0,4,0,96,0,0,,0,3,95.7,-100.0
attorney prices,/states/south-carolina-lawyer-costs,0,4,0,66.5,0,1,9,0,2,86,-50.0
attorney rate,/states/new-york-lawyer-costs,0,4,0,24.5,0,1,11,0,1,21,0.0
attorney rate,/states/tennessee-lawyer-costs,0,4,0,73.2,0,2,73.5,0,0,,
attorney rates per hour,/states/new-york-lawyer-costs,0,4,0,37.5,0,1,59,0,1,32,0.0
attorneys charges,/states/west-virginia-lawyer-costs,0,4,0,8.8,0,0,,0,4,8.8,-100.0
attorneys near me,/states/michigan-lawyer-costs,0,4,0,2.8,0,4,2.8,0,0,,
average attorney consultation fee alabama,/states/alabama-lawyer-costs,0,4,0,7.5,0,0,,0,0,,
average attorney cost,/states/california-lawyer-costs,0,4,0,72.5,0,0,,0,0,,
average attorney cost,/states/south-carolina-lawyer-costs,0,4,0,61.5,0,0,,0,0,,
average attorney fees,/pages/how-much-does-a-lawyer-cost,0,4,0,83.5,0,0,,0,1,86,-100.0
average attorney fees,/states/south-carolina-lawyer-costs,0,4,0,67.5,0,0,,0,1,94,-100.0
average attorney fees,/states/texas-lawyer-costs,0,4,0,77.2,0,4,77.2,0,0,,
average attorney hourly rate,/states/new-york-lawyer-costs,0,4,0,31.2,0,2,33.5,0,1,29,100.0
average cost for criminal defense attorney,/states/new-york-lawyer-costs,0,4,0,57.2,0,1,49,0,3,60,-66.7
average cost for dui attorney,/pages/dui-lawyer-cost,0,4,0,69.5,0,3,68.7,0,1,72,200.0
average cost of a defense attorney,/states/new-york-lawyer-costs,0,4,0,32.2,0,2,20,0,1,31,100.0
average cost of divorce in arkansas,/states/arkansas-lawyer-costs,0,4,0,73.2,0,4,73.2,0,0,,
average cost of divorce in louisiana,/states/louisiana-lawyer-costs,0,4,0,82.8,0,0,,0,2,98.5,-100.0
average cost of divorce in south dakota,/states/south-dakota-lawyer-costs,0,4,0,49.8,0,2,38,0,1,63,100.0
average hourly fee for attorneys,/states/new-york-lawyer-costs,0,4,0,38.5,0,2,17,0,1,62,100.0
average hourly rate for lawyers,/states/new-york-lawyer-costs,0,4,0,35.5,0,0,,0,1,29,-100.0
average lawyer cost,/states/california-lawyer-costs,0,4,0,84.8,0,0,,0,1,85,-100.0
average lawyer cost,/states/texas-lawyer-costs,0,4,0,89.2,0,4,89.2,0,0,,
average lawyer cost for misdemeanor,/states/new-york-lawyer-costs,0,4,0,33.8,0,2,31,0,1,29,100.0
average lawyer cost per hour,/states/new-york-lawyer-costs,0,4,0,30,0,1,18,0,2,38,-50.0
average lawyer fee per hour,/states/alaska-lawyer-costs,0,4,0,38.2,0,0,,0,3,31.3,-100.0
average lawyer fees,/,0,4,0,89,0,2,88.5,0,1,89,100.0
average lawyer fees,/states/nevada-lawyer-costs,0,4,0,53.8,0,3,68,0,1,11,200.0
average lawyer hourly rate,/states/colorado-lawyer-costs,0,4,0,34.2,0,0,,0,0,,
average lawyer price,/states/new-york-lawyer-costs,0,4,0,30,0,2,36,0,1,23,100.0
average lawyer price,/states/south-carolina-lawyer-costs,0,4,0,69.8,0,2,65,0,1,85,100.0
average lawyer price,/states/tennessee-lawyer-costs,0,4,0,41.5,0,4,41.5,0,0,,
average personal injury lead cost,/pages/personal-injury-lawyer-cost,0,4,0,56.8,0,4,56.8,0,0,,
business attorney cost,/states/massachusetts-lawyer-costs,0,4,0,84.5,0,1,77,0,2,84,-50.0
business attorney fees,/states/massachusetts-lawyer-costs,0,4,0,60.2,0,0,,0,2,54.5,-100.0
business lawyer cost,/states/massachusetts-lawyer-costs,0,4,0,71.8,0,1,69,0,2,59.5,-50.0
california attorneys fees,/states/california-lawyer-costs,0,4,0,66.5,0,0,,0,2,46.5,-100.0
california bar fees,/states/california-lawyer-costs,0,4,0,30.5,0,2,29,0,2,32,0.0
california state bar fees,/states/california-lawyer-costs,0,4,0,21.8,0,4,21.8,0,0,,
can t afford an attorney,/pages/can-i-afford-a-lawyer,0,4,0,66.2,0,1,64,0,3,67,-66.7
civil case attorney fees,/states/new-york-lawyer-costs,0,4,0,25.8,0,0,,0,3,24,-100.0
civil lawsuit attorney fees,/states/new-york-lawyer-costs,0,4,0,37,0,2,14,0,1,52,100.0
civil lawyer cost,/states/new-york-lawyer-costs,0,4,0,45.2,0,1,15,0,2,52,-50.0
commercial real estate lawyer fees,/states/alaska-lawyer-costs,0,4,0,46.2,0,2,39.5,0,2,53,0.0
consultation lawyer fee,/pages/lawyer-consultation-fee,0,4,0,71,0,2,63.5,0,0,,
contingency billing,/pages/contingency-fee-explained,0,4,0,37.8,0,4,37.8,0,0,,
contingency fee cap by state,/pages/contingency-fee-explained,0,4,0,72.5,0,4,72.5,0,0,,
contingency fee contingency fees what is,/pages/contingency-fee-explained,0,4,0,66.8,0,4,66.8,0,0,,
cost for a lawyer,/states/wisconsin-lawyer-costs,0,4,0,70,0,1,10,0,3,90,-66.7
cost for an attorney,/states/new-york-lawyer-costs,0,4,0,33.5,0,1,13,0,1,29,0.0
cost for estate planning attorney,/pages/estate-planning-lawyer-cost,0,4,0,81.2,0,0,,0,0,,
cost for lawyer,/states/south-carolina-lawyer-costs,0,4,0,75.8,0,0,,0,2,72,-100.0
cost lawyer,/states/new-york-lawyer-costs,0,4,0,31.5,0,1,11,0,2,33,-50.0
cost legal,/pages/can-i-afford-a-lawyer,0,4,0,64,0,1,43,0,2,64.5,-50.0
cost legal,/states/alabama-lawyer-costs,0,4,0,59,0,0,,0,3,65.7,-100.0
cost legal,/states/california-lawyer-costs,0,4,0,69.2,0,0,,0,2,75.5,-100.0
cost legal,/states/louisiana-lawyer-costs,0,4,0,75,0,2,81.5,0,2,68.5,0.0
cost of a dui lawyer,/pages/dui-lawyer-cost,0,4,0,64.2,0,0,,0,4,64.2,-100.0
cost of a lawyer,/states/oklahoma-lawyer-costs,0,4,0,78.2,0,1,84,0,1,33,0.0
cost of an attorney,/states/wisconsin-lawyer-costs,0,4,0,61.5,0,3,67.7,0,1,43,200.0
cost of divorce in missouri,/states/missouri-lawyer-costs,0,4,0,93.2,0,4,93.2,0,0,,
cost of estate planning attorney,/pages/estate-planning-lawyer-cost,0,4,0,62.8,0,1,55,0,2,48,-50.0
cost of making a will with a lawyer near me,/states/kentucky-lawyer-costs,0,4,0,9.2,0,3,9,0,1,10,200.0
criminal defense attorney denver,/states/colorado-lawyer-costs,0,4,0,2.5,0,4,2.5,0,0,,
criminal defense attorney hourly rate,/states/colorado-lawyer-costs,0,4,0,37,0,0,,0,0,,
criminal lawyer fees,/states/colorado-lawyer-costs,0,4,0,24.5,0,0,,0,0,,
defense attorney new jersey,/states/new-jersey-lawyer-costs,0,4,0,2,0,2,2,0,2,2,0.0
defense cases consultation fee,/states/south-carolina-lawyer-costs,0,4,0,68.2,0,2,67,0,1,68,100.0
discount attorney retainer,/states/arizona-lawyer-costs,0,4,0,88.8,0,2,88.5,0,2,89,0.0
divorce in sc cost,/states/south-carolina-lawyer-costs,0,4,0,73.8,0,1,79,0,3,72,-66.7
divorce lawyer fees,/states/oregon-lawyer-costs,0,4,0,50.2,0,1,32,0,3,56.3,-66.7
do lawyers charge for consultation,/pages/lawyer-consultation-fee,0,4,0,82,0,0,,0,1,55,-100.0
do you have to pay a lawyer upfront,/states/california-lawyer-costs,0,4,0,94.2,0,1,100,0,1,94,0.0
do you have to pay for a lawyer,/states/new-york-lawyer-costs,0,4,0,73.2,0,1,78,0,2,62.5,-50.0
eeoc lawyer cost,/pages/employment-lawyer-cost,0,4,0,63.2,0,0,,0,2,51,-100.0
elder lawyer cost,/states/minnesota-lawyer-costs,0,4,0,64.8,0,2,64,0,2,65.5,0.0
employment attorney nyc,/pages/employment-lawyer-cost,0,4,0,2,0,3,2,0,1,2,200.0
employment law solicitors near me,/pages/employment-lawyer-cost,0,4,0,2.8,0,2,3,0,2,2.5,0.0
employment lawyers cost,/pages/employment-lawyer-cost,0,4,0,73.8,0,1,48,0,1,90,0.0
expensive lawyer rates,/states/california-lawyer-costs,0,4,0,53.5,0,0,,0,2,55.5,-100.0
explain landlord tenant attorney fee structures and average costs,/states/mississippi-lawyer-costs,0,4,0,5.8,0,4,5.8,0,0,,
financial lawyer cost,/states/new-york-lawyer-costs,0,4,0,37.2,0,2,12,0,1,49,100.0
flat fee lawyer near me,/states/louisiana-lawyer-costs,0,4,0,35.2,0,0,,0,4,35.2,-100.0
flat fee legal services 71241,/states/louisiana-lawyer-costs,0,4,0,41.2,0,0,,0,4,41.2,-100.0
guiajuridica.com,/pages/legal-aid-guide,0,4,0,83,0,3,82.3,0,1,85,200.0
hawaii lawyer salary,/states/hawaii-lawyer-costs,0,4,0,31.5,0,3,32.3,0,1,29,200.0
high court advocate fees,/states/new-york-lawyer-costs,0,4,0,33,0,1,5,0,1,24,0.0
hourly fee,/pages/hourly-vs-flat-fee-lawyer,0,4,0,56,0,1,51,0,1,65,0.0
hourly fees,/pages/hourly-vs-flat-fee-lawyer,0,4,0,48.2,0,1,44,0,2,47,-50.0
hourly legal fees,/states/connecticut-lawyer-costs,0,4,0,41.2,0,4,41.2,0,0,,
how long is a consultation with a lawyer,/pages/lawyer-consultation-fee,0,4,0,49.5,0,3,47.7,0,1,55,200.0
how much a lawyer cost,/pages/how-much-does-a-lawyer-cost,0,4,0,58.5,0,1,57,0,3,59,-66.7
how much an attorney cost,/states/new-york-lawyer-costs,0,4,0,33.8,0,2,8.5,0,1,34,100.0
how much are attorney fees,/states/kentucky-lawyer-costs,0,4,0,15,0,1,7,0,3,17.7,-66.7
how much are attorneys,/states/pennsylvania-lawyer-costs,0,4,0,10.2,0,2,11,0,2,9.5,0.0
how much are court fees in tennessee,/states/tennessee-lawyer-costs,0,4,0,55.8,0,0,,0,4,55.8,-100.0
how much are lawyer fees,/states/new-jersey-lawyer-costs,0,4,0,6.5,0,1,10,0,2,6,-50.0
how much are lawyers,/states/michigan-lawyer-costs,0,4,0,8.2,0,2,8.5,0,1,12,100.0
how much are lawyers,/states/ohio-lawyer-costs,0,4,0,10.2,0,3,10,0,1,11,200.0
how much are lawyers,/states/west-virginia-lawyer-costs,0,4,0,33.5,0,1,12,0,1,100,0.0
how much are lawyers per hour,/states/tennessee-lawyer-costs,0,4,0,43.5,0,4,43.5,0,0,,
how much attorney cost,/states/washington-lawyer-costs,0,4,0,28.5,0,3,9.7,0,1,85,200.0
how much do attorneys cost,/states/new-york-lawyer-costs,0,4,0,48.8,0,1,12,0,2,43,-50.0
how much do criminal lawyers charge,/states/new-york-lawyer-costs,0,4,0,51.2,0,2,45.5,0,1,48,100.0
how much do estate lawyers charge per hour,/states/maryland-lawyer-costs,0,4,0,62.8,0,1,100,0,1,35,0.0
how much do lawyer make an hour,/states/new-york-lawyer-costs,0,4,0,48.2,0,2,35,0,1,45,100.0
how much do lawyers charge,/,0,4,0,93.8,0,1,98,0,3,92.3,-66.7
how much do lawyers charge for dui,/pages/dui-lawyer-cost,0,4,0,69.2,0,0,,0,4,69.2,-100.0
how much do lawyers charge for power of attorney,/states/new-york-lawyer-costs,0,4,0,52.2,0,2,34.5,0,1,63,100.0
how much do lawyers charge per hour,/states/colorado-lawyer-costs,0,4,0,11.8,0,2,10.5,0,1,8,100.0
how much do lawyers charge per hour,/states/connecticut-lawyer-costs,0,4,0,51.5,0,4,51.5,0,0,,
how much do lawyers charge per hour,/states/hawaii-lawyer-costs,0,4,0,11.5,0,4,11.5,0,0,,
how much do lawyers cost,/states/arizona-lawyer-costs,0,4,0,11.8,0,2,11.5,0,2,12,0.0
how much do lawyers cost,/states/indiana-lawyer-costs,0,4,0,9.5,0,4,9.5,0,0,,
how much do lawyers cost,/states/maine-lawyer-costs,0,4,0,8.8,0,3,9,0,1,8,200.0
how much do lawyers cost,/states/nevada-lawyer-costs,0,4,0,11.2,0,2,12,0,2,10.5,0.0
how much do personal injury lawyers charge,/pages/personal-injury-lawyer-cost,0,4,0,78,0,3,72,0,0,,
how much does a civil attorney cost,/states/colorado-lawyer-costs,0,4,0,7,0,3,7.7,0,1,5,200.0
how much does a civil lawyer cost,/states/arizona-lawyer-costs,0,4,0,9.5,0,3,9,0,1,11,200.0
how much does a civil lawyer cost,/states/arkansas-lawyer-costs,0,4,0,10.5,0,0,,0,1,9,-100.0
how much does a civil lawyer cost,/states/colorado-lawyer-costs,0,4,0,8,0,2,6,0,2,10,0.0
how much does a civil lawyer cost,/states/nevada-lawyer-costs,0,4,0,6.8,0,2,6.5,0,2,7,0.0
how much does a criminal defense lawyer cost,/states/south-carolina-lawyer-costs,0,4,0,11.8,0,3,12,0,1,11,200.0
how much does a divorce cost in ct,/states/connecticut-lawyer-costs,0,4,0,70.8,0,1,90,0,1,55,0.0
how much does a divorce lawyer cost,/states/massachusetts-lawyer-costs,0,4,0,70.8,0,4,70.8,0,0,,
how much does a divorce lawyer cost,/states/new-jersey-lawyer-costs,0,4,0,58,0,0,,0,4,58,-100.0
how much does a divorce lawyer cost wisconsin,/states/wisconsin-lawyer-costs,0,4,0,46.8,0,0,,0,2,45.5,-100.0
how much does a lawyer charge to represent you in court,/states/new-jersey-lawyer-costs,0,4,0,9.2,0,1,1,0,1,10,0.0
how much does a lawyer consultation cost,/states/new-york-lawyer-costs,0,4,0,36.2,0,0,,0,2,26.5,-100.0
how much does a lawyer cost for small claims court,/states/missouri-lawyer-costs,0,4,0,9.5,0,2,9.5,0,2,9.5,0.0
how much does a lawyer cost in florida,/states/florida-lawyer-costs,0,4,0,46.5,0,0,,0,4,46.5,-100.0
how much does a lawyer get paid an hour,/states/new-york-lawyer-costs,0,4,0,31.5,0,2,25.5,0,1,31,100.0
how much does a lawyer make an hour,/states/new-york-lawyer-costs,0,4,0,40,0,1,32,0,2,39.5,-50.0
how much does a personal injury lawyer cost california,/states/california-lawyer-costs,0,4,0,68.2,0,1,51,0,2,72.5,-50.0
"how much does a personal injury lawyer cost in jackson, mississippi?",/states/mississippi-lawyer-costs,0,4,0,8.8,0,4,8.8,0,0,,
how much does a small claims lawyer cost,/states/wisconsin-lawyer-costs,0,4,0,9.5,0,1,9,0,1,10,0.0
how much does a trial lawyer cost,/states/new-york-lawyer-costs,0,4,0,36.5,0,0,,0,4,36.5,-100.0
how much does an attorney cost,/states/arkansas-lawyer-costs,0,4,0,8.8,0,3,8,0,1,11,200.0
how much does an attorney cost,/states/oklahoma-lawyer-costs,0,4,0,10,0,1,8,0,3,10.7,-66.7
how much does an employment attorney cost,/pages/employment-lawyer-cost,0,4,0,64,0,0,,0,2,54,-100.0
how much does an immigration lawyer cost,/pages/immigration-lawyer-cost,0,4,0,91.5,0,3,91,0,1,93,200.0
how much does divorce cost in alaska,/states/alaska-lawyer-costs,0,4,0,71.5,0,1,58,0,1,71,0.0
how much does divorce cost in connecticut,/states/connecticut-lawyer-costs,0,4,0,70.2,0,2,87,0,1,48,100.0
how much does divorce cost in iowa,/states/iowa-lawyer-costs,0,4,0,72.8,0,0,,0,0,,
how much does divorce cost in new mexico,/states/new-mexico-lawyer-costs,0,4,0,71.8,0,0,,0,2,57,-100.0
how much does divorce cost in rhode island,/states/rhode-island-lawyer-costs,0,4,0,46,0,3,48.7,0,1,38,200.0
how much does divorce cost in south carolina,/states/south-carolina-lawyer-costs,0,4,0,71.8,0,0,,0,2,62.5,-100.0
how much does divorce cost in wyoming,/states/wyoming-lawyer-costs,0,4,0,65.2,0,1,54,0,1,61,0.0
how much does hiring a lawyer cost,/states/pennsylvania-lawyer-costs,0,4,0,9.8,0,3,9.7,0,1,10,200.0
how much does it cost for a criminal lawyer,/states/new-york-lawyer-costs,0,4,0,50.5,0,1,38,0,2,49.5,-50.0
how much does it cost for a lawyer to represent you in court,/states/delaware-lawyer-costs,0,4,0,6.8,0,1,4,0,3,7.7,-66.7
how much does it cost for a lawyer to represent you in court,/states/ohio-lawyer-costs,0,4,0,12,0,3,12,0,1,12,200.0
how much does it cost for a lawyer to represent you in court,/states/south-dakota-lawyer-costs,0,4,0,4.8,0,3,4.7,0,1,5,200.0
how much does it cost for a lawyer to represent you in court,/states/utah-lawyer-costs,0,4,0,10.5,0,2,11.5,0,1,10,100.0
how much does it cost for a lawyer to represent you in court,/states/vermont-lawyer-costs,0,4,0,6.5,0,2,6.5,0,2,6.5,0.0
how much does it cost to become a lawyer,/states/new-york-lawyer-costs,0,4,0,48.2,0,1,25,0,2,46.5,-50.0
how much does it cost to consult a lawyer,/states/new-york-lawyer-costs,0,4,0,32.5,0,1,21,0,2,29,-50.0
how much does it cost to get a lawyer,/states/missouri-lawyer-costs,0,4,0,11.2,0,3,10.7,0,1,13,200.0
how much does it cost to talk to a lawyer,/pages/can-i-afford-a-lawyer,0,4,0,69.2,0,1,71,0,3,68.7,-66.7
how much does it cost to talk to a lawyer,/states/south-carolina-lawyer-costs,0,4,0,90.5,0,2,96,0,0,,
how much does probate cost in minnesota,/states/minnesota-lawyer-costs,0,4,0,53.8,0,0,,0,4,53.8,-100.0
how much employment lawyer cost,/pages/employment-lawyer-cost,0,4,0,61.8,0,1,70,0,2,48.5,-50.0
how much for a criminal defense attorney,/pages/criminal-defense-lawyer-cost,0,4,0,66.8,0,1,49,0,2,63,-50.0
how much for a lawyer,/pages/how-much-does-a-lawyer-cost,0,4,0,50.8,0,0,,0,3,45,-100.0
how much for a lawyer to represent you in court,/pages/can-i-afford-a-lawyer,0,4,0,75,0,0,,0,3,66.7,-100.0
how much for a lawyer to represent you in court,/states/wisconsin-lawyer-costs,0,4,0,47.2,0,1,93,0,1,6,0.0
how much for attorney,/states/oklahoma-lawyer-costs,0,4,0,67.2,0,2,48,0,0,,
how much for attorney,/states/tennessee-lawyer-costs,0,4,0,88,0,1,85,0,2,90,-50.0
how much for attorney,/states/utah-lawyer-costs,0,4,0,67,0,2,74.5,0,2,59.5,0.0
how much for attorney,/states/virginia-lawyer-costs,0,4,0,77.8,0,0,,0,0,,
how much immigration lawyer cost,/pages/immigration-lawyer-cost,0,4,0,86.5,0,1,55,0,3,97,-66.7
how much is a attorney,/pages/how-much-does-a-lawyer-cost,0,4,0,50.2,0,0,,0,3,51.7,-100.0
how much is a attorney,/states/colorado-lawyer-costs,0,4,0,27.2,0,0,,0,0,,
how much is a attorney,/states/maryland-lawyer-costs,0,4,0,46.8,0,3,59.3,0,1,9,200.0
how much is a attorney,/states/washington-lawyer-costs,0,4,0,16.5,0,1,18,0,1,15,0.0
how much is a cheap lawyer,/states/michigan-lawyer-costs,0,4,0,10.8,0,0,,0,2,10.5,-100.0
how much is a civil lawyer,/states/louisiana-lawyer-costs,0,4,0,7,0,2,6.5,0,2,7.5,0.0
how much is a consultation fee,/pages/lawyer-consultation-fee,0,4,0,74.2,0,1,35,0,2,87,-50.0
how much is a consultation with a lawyer,/states/florida-lawyer-costs,0,4,0,72.2,0,0,,0,1,73,-100.0
how much is a consultation with a lawyer,/states/new-york-lawyer-costs,0,4,0,33.5,0,2,16,0,1,47,100.0
how much is a defense lawyer,/states/new-york-lawyer-costs,0,4,0,45,0,2,38.5,0,1,42,100.0
how much is a divorce in nebraska,/states/nebraska-lawyer-costs,0,4,0,78.8,0,2,77,0,0,,
how much is a divorce in new mexico,/states/new-mexico-lawyer-costs,0,4,0,74.2,0,1,67,0,1,84,0.0
how much is a divorce lawyer cost,/states/alaska-lawyer-costs,0,4,0,79.5,0,1,82,0,3,78.7,-66.7
how much is a family law attorney,/states/louisiana-lawyer-costs,0,4,0,83.2,0,2,83.5,0,2,83,0.0
how much is a good attorney,/states/new-york-lawyer-costs,0,4,0,45.2,0,2,30.5,0,1,65,100.0
how much is a lawyer,/states/oregon-lawyer-costs,0,4,0,8.5,0,3,10.3,0,1,3,200.0
how much is a lawyer,/states/texas-lawyer-costs,0,4,0,46.5,0,4,46.5,0,0,,
how much is a lawyer,/states/wisconsin-lawyer-costs,0,4,0,57.5,0,4,57.5,0,0,,
how much is a lawyer for small claims court,/states/south-carolina-lawyer-costs,0,4,0,33.5,0,0,,0,2,56.5,-100.0
how much is a personal injury lawyer,/pages/personal-injury-lawyer-cost,0,4,0,57.5,0,4,57.5,0,0,,
how much is a private attorney,/states/hawaii-lawyer-costs,0,4,0,11.8,0,0,,0,4,11.8,-100.0
how much is a real estate attorney,/pages/real-estate-lawyer-cost,0,4,0,56,0,2,23.5,0,1,87,100.0
how much is a small claims lawyer,/states/new-york-lawyer-costs,0,4,0,24.2,0,2,4.5,0,1,37,100.0
how much is a small claims lawyer,/states/oklahoma-lawyer-costs,0,4,0,8.5,0,1,5,0,0,,
how much is an attorney,/states/kentucky-lawyer-costs,0,4,0,8.5,0,3,8.3,0,1,9,200.0
how much is attorney,/states/south-carolina-lawyer-costs,0,4,0,66,0,0,,0,3,65.7,-100.0
how much is it to become a lawyer,/states/new-york-lawyer-costs,0,4,0,50.5,0,2,32,0,1,62,100.0
how much is it to hire a lawyer,/pages/how-much-does-a-lawyer-cost,0,4,0,65.2,0,0,,0,3,64,-100.0
how much is lawyer consultation fee,/states/new-york-lawyer-costs,0,4,0,40.5,0,0,,0,3,36.7,-100.0
how much lawyer cost,/states/south-carolina-lawyer-costs,0,4,0,56.2,0,2,48.5,0,1,78,100.0
how much lawyers cost,/states/massachusetts-lawyer-costs,0,4,0,57.8,0,2,28,0,2,87.5,0.0
how much should a lawyer cost,/states/california-lawyer-costs,0,4,0,80.2,0,0,,0,0,,
how much to hire a lawyer,/pages/how-much-does-a-lawyer-cost,0,4,0,75,0,1,80,0,2,65.5,-50.0
how to pay attorney fees,/states/new-york-lawyer-costs,0,4,0,55,0,1,42,0,1,39,0.0
how to pay for attorney fees,/states/new-york-lawyer-costs,0,4,0,57,0,2,45.5,0,1,61,100.0
idaho divorce cost,/states/idaho-lawyer-costs,0,4,0,76.2,0,0,,0,1,69,-100.0
kansas divorce cost,/states/kansas-lawyer-costs,0,4,0,77.2,0,2,66.5,0,1,80,100.0
lawer fee,/states/new-york-lawyer-costs,0,4,0,12,0,4,12,0,0,,
lawsuit lawyers,/states/maryland-lawyer-costs,0,4,0,2,0,4,2,0,0,,
lawyer calculator,/pages/lawyer-cost-calculator,0,4,0,56,0,0,,0,0,,
lawyer consultant fees,/pages/lawyer-consultation-fee,0,4,0,60.2,0,1,37,0,1,35,0.0
lawyer consultation cost,/states/california-lawyer-costs,0,4,0,67.8,0,0,,0,0,,
lawyer consultation fees,/pages/lawyer-consultation-fee,0,4,0,79,0,2,63.5,0,1,89,100.0
lawyer consultation fees,/states/new-york-lawyer-costs,0,4,0,29,0,2,17.5,0,1,27,100.0
lawyer consultation price,/states/new-york-lawyer-costs,0,4,0,22.8,0,2,17.5,0,2,28,0.0
lawyer cost,/states/arizona-lawyer-costs,0,4,0,9.2,0,4,9.2,0,0,,
lawyer cost,/states/new-hampshire-lawyer-costs,0,4,0,6.2,0,3,6,0,1,7,200.0
lawyer cost,/states/oregon-lawyer-costs,0,4,0,8.2,0,2,8.5,0,2,8,0.0
lawyer cost per hour,/states/massachusetts-lawyer-costs,0,4,0,9.2,0,3,8.7,0,1,11,200.0
lawyer costs,/states/massachusetts-lawyer-costs,0,4,0,43.2,0,1,33,0,3,46.7,-66.7
lawyer costs,/states/tennessee-lawyer-costs,0,4,0,64.5,0,2,83.5,0,2,45.5,0.0
lawyer fee,/states/indiana-lawyer-costs,0,4,0,32.8,0,3,39.7,0,1,12,200.0
lawyer fee,/states/louisiana-lawyer-costs,0,4,0,70.8,0,4,70.8,0,0,,
lawyer fee,/states/minnesota-lawyer-costs,0,4,0,11,0,4,11,0,0,,
lawyer fee,/states/nevada-lawyer-costs,0,4,0,36.5,0,3,45,0,1,11,200.0
lawyer fees,/states/alabama-lawyer-costs,0,4,0,11.5,0,1,11,0,2,12.5,-50.0
lawyer fees,/states/illinois-lawyer-costs,0,4,0,78,0,2,93.5,0,1,39,100.0
lawyer fees,/states/minnesota-lawyer-costs,0,4,0,9.5,0,2,9.5,0,2,9.5,0.0
lawyer fees per hour,/states/massachusetts-lawyer-costs,0,4,0,8.5,0,2,8,0,2,9,0.0
lawyer hourly rate,/states/washington-lawyer-costs,0,4,0,7.8,0,3,7.7,0,1,8,200.0
lawyer hourly rate calculator,/pages/lawyer-cost-calculator,0,4,0,41.8,0,0,,0,1,64,-100.0
lawyer new jersey,/states/new-jersey-lawyer-costs,0,4,0,2.5,0,3,2.7,0,1,2,200.0
lawyer payments,/states/colorado-lawyer-costs,0,4,0,41,0,0,,0,0,,
lawyer price,/states/massachusetts-lawyer-costs,0,4,0,31.2,0,1,51,0,3,24.7,-66.7
lawyer price,/states/oklahoma-lawyer-costs,0,4,0,84,0,2,82,0,1,76,100.0
lawyer price,/states/pennsylvania-lawyer-costs,0,4,0,63,0,0,,0,1,8,-100.0
lawyer price,/states/south-carolina-lawyer-costs,0,4,0,51.2,0,2,12,0,1,93,100.0
lawyer prices,/states/alabama-lawyer-costs,0,4,0,30,0,1,7,0,1,5,0.0
lawyer prices,/states/indiana-lawyer-costs,0,4,0,62.5,0,2,48,0,0,,
lawyer prices,/states/new-jersey-lawyer-costs,0,4,0,11.8,0,0,,0,2,11,-100.0
lawyer rate,/states/new-york-lawyer-costs,0,4,0,16.5,0,1,9,0,2,16,-50.0
lawyer rates,/states/california-lawyer-costs,0,4,0,85,0,0,,0,0,,
lawyer rates,/states/new-york-lawyer-costs,0,4,0,17.2,0,1,13,0,2,19.5,-50.0
lawyer salary maine,/states/maine-lawyer-costs,0,4,0,38.5,0,0,,0,2,39,-100.0
lawyers consultation fee,/pages/lawyer-consultation-fee,0,4,0,66.8,0,2,44,0,1,95,100.0
lawyers cost,/states/oklahoma-lawyer-costs,0,4,0,69,0,2,57,0,0,,
lawyers cost per hour,/states/new-york-lawyer-costs,0,4,0,39,0,2,50.5,0,1,27,100.0
lawyers fees,/states/kentucky-lawyer-costs,0,4,0,63.2,0,0,,0,4,63.2,-100.0
lawyers fees,/states/mississippi-lawyer-costs,0,4,0,49.5,0,0,,0,4,49.5,-100.0
lawyers fees,/states/south-carolina-lawyer-costs,0,4,0,60.8,0,0,,0,1,66,-100.0
lawyers fees,/states/wisconsin-lawyer-costs,0,4,0,61,0,2,40,0,2,82,0.0
lawyers fees calculator,/states/california-lawyer-costs,0,4,0,72.8,0,0,,0,1,73,-100.0
legal advice fee,/states/new-york-lawyer-costs,0,4,0,35,0,1,13,0,2,37,-50.0
legal consultation cost,/states/new-york-lawyer-costs,0,4,0,29.5,0,2,17.5,0,1,30,100.0
legal consulting fees,/pages/legal-fee-calculator,0,4,0,84.5,0,0,,0,0,,
legal consulting fees,/states/north-carolina-lawyer-costs,0,4,0,89.8,0,0,,0,1,97,-100.0
legal cost,/states/illinois-lawyer-costs,0,4,0,66.8,0,2,76,0,1,34,100.0
legal cost,/states/pennsylvania-lawyer-costs,0,4,0,51.2,0,3,55.7,0,1,38,200.0
legal cost,/states/wisconsin-lawyer-costs,0,4,0,53,0,3,56.3,0,0,,
legal fee calculator,/pages/lawyer-cost-calculator,0,4,0,43.5,0,0,,0,1,40,-100.0
legal pricing and budgeting tool,/pages/legal-fee-calculator,0,4,0,90.2,0,0,,0,2,87.5,-100.0
legal professional fees,/,0,4,0,61,0,2,61.5,0,2,60.5,0.0
legal research fee,/how-we-research,0,4,0,60.5,0,2,52.5,0,1,64,100.0
litigation lawyer fees,/states/new-york-lawyer-costs,0,4,0,31.8,0,1,15,0,1,25,0.0
local attorney fees,/states/alabama-lawyer-costs,0,4,0,78.2,0,0,,0,3,81.7,-100.0
local attorney fees,/states/south-carolina-lawyer-costs,0,4,0,58.2,0,1,20,0,1,100,0.0
minnesota divorce lawyer hourly rate,/states/minnesota-lawyer-costs,0,4,0,50.8,0,3,53.7,0,1,42,200.0
missouri attorney hourly rate real estate 2024 survey,/states/missouri-lawyer-costs,0,4,0,8,0,0,,0,0,,
monthly lawyer cost,/states/alabama-lawyer-costs,0,4,0,96.2,0,0,,0,2,100.5,-100.0
nebraska bar exam application fee schedule,/states/nebraska-lawyer-costs,0,4,0,39.8,0,2,41.5,0,2,38,0.0
nj attorney registration fee,/states/new-jersey-lawyer-costs,0,4,0,20.2,0,2,19.5,0,1,21,100.0
ohio divorce lawyer hourly rate,/states/ohio-lawyer-costs,0,4,0,82.8,0,2,90,0,2,75.5,0.0
pay for a lawyer,/states/new-york-lawyer-costs,0,4,0,38.5,0,3,37.7,0,1,41,200.0
personal lawyer cost,/states/colorado-lawyer-costs,0,4,0,8.5,0,2,6,0,1,10,100.0
private lawyer cost,/states/mississippi-lawyer-costs,0,4,0,12.8,0,0,,0,0,,
professional legal fees,/states/new-york-lawyer-costs,0,4,0,37.2,0,1,17,0,1,39,0.0
rate attorney,/states/tennessee-lawyer-costs,0,4,0,70.8,0,1,49,0,3,78,-66.7
real estate attorney madison wi,/states/wisconsin-lawyer-costs,0,4,0,2,0,2,2,0,2,2,0.0
real estate attorney maryland free consultation,/states/maryland-lawyer-costs,0,4,0,2.5,0,4,2.5,0,0,,
real estate attorney nj fees,/states/new-jersey-lawyer-costs,0,4,0,72.8,0,0,,0,0,,
real estate attorney philadelphia,/states/pennsylvania-lawyer-costs,0,4,0,2,0,4,2,0,0,,
real estate attorney phoenix,/states/arizona-lawyer-costs,0,4,0,2,0,0,,0,4,2,-100.0
real estate lawyer,/states/arizona-lawyer-costs,0,4,0,1,0,0,,0,4,1,-100.0
real estate lawyer baltimore,/states/maryland-lawyer-costs,0,4,0,2,0,3,2,0,1,2,200.0
real estate lawyer fees,/pages/real-estate-lawyer-cost,0,4,0,81.8,0,4,81.8,0,0,,
real estate lawyer prices,/pages/real-estate-lawyer-cost,0,4,0,82.8,0,2,84,0,2,81.5,0.0
small claims attorney cost,/states/arizona-lawyer-costs,0,4,0,9.5,0,4,9.5,0,0,,
small claims lawyer cost,/states/alaska-lawyer-costs,0,4,0,44.5,0,1,46,0,2,43.5,-50.0
solicitor consultation fee,/states/new-york-lawyer-costs,0,4,0,40.2,0,3,33.3,0,1,61,200.0
solicitor costs,/,0,4,0,77,0,0,,0,4,77,-100.0
solicitor fees,/states/maryland-lawyer-costs,0,4,0,66.2,0,3,68.7,0,0,,
solicitors rates,/states/new-york-lawyer-costs,0,4,0,23.8,0,1,22,0,2,26.5,-50.0
south carolina divorce cost,/states/south-carolina-lawyer-costs,0,4,0,79.8,0,0,,0,2,77.5,-100.0
supreme court advocate fees,/states/maryland-lawyer-costs,0,4,0,81,0,2,84.5,0,1,82,100.0
supreme court lawyers fees,/states/new-york-lawyer-costs,0,4,0,60.5,0,1,6,0,1,65,0.0
typical lawyer fees,/states/new-york-lawyer-costs,0,4,0,35.5,0,1,76,0,2,20,-50.0
typical lawyer fees for closing nj,/states/new-jersey-lawyer-costs,0,4,0,51,0,1,33,0,3,57,-66.7
what percentage does a workers comp lawyer take in wisconsin,/states/wisconsin-lawyer-costs,0,4,0,56.5,0,4,56.5,0,0,,
whats a consultation fee,/pages/lawyer-consultation-fee,0,4,0,52,0,2,39,0,1,63,100.0
when do i have to pay a lawyer,/states/new-york-lawyer-costs,0,4,0,76.8,0,3,79.7,0,1,68,200.0
why do some lawyers charge for consultation,/pages/lawyer-consultation-fee,0,4,0,70.8,0,2,46,0,0,,
will lawyers do payment plans,/states/minnesota-lawyer-costs,0,4,0,85.5,0,2,77.5,0,2,93.5,0.0
lawyer cost per hour,/states/arizona-lawyer-costs,1,3,0.3333,9,1,1,8,0,2,9.5,-50.0
"""asbestos.com""",/pages/mesothelioma-settlement-calculator,0,3,0,7.3,0,0,,0,0,,
+,/states/arkansas-lawyer-costs,0,3,0,1,0,0,,0,3,1,-100.0
7th district court price utah,/states/utah-lawyer-costs,0,3,0,33.3,0,0,,0,3,33.3,-100.0
advocate consultation fees,/states/new-york-lawyer-costs,0,3,0,18.3,0,1,16,0,1,25,0.0
advocate cost,/states/new-york-lawyer-costs,0,3,0,28.3,0,1,7,0,1,21,0.0
advocate fees,/states/connecticut-lawyer-costs,0,3,0,65.7,0,3,65.7,0,0,,
advocate fees for civil cases,/states/new-york-lawyer-costs,0,3,0,35,0,2,15,0,0,,
advocate fees for criminal cases,/states/new-york-lawyer-costs,0,3,0,33,0,1,14,0,1,35,0.0
affordable lawyer retainer,/states/arizona-lawyer-costs,0,3,0,82,0,1,80,0,2,83,-50.0
alaska bar exam fees,/states/alaska-lawyer-costs,0,3,0,46,0,0,,0,1,45,-100.0
alaska divorce cost,/states/alaska-lawyer-costs,0,3,0,62,0,0,,0,1,63,-100.0
amerikada avukatlık masrafları,/,0,3,0,60,0,2,56,0,0,,
arbitration lawyer cost,/states/california-lawyer-costs,0,3,0,86.3,0,1,87,0,2,86,-50.0
arbitration lawyer cost,/states/illinois-lawyer-costs,0,3,0,74.7,0,1,69,0,1,74,0.0
arkansas bar application fee,/states/arkansas-lawyer-costs,0,3,0,34.7,0,0,,0,3,34.7,-100.0
asbestos compensation calculator,/pages/mesothelioma-settlement-calculator,0,3,0,81,0,0,,0,0,,
attorney consultation fees,/pages/lawyer-consultation-fee,0,3,0,89.3,0,1,89,0,1,85,0.0
attorney consultation fees,/states/new-york-lawyer-costs,0,3,0,38,0,1,23,0,1,33,0.0
attorney consultation subscription,/pages/lawyer-consultation-fee,0,3,0,87.3,0,0,,0,2,86.5,-100.0
attorney cost,/pages/how-much-does-a-lawyer-cost,0,3,0,73.3,0,0,,0,1,89,-100.0
attorney cost,/states/illinois-lawyer-costs,0,3,0,78,0,0,,0,1,48,-100.0
attorney cost,/states/new-jersey-lawyer-costs,0,3,0,11.7,0,1,11,0,1,12,0.0
attorney cost,/states/virginia-lawyer-costs,0,3,0,70,0,0,,0,0,,
attorney cost per hour,/states/new-york-lawyer-costs,0,3,0,28.3,0,1,19,0,1,30,0.0
attorney fee,/states/south-carolina-lawyer-costs,0,3,0,59.3,0,0,,0,1,55,-100.0
attorney hourly rate,/states/new-york-lawyer-costs,0,3,0,25.7,0,1,21,0,1,34,0.0
attorney hourly rates,/states/new-york-lawyer-costs,0,3,0,50.7,0,1,64,0,1,41,0.0
attorney nyc,/states/new-york-lawyer-costs,0,3,0,2,0,3,2,0,0,,
attorney price,/states/florida-lawyer-costs,0,3,0,82.3,0,2,88,0,0,,
attorney price,/states/north-carolina-lawyer-costs,0,3,0,92.3,0,0,,0,3,92.3,-100.0
attorney prices,/states/florida-lawyer-costs,0,3,0,89,0,0,,0,2,87.5,-100.0
attorney prices,/states/oklahoma-lawyer-costs,0,3,0,17,0,2,9,0,1,33,100.0
attorney prices,/states/wisconsin-lawyer-costs,0,3,0,80.3,0,0,,0,3,80.3,-100.0
attorney pricing,/states/texas-lawyer-costs,0,3,0,88.3,0,0,,0,0,,
attorney rate,/states/south-carolina-lawyer-costs,0,3,0,68.7,0,0,,0,1,89,-100.0
attorney rates,/states/california-lawyer-costs,0,3,0,85,0,0,,0,0,,
attorney rates,/states/indiana-lawyer-costs,0,3,0,5.7,0,3,5.7,0,0,,
attorney rates,/states/maryland-lawyer-costs,0,3,0,66.7,0,1,59,0,0,,
attorney rates,/states/south-carolina-lawyer-costs,0,3,0,67.7,0,0,,0,0,,
attorney rates,/states/tennessee-lawyer-costs,0,3,0,43,0,2,59,0,1,11,100.0
attorneys charges,/states/connecticut-lawyer-costs,0,3,0,9.7,0,0,,0,3,9.7,-100.0
attorneys charges,/states/massachusetts-lawyer-costs,0,3,0,31,0,1,70,0,2,11.5,-50.0
attorneys cost,/states/new-york-lawyer-costs,0,3,0,21.7,0,0,,0,2,22,-100.0
average attorney cost,/states/new-york-lawyer-costs,0,3,0,34,0,0,,0,2,29,-100.0
average attorney cost per hour,/states/new-york-lawyer-costs,0,3,0,53,0,0,,0,1,44,-100.0
average attorney fee,/pages/how-much-does-a-lawyer-cost,0,3,0,82,0,0,,0,1,77,-100.0
average attorney fee,/states/new-york-lawyer-costs,0,3,0,40.3,0,1,65,0,1,25,0.0
average attorney fees,/states/arizona-lawyer-costs,0,3,0,10,0,1,11,0,2,9.5,-50.0
average attorney fees for civil case,/states/alabama-lawyer-costs,0,3,0,25.7,0,1,7,0,0,,
average attorney fees for civil case,/states/louisiana-lawyer-costs,0,3,0,11,0,2,10.5,0,1,12,100.0
average attorney fees for civil case,/states/virginia-lawyer-costs,0,3,0,40.3,0,1,11,0,1,11,0.0
average attorney fees per hour,/states/new-york-lawyer-costs,0,3,0,40.3,0,1,21,0,1,31,0.0
average cost criminal defense attorney,/pages/criminal-defense-lawyer-cost,0,3,0,64.7,0,0,,0,2,62.5,-100.0
average cost for an attorney,/states/indiana-lawyer-costs,0,3,0,12,0,1,12,0,2,12,-50.0
average cost for an attorney,/states/texas-lawyer-costs,0,3,0,83.3,0,3,83.3,0,0,,
average cost for attorney,/pages/how-much-does-a-lawyer-cost,0,3,0,86,0,0,,0,3,86,-100.0
average cost for attorney,/states/new-york-lawyer-costs,0,3,0,51.7,0,1,83,0,1,30,0.0
average cost for criminal defense attorney,/pages/criminal-defense-lawyer-cost,0,3,0,74.7,0,0,,0,1,62,-100.0
average cost for family law attorney,/states/new-york-lawyer-costs,0,3,0,73.3,0,1,64,0,2,78,-50.0
average cost of a criminal defense attorney,/pages/criminal-defense-lawyer-cost,0,3,0,73.7,0,1,47,0,1,92,0.0
average cost of a criminal lawyer,/states/new-york-lawyer-costs,0,3,0,39.7,0,1,27,0,1,33,0.0
average cost of a lawyer,/states/colorado-lawyer-costs,0,3,0,29.3,0,0,,0,0,,
average cost of a lawyer,/states/tennessee-lawyer-costs,0,3,0,41,0,3,41,0,0,,
average cost of a lawyer per hour,/states/new-york-lawyer-costs,0,3,0,37.7,0,1,20,0,1,39,0.0
average cost of an attorney,/states/arkansas-lawyer-costs,0,3,0,6,0,3,6,0,0,,
average cost of defense attorney,/pages/criminal-defense-lawyer-cost,0,3,0,47.7,0,0,,0,3,47.7,-100.0
average cost of divorce in ct,/states/connecticut-lawyer-costs,0,3,0,68.7,0,1,77,0,1,60,0.0
average cost of divorce in oregon,/states/oregon-lawyer-costs,0,3,0,77.7,0,2,79,0,1,75,100.0
average cost of divorce in vermont,/states/vermont-lawyer-costs,0,3,0,83.7,0,0,,0,0,,
average cost of divorce lawyer in illinois,/states/illinois-lawyer-costs,0,3,0,91.3,0,0,,0,2,98.5,-100.0
average cost of employment lawyer,/pages/employment-lawyer-cost,0,3,0,10,0,3,10,0,0,,
average cost of estate planning,/pages/estate-planning-lawyer-cost,0,3,0,53,0,3,53,0,0,,
average cost of family law attorney,/states/texas-lawyer-costs,0,3,0,89.3,0,0,,0,1,87,-100.0
average cost of lawyer for small business,/states/new-york-lawyer-costs,0,3,0,42.3,0,1,26,0,1,41,0.0
average criminal defense attorney fees,/states/new-york-lawyer-costs,0,3,0,45.7,0,1,46,0,1,30,0.0
average criminal lawyer cost,/states/colorado-lawyer-costs,0,3,0,38,0,0,,0,0,,
average hourly attorney fees,/states/idaho-lawyer-costs,0,3,0,78.7,0,0,,0,0,,
average hourly attorney fees,/states/new-york-lawyer-costs,0,3,0,24.3,0,1,25,0,1,22,0.0
average hourly rate for lawyer,/states/new-york-lawyer-costs,0,3,0,29.3,0,0,,0,1,30,-100.0
average lawyer consultation fee,/pages/lawyer-consultation-fee,0,3,0,77,0,1,60,0,1,88,0.0
average lawyer cost,/,0,3,0,94,0,1,87,0,1,95,0.0
average lawyer cost,/states/south-carolina-lawyer-costs,0,3,0,69.3,0,0,,0,1,39,-100.0
average lawyer fee,/pages/how-much-does-a-lawyer-cost,0,3,0,57.3,0,0,,0,2,59.5,-100.0
average lawyer fee,/states/new-york-lawyer-costs,0,3,0,23,0,1,13,0,1,24,0.0
average lawyer fee,/states/south-carolina-lawyer-costs,0,3,0,90.7,0,0,,0,1,99,-100.0
average lawyer fee per hour,/states/new-york-lawyer-costs,0,3,0,44.7,0,1,35,0,1,46,0.0
average lawyer fees,/states/california-lawyer-costs,0,3,0,71,0,0,,0,0,,
average lawyer fees,/states/south-carolina-lawyer-costs,0,3,0,60.3,0,0,,0,0,,
average lawyer fees,/states/west-virginia-lawyer-costs,0,3,0,10.7,0,2,9.5,0,0,,
average lawyer hourly rate,/states/new-york-lawyer-costs,0,3,0,14,0,2,10,0,1,22,100.0
average lawyer price,/states/california-lawyer-costs,0,3,0,88.3,0,2,93.5,0,0,,
average legal fees,/,0,3,0,87,0,2,87,0,1,87,100.0
average legal fees,/states/california-lawyer-costs,0,3,0,67.7,0,0,,0,0,,
average legal fees,/states/maryland-lawyer-costs,0,3,0,51.3,0,3,51.3,0,0,,
average legal fees,/states/massachusetts-lawyer-costs,0,3,0,26.7,0,2,27,0,1,26,100.0
barrister cost,/states/new-york-lawyer-costs,0,3,0,43.7,0,1,30,0,1,38,0.0
barristers fees,/states/connecticut-lawyer-costs,0,3,0,56.7,0,2,45.5,0,1,79,100.0
barristers fees,/states/mississippi-lawyer-costs,0,3,0,79.7,0,2,76,0,1,87,100.0
calculate lawyer fees,/states/florida-lawyer-costs,0,3,0,93,0,1,93,0,1,95,0.0
calculate legal fees,/pages/legal-fee-calculator,0,3,0,47.7,0,1,44,0,0,,
calculator legal fees,/pages/legal-fee-calculator,0,3,0,70,0,1,44,0,0,,
civil court lawyer cost,/states/louisiana-lawyer-costs,0,3,0,8.3,0,0,,0,1,5,-100.0
civil court lawyer fees,/states/new-york-lawyer-costs,0,3,0,34,0,1,17,0,1,34,0.0
civil lawsuit lawyer fees,/states/new-york-lawyer-costs,0,3,0,32.3,0,1,14,0,1,27,0.0
civil lawyer fees,/states/new-york-lawyer-costs,0,3,0,41.3,0,1,12,0,1,45,0.0
colorado bar dues,/states/colorado-lawyer-costs,0,3,0,20.3,0,0,,0,2,18,-100.0
colorado lawyer salary,/states/colorado-lawyer-costs,0,3,0,31.7,0,2,30.5,0,0,,
common billing workflow mistakes in dui programs,/pages/legal-aid-guide,0,3,0,9,0,0,,0,0,,
company lawyers cost,/states/massachusetts-lawyer-costs,0,3,0,72.7,0,1,56,0,1,82,0.0
compare wrongful death attorney fees in new mexico,/states/new-mexico-lawyer-costs,0,3,0,85,0,1,74,0,1,82,0.0
construction lawyer cost,/states/new-york-lawyer-costs,0,3,0,56,0,2,35.5,0,1,97,100.0
consultation lawyer fee,/states/new-york-lawyer-costs,0,3,0,40.3,0,1,41,0,1,35,0.0
consumer court advocate fees,/states/new-york-lawyer-costs,0,3,0,29.7,0,1,16,0,1,31,0.0
contingency fee definition,/pages/contingency-fee-explained,0,3,0,67.7,0,2,50.5,0,1,102,100.0
contract attorney rates,/states/tennessee-lawyer-costs,0,3,0,65.7,0,2,55.5,0,0,,
cost,/states/massachusetts-lawyer-costs,0,3,0,4.3,0,3,4.3,0,0,,
cost for a lawyer,/states/massachusetts-lawyer-costs,0,3,0,11.7,0,3,11.7,0,0,,
cost for a lawyer,/states/south-carolina-lawyer-costs,0,3,0,56.3,0,0,,0,3,56.3,-100.0
cost for an attorney,/states/south-carolina-lawyer-costs,0,3,0,83,0,0,,0,1,99,-100.0
cost for estate planning,/pages/estate-planning-lawyer-cost,0,3,0,68.3,0,0,,0,1,45,-100.0
cost for lawyer,/states/california-lawyer-costs,0,3,0,69.3,0,0,,0,2,71.5,-100.0
cost legal,/states/wisconsin-lawyer-costs,0,3,0,54,0,0,,0,3,54,-100.0
cost of a criminal defense attorney,/states/colorado-lawyer-costs,0,3,0,33,0,0,,0,0,,
cost of a criminal lawyer,/states/new-york-lawyer-costs,0,3,0,44,0,1,37,0,1,35,0.0
cost of a lawyer,/states/indiana-lawyer-costs,0,3,0,34.7,0,3,34.7,0,0,,
cost of a lawyer,/states/mississippi-lawyer-costs,0,3,0,60.7,0,0,,0,3,60.7,-100.0
cost of a lawyer,/states/virginia-lawyer-costs,0,3,0,91.3,0,0,,0,0,,
cost of a lawyer,/states/washington-lawyer-costs,0,3,0,50.7,0,0,,0,2,34.5,-100.0
cost of a lawyer,/states/west-virginia-lawyer-costs,0,3,0,56.7,0,3,56.7,0,0,,
cost of a lawyer per hour,/states/new-york-lawyer-costs,0,3,0,47.7,0,1,34,0,1,44,0.0
cost of an attorney,/states/california-lawyer-costs,0,3,0,81.7,0,0,,0,0,,
cost of an attorney,/states/tennessee-lawyer-costs,0,3,0,93.7,0,2,96.5,0,1,88,100.0
cost of attorneys,/states/new-york-lawyer-costs,0,3,0,17.7,0,1,11,0,1,26,0.0
cost of criminal defense lawyer,/states/new-york-lawyer-costs,0,3,0,55,0,1,72,0,2,46.5,-50.0
cost of divorce in mn,/states/minnesota-lawyer-costs,0,3,0,84.3,0,0,,0,0,,
cost of divorce in new mexico,/states/new-mexico-lawyer-costs,0,3,0,79,0,1,69,0,1,84,0.0
cost of family law attorney,/states/new-york-lawyer-costs,0,3,0,68.7,0,2,62.5,0,1,81,100.0
cost of lawyer,/states/utah-lawyer-costs,0,3,0,42,0,0,,0,3,42,-100.0
cost of lawyer,/states/washington-lawyer-costs,0,3,0,35,0,2,11,0,1,83,100.0
cost of lawyer consultation,/states/california-lawyer-costs,0,3,0,75.3,0,0,,0,0,,
cost of lawyers,/states/massachusetts-lawyer-costs,0,3,0,62.7,0,2,60.5,0,1,67,100.0
cost of legal advice,/states/new-york-lawyer-costs,0,3,0,56,0,1,92,0,1,30,0.0
cost of legal advice,/states/pennsylvania-lawyer-costs,0,3,0,93.7,0,1,96,0,2,92.5,-50.0
cost of legal representation,/states/new-york-lawyer-costs,0,3,0,35,0,1,14,0,1,36,0.0
cost of legal separation in south carolina,/states/south-carolina-lawyer-costs,0,3,0,98,0,0,,0,1,96,-100.0
cost to become a lawyer,/states/new-york-lawyer-costs,0,3,0,68.7,0,1,37,0,1,83,0.0
cost to hire a lawyer,/states/new-york-lawyer-costs,0,3,0,39,0,1,15,0,1,41,0.0
cost to hire a lawyer,/states/wisconsin-lawyer-costs,0,3,0,83.7,0,1,83,0,2,84,-50.0
coste abogado divorcio,/pages/divorce-lawyer-cost,0,3,0,86.3,0,2,93.5,0,1,72,100.0
costs vs fees contingency,/pages/contingency-fee-explained,0,3,0,81.7,0,0,,0,3,81.7,-100.0
court cost in sc,/states/south-carolina-lawyer-costs,0,3,0,27.3,0,3,27.3,0,0,,
criminal defense attorney lancaster pa,/states/pennsylvania-lawyer-costs,0,3,0,5.3,0,3,5.3,0,0,,
criminal lawyers new jersey,/states/new-jersey-lawyer-costs,0,3,0,3,0,3,3,0,0,,
criminal lawyers philadelphia,/states/pennsylvania-lawyer-costs,0,3,0,2,0,3,2,0,0,,
delaware lawyers,/states/delaware-lawyer-costs,0,3,0,2.7,0,3,2.7,0,0,,
divorce attorney fees,/states/oregon-lawyer-costs,0,3,0,60.7,0,2,59,0,1,64,100.0
divorce cost in wisconsin,/states/wisconsin-lawyer-costs,0,3,0,80.7,0,0,,0,3,80.7,-100.0
divorce in missouri cost,/states/missouri-lawyer-costs,0,3,0,79,0,1,77,0,2,80,-50.0
divorce lawyer consultation fee,/states/alaska-lawyer-costs,0,3,0,61.3,0,1,50,0,2,67,-50.0
divorce lawyer prices,/states/alaska-lawyer-costs,0,3,0,53.3,0,0,,0,2,45.5,-100.0
divorce lawyer retainer fee,/states/alaska-lawyer-costs,0,3,0,55,0,1,46,0,2,59.5,-50.0
do you have to pay for a court appointed attorney,/states/new-york-lawyer-costs,0,3,0,78,0,2,69.5,0,1,95,100.0
does a public defender cost money,/pages/criminal-defense-lawyer-cost,0,3,0,97.3,0,0,,0,1,100,-100.0
dui new jersey law the kugel law firm reviews,/pages/dui-lawyer-cost,0,3,0,3.7,0,1,4,0,2,3.5,-50.0
elder attorney cost,/states/minnesota-lawyer-costs,0,3,0,88,0,2,95,0,1,74,100.0
elder care attorney fees,/states/minnesota-lawyer-costs,0,3,0,78.3,0,1,90,0,2,72.5,-50.0
employment law fees,/pages/employment-lawyer-cost,0,3,0,74.7,0,0,,0,1,80,-100.0
estate plan attorney fees in arizona,/states/arizona-lawyer-costs,0,3,0,62.3,0,1,54,0,2,66.5,-50.0
estate planning attorney new jersey,/states/new-jersey-lawyer-costs,0,3,0,2,0,1,2,0,2,2,-50.0
estate planning costs,/pages/estate-planning-lawyer-cost,0,3,0,61.3,0,0,,0,0,,
expert witness fee calculator,/pages/contingency-fee-calculator,0,3,0,74.7,0,1,78,0,1,87,0.0
expert witness fee calculator,/pages/legal-fee-calculator,0,3,0,75,0,1,87,0,1,80,0.0
family court lawyers cost,/states/alaska-lawyer-costs,0,3,0,59,0,1,51,0,1,51,0.0
family lawyers baton rouge,/states/louisiana-lawyer-costs,0,3,0,2,0,3,2,0,0,,
fees for attorneys,/states/new-york-lawyer-costs,0,3,0,39,0,1,38,0,1,38,0.0
fees of lawyer,/states/new-york-lawyer-costs,0,3,0,29.7,0,2,22.5,0,0,,
flat fee vs hourly billing legal services cost-effectiveness comparison,/pages/hourly-vs-flat-fee-lawyer,0,3,0,45,0,2,37.5,0,1,60,100.0
flat fee vs hourly eviction,/pages/hourly-vs-flat-fee-lawyer,0,3,0,68.3,0,0,,0,0,,
how does retaining a lawyer work,/states/west-virginia-lawyer-costs,0,3,0,2,0,3,2,0,0,,
how expensive are lawyers,/states/california-lawyer-costs,0,3,0,72.7,0,0,,0,2,67,-100.0
how expensive are lawyers,/states/nevada-lawyer-costs,0,3,0,11,0,1,10,0,2,11.5,-50.0
how much a lawyer cost,/states/california-lawyer-costs,0,3,0,80,0,0,,0,0,,
how much a lawyer cost,/states/kentucky-lawyer-costs,0,3,0,12.3,0,2,12,0,1,13,100.0
how much a lawyer cost,/states/south-carolina-lawyer-costs,0,3,0,39.7,0,2,10.5,0,0,,
how much a lawyer make an hour,/states/new-york-lawyer-costs,0,3,0,48.3,0,1,30,0,1,45,0.0
how much are attorney fees,/states/new-hampshire-lawyer-costs,0,3,0,9.7,0,3,9.7,0,0,,
how much are attorney fees,/states/oklahoma-lawyer-costs,0,3,0,10.7,0,1,10,0,2,11,-50.0
how much are attorneys,/states/california-lawyer-costs,0,3,0,30,0,1,8,0,0,,
how much are attorneys,/states/new-york-lawyer-costs,0,3,0,50.3,0,0,,0,0,,
how much are bankruptcy lawyers,/pages/bankruptcy-lawyer-cost,0,3,0,65.7,0,1,57,0,2,70,-50.0
how much are court fees in colorado,/states/colorado-lawyer-costs,0,3,0,30.3,0,0,,0,1,18,-100.0
how much are court fees in maryland,/states/maryland-lawyer-costs,0,3,0,26.7,0,2,22.5,0,1,35,100.0
how much are defense attorneys,/states/new-york-lawyer-costs,0,3,0,56.3,0,1,50,0,1,39,0.0
how much are divorce attorneys,/states/idaho-lawyer-costs,0,3,0,9,0,3,9,0,0,,
how much are dui lawyers,/states/new-york-lawyer-costs,0,3,0,48.7,0,2,42.5,0,1,61,100.0
how much are lawyer consultation fees,/states/new-york-lawyer-costs,0,3,0,53,0,0,,0,1,29,-100.0
how much are lawyer fees,/states/connecticut-lawyer-costs,0,3,0,8,0,2,6,0,1,12,100.0
how much are lawyer fees,/states/kansas-lawyer-costs,0,3,0,15,0,0,,0,1,12,-100.0
how much are lawyer fees,/states/new-mexico-lawyer-costs,0,3,0,9.3,0,2,8,0,0,,
how much are lawyer fees,/states/south-carolina-lawyer-costs,0,3,0,57.3,0,1,12,0,2,80,-50.0
how much are lawyers,/states/arkansas-lawyer-costs,0,3,0,7.7,0,3,7.7,0,0,,
how much are lawyers,/states/colorado-lawyer-costs,0,3,0,26,0,1,7,0,0,,
how much are lawyers,/states/delaware-lawyer-costs,0,3,0,10,0,1,11,0,2,9.5,-50.0
how much are lawyers,/states/georgia-lawyer-costs,0,3,0,9.3,0,3,9.3,0,0,,
how much are lawyers,/states/indiana-lawyer-costs,0,3,0,36,0,1,89,0,2,9.5,-50.0
how much are lawyers,/states/kansas-lawyer-costs,0,3,0,8.7,0,3,8.7,0,0,,
how much are lawyers,/states/maryland-lawyer-costs,0,3,0,12,0,2,12,0,1,12,100.0
how much are lawyers,/states/mississippi-lawyer-costs,0,3,0,7.3,0,2,5.5,0,1,11,100.0
how much are lawyers,/states/new-hampshire-lawyer-costs,0,3,0,10.3,0,2,9.5,0,0,,
how much are lawyers,/states/new-jersey-lawyer-costs,0,3,0,8,0,3,8,0,0,,
how much are lawyers,/states/north-carolina-lawyer-costs,0,3,0,28.7,0,1,11,0,1,66,0.0
how much are lawyers,/states/washington-lawyer-costs,0,3,0,10.7,0,0,,0,2,11,-100.0
how much are lawyers,/states/wisconsin-lawyer-costs,0,3,0,86.7,0,1,96,0,2,82,-50.0
how much are public defenders,/pages/criminal-defense-lawyer-cost,0,3,0,91.3,0,1,99,0,0,,
how much attorney cost,/states/maine-lawyer-costs,0,3,0,4.7,0,2,5,0,0,,
how much attorney cost,/states/west-virginia-lawyer-costs,0,3,0,58,0,0,,0,3,58,-100.0
how much criminal lawyer cost,/states/new-york-lawyer-costs,0,3,0,53,0,1,65,0,1,39,0.0
how much criminal lawyers charge,/states/new-york-lawyer-costs,0,3,0,49.3,0,1,47,0,1,37,0.0
how much divorce lawyer cost,/states/wisconsin-lawyer-costs,0,3,0,86.7,0,0,,0,2,80,-100.0
how much do a lawyer cost,/pages/how-much-does-a-lawyer-cost,0,3,0,63.3,0,1,58,0,0,,
how much do attorneys charge per hour,/states/south-carolina-lawyer-costs,0,3,0,10.3,0,1,11,0,2,10,-50.0
how much do bankruptcies lawyers cost,/pages/bankruptcy-lawyer-cost,0,3,0,72.3,0,3,72.3,0,0,,
how much do bankruptcy attorneys charge,/pages/bankruptcy-lawyer-cost,0,3,0,80.7,0,1,75,0,2,83.5,-50.0
how much do civil lawyers cost,/states/minnesota-lawyer-costs,0,3,0,11,0,2,11,0,1,11,100.0
how much do custody lawyers cost,/states/alaska-lawyer-costs,0,3,0,83.3,0,1,79,0,1,81,0.0
how much do debt lawyers cost,/states/new-york-lawyer-costs,0,3,0,73.7,0,1,41,0,1,95,0.0
how much do defense attorneys cost,/states/new-york-lawyer-costs,0,3,0,67.7,0,1,65,0,1,52,0.0
how much do estate lawyers charge per hour,/states/minnesota-lawyer-costs,0,3,0,51.7,0,1,12,0,2,71.5,-50.0
how much do good lawyers cost,/states/new-york-lawyer-costs,0,3,0,47,0,1,42,0,1,46,0.0
how much do lawyers charge,/states/nevada-lawyer-costs,0,3,0,10.7,0,3,10.7,0,0,,
how much do lawyers charge for llc,/states/massachusetts-lawyer-costs,0,3,0,58.3,0,1,62,0,2,56.5,-50.0
how much do lawyers charge for power of attorney,/states/alaska-lawyer-costs,0,3,0,60.7,0,1,58,0,2,62,-50.0
how much do lawyers charge per hour,/states/idaho-lawyer-costs,0,3,0,21,0,3,21,0,0,,
how much do lawyers charge per hour,/states/massachusetts-lawyer-costs,0,3,0,11,0,2,12,0,1,9,100.0
how much do lawyers charge per hour,/states/new-hampshire-lawyer-costs,0,3,0,7.7,0,2,6.5,0,1,10,100.0
how much do lawyers charge per hour,/states/new-york-lawyer-costs,0,3,0,16,0,3,16,0,0,,
how much do lawyers cost,/states/california-lawyer-costs,0,3,0,60,0,1,6,0,0,,
how much do lawyers cost,/states/nebraska-lawyer-costs,0,3,0,10.3,0,2,10,0,1,11,100.0
how much do lawyers cost,/states/new-hampshire-lawyer-costs,0,3,0,9.7,0,0,,0,3,9.7,-100.0
how much do lawyers cost,/states/new-mexico-lawyer-costs,0,3,0,8.3,0,3,8.3,0,0,,
how much do lawyers cost,/states/oklahoma-lawyer-costs,0,3,0,11,0,3,11,0,0,,
how much do lawyers cost,/states/oregon-lawyer-costs,0,3,0,9.7,0,2,8.5,0,1,12,100.0
how much do lawyers cost,/states/vermont-lawyer-costs,0,3,0,9.3,0,2,9.5,0,1,9,100.0
how much do lawyers cost,/states/washington-lawyer-costs,0,3,0,22.7,0,1,12,0,0,,
how much do lawyers cost per hour,/states/washington-lawyer-costs,0,3,0,9,0,3,9,0,0,,
how much do lawyers make in oklahoma,/states/oklahoma-lawyer-costs,0,3,0,39.3,0,1,35,0,0,,
how much do personal injury lawyers cost,/pages/personal-injury-lawyer-cost,0,3,0,77,0,1,65,0,2,83,-50.0
how much do small business lawyers cost,/pages/business-lawyer-cost,0,3,0,33.3,0,3,33.3,0,0,,
how much do traffic lawyers cost,/states/alabama-lawyer-costs,0,3,0,77.3,0,1,73,0,2,79.5,-50.0
how much does a attorney cost,/states/minnesota-lawyer-costs,0,3,0,8.7,0,1,10,0,2,8,-50.0
how much does a car accident lawyer cost,/states/minnesota-lawyer-costs,0,3,0,66.7,0,3,66.7,0,0,,
how much does a civil lawyer cost,/states/maryland-lawyer-costs,0,3,0,9.7,0,3,9.7,0,0,,
how much does a civil lawyer cost,/states/south-carolina-lawyer-costs,0,3,0,28,0,1,7,0,1,65,0.0
how much does a civil lawyer cost,/states/tennessee-lawyer-costs,0,3,0,11.3,0,0,,0,3,11.3,-100.0
how much does a civil lawyer cost,/states/virginia-lawyer-costs,0,3,0,10,0,3,10,0,0,,
how much does a construction lawyer cost,/states/utah-lawyer-costs,0,3,0,11.3,0,3,11.3,0,0,,
how much does a consultation with a lawyer cost,/states/alaska-lawyer-costs,0,3,0,51.3,0,1,46,0,1,55,0.0
how much does a consultation with a lawyer cost,/states/new-york-lawyer-costs,0,3,0,31.7,0,0,,0,1,32,-100.0
how much does a consumer lawyer cost,/states/california-lawyer-costs,0,3,0,11,0,3,11,0,0,,
how much does a consumer protection lawyer cost,/states/tennessee-lawyer-costs,0,3,0,78.3,0,3,78.3,0,0,,
how much does a court appointed attorney cost,/states/new-york-lawyer-costs,0,3,0,59,0,1,29,0,1,74,0.0
how much does a criminal attorney cost,/pages/criminal-defense-lawyer-cost,0,3,0,52.7,0,1,1,0,2,78.5,-50.0
how much does a criminal attorney cost,/states/new-york-lawyer-costs,0,3,0,61.3,0,1,64,0,1,50,0.0
how much does a criminal defence lawyer cost,/pages/criminal-defense-lawyer-cost,0,3,0,63,0,1,45,0,2,72,-50.0
how much does a criminal defense attorney cost,/states/california-lawyer-costs,0,3,0,85.3,0,0,,0,2,92.5,-100.0
how much does a criminal defense attorney cost in massachusetts,/states/massachusetts-lawyer-costs,0,3,0,34,0,2,19.5,0,1,63,100.0
how much does a criminal defense lawyer charge,/pages/criminal-defense-lawyer-cost,0,3,0,38.7,0,2,27,0,1,62,100.0
how much does a criminal defense lawyer cost,/states/alabama-lawyer-costs,0,3,0,10.3,0,2,10.5,0,1,10,100.0
how much does a criminal defense lawyer cost montana,/states/montana-lawyer-costs,0,3,0,31,0,1,3,0,2,45,-50.0
how much does a debt lawyer cost,/states/new-york-lawyer-costs,0,3,0,73.7,0,1,51,0,1,84,0.0
how much does a defense attorney cost,/states/new-york-lawyer-costs,0,3,0,55,0,1,43,0,1,49,0.0
how much does a defense lawyer cost,/states/new-york-lawyer-costs,0,3,0,49,0,1,39,0,1,33,0.0
how much does a divorce cost in idaho,/states/idaho-lawyer-costs,0,3,0,41.7,0,1,69,0,2,28,-50.0
how much does a divorce cost in south carolina,/states/south-carolina-lawyer-costs,0,3,0,72.7,0,0,,0,1,58,-100.0
how much does a divorce cost in wv,/states/west-virginia-lawyer-costs,0,3,0,50,0,0,,0,1,34,-100.0
how much does a divorce lawyer cost,/states/north-dakota-lawyer-costs,0,3,0,88,0,0,,0,1,83,-100.0
how much does a divorce lawyer cost in maryland,/states/maryland-lawyer-costs,0,3,0,56.7,0,1,51,0,1,64,0.0
how much does a divorce lawyer cost in oregon,/states/oregon-lawyer-costs,0,3,0,43.3,0,1,33,0,1,52,0.0
how much does a drug lawyer cost,/pages/criminal-defense-lawyer-cost,0,3,0,63.7,0,0,,0,1,56,-100.0
how much does a dui lawyer cost in illinois,/pages/dui-lawyer-cost,0,3,0,54,0,0,,0,1,60,-100.0
how much does a dwi lawyer cost in nc,/states/north-carolina-lawyer-costs,0,3,0,59.3,0,2,54.5,0,1,69,100.0
how much does a family court lawyer cost,/states/kentucky-lawyer-costs,0,3,0,9.7,0,2,9.5,0,1,10,100.0
how much does a family court lawyer cost,/states/west-virginia-lawyer-costs,0,3,0,8.7,0,1,6,0,2,10,-50.0
how much does a felony lawyer cost,/pages/criminal-defense-lawyer-cost,0,3,0,64,0,2,49,0,0,,
how much does a good attorney cost,/states/new-york-lawyer-costs,0,3,0,41.3,0,1,10,0,1,32,0.0
how much does a good criminal lawyer cost,/states/new-york-lawyer-costs,0,3,0,59,0,1,60,0,1,50,0.0
how much does a good lawyer cost,/states/colorado-lawyer-costs,0,3,0,37.7,0,0,,0,0,,
how much does a lawyer charge to represent you in court,/states/louisiana-lawyer-costs,0,3,0,11,0,0,,0,1,10,-100.0
how much does a lawyer cost,/states/alaska-lawyer-costs,0,3,0,10.7,0,0,,0,1,10,-100.0
how much does a lawyer cost,/states/hawaii-lawyer-costs,0,3,0,11.3,0,3,11.3,0,0,,
how much does a lawyer cost,/states/illinois-lawyer-costs,0,3,0,37.3,0,0,,0,0,,
how much does a lawyer cost,/states/iowa-lawyer-costs,0,3,0,12,0,1,12,0,1,12,0.0
how much does a lawyer cost,/states/mississippi-lawyer-costs,0,3,0,8,0,2,6,0,0,,
how much does a lawyer cost for a criminal case,/states/new-york-lawyer-costs,0,3,0,37,0,1,20,0,1,34,0.0
how much does a lawyer cost for a misdemeanor,/states/south-carolina-lawyer-costs,0,3,0,11,0,1,11,0,2,11,-50.0
how much does a lawyer cost for a misdemeanor case,/states/new-york-lawyer-costs,0,3,0,45,0,2,47,0,1,41,100.0
how much does a lawyer cost for misdemeanor,/states/new-york-lawyer-costs,0,3,0,46.7,0,1,27,0,1,33,0.0
how much does a lawyer cost for small claims court,/states/minnesota-lawyer-costs,0,3,0,4.7,0,0,,0,0,,
how much does a lawyer cost for small claims court,/states/wisconsin-lawyer-costs,0,3,0,8.3,0,1,7,0,1,9,0.0
how much does a lawyer cost per hour,/states/maryland-lawyer-costs,0,3,0,28.3,0,2,9.5,0,1,66,100.0
how much does a lawyer cost per hour,/states/minnesota-lawyer-costs,0,3,0,8.3,0,2,7,0,1,11,100.0
how much does a lawyer cost per hour,/states/new-york-lawyer-costs,0,3,0,43.7,0,0,,0,2,37,-100.0
how much does a lawyer cost per hour,/states/vermont-lawyer-costs,0,3,0,9.3,0,1,9,0,1,8,0.0
how much does a lawyer cost to represent you in court,/states/california-lawyer-costs,0,3,0,11,0,3,11,0,0,,
how much does a lawyer make in a year,/states/alaska-lawyer-costs,0,3,0,95.3,0,1,94,0,2,96,-50.0
how much does a lawyer make in oklahoma,/states/oklahoma-lawyer-costs,0,3,0,41,0,1,36,0,0,,
how much does a lawyer make in utah,/states/utah-lawyer-costs,0,3,0,27,0,1,19,0,0,,
how much does a lawyer usually cost,/states/massachusetts-lawyer-costs,0,3,0,11.3,0,3,11.3,0,0,,
how much does a legal aid lawyer cost,/states/new-jersey-lawyer-costs,0,3,0,5.7,0,1,5,0,2,6,-50.0
how much does a legal aid lawyer cost,/states/ohio-lawyer-costs,0,3,0,8.3,0,2,7.5,0,1,10,100.0
how much does a medicaid lawyer cost,/states/florida-lawyer-costs,0,3,0,90.7,0,0,,0,2,87.5,-100.0
how much does a parole lawyer cost,/states/new-york-lawyer-costs,0,3,0,60,0,1,47,0,1,49,0.0
how much does a personal injury lawyer cost,/states/michigan-lawyer-costs,0,3,0,80.3,0,2,81.5,0,1,78,100.0
how much does a probate lawyer cost in pa,/states/pennsylvania-lawyer-costs,0,3,0,73.7,0,1,71,0,2,75,-50.0
how much does a real estate attorney cost,/pages/real-estate-lawyer-cost,0,3,0,1,0,3,1,0,0,,
how much does a real estate lawyer cost,/pages/real-estate-lawyer-cost,0,3,0,66.3,0,2,50,0,1,99,100.0
how much does a restraining order cost in north dakota,/states/north-dakota-lawyer-costs,0,3,0,34,0,0,,0,0,,
how much does a small claims court lawyer cost,/states/tennessee-lawyer-costs,0,3,0,7.7,0,2,7.5,0,1,8,100.0
how much does a small claims lawyer cost,/states/indiana-lawyer-costs,0,3,0,8.3,0,1,8,0,1,8,0.0
how much does a small claims lawyer cost,/states/north-carolina-lawyer-costs,0,3,0,9.3,0,2,9.5,0,1,9,100.0
how much does a small claims lawyer cost,/states/washington-lawyer-costs,0,3,0,10,0,0,,0,2,9.5,-100.0
how much does a traffic lawyer cost in colorado,/states/colorado-lawyer-costs,0,3,0,69.7,0,2,61,0,0,,
how much does a traffic lawyer cost in florida,/states/florida-lawyer-costs,0,3,0,95,0,2,93.5,0,1,98,100.0
how much does a west virginia motorcycle accident lawyer cost?,/states/west-virginia-lawyer-costs,0,3,0,64.7,0,1,17,0,2,88.5,-50.0
how much does a will cost in louisiana,/states/louisiana-lawyer-costs,0,3,0,37,0,1,28,0,2,41.5,-50.0
how much does a workplace lawyer cost,/pages/employment-lawyer-cost,0,3,0,70.3,0,0,,0,2,63.5,-100.0
how much does an attorney cost,/states/alabama-lawyer-costs,0,3,0,10.7,0,3,10.7,0,0,,
how much does an attorney cost,/states/california-lawyer-costs,0,3,0,90.7,0,0,,0,0,,
how much does an attorney cost,/states/colorado-lawyer-costs,0,3,0,12,0,1,12,0,2,12,-50.0
how much does an attorney cost,/states/kansas-lawyer-costs,0,3,0,10,0,1,10,0,2,10,-50.0
how much does an attorney cost,/states/nevada-lawyer-costs,0,3,0,10.3,0,3,10.3,0,0,,
how much does an attorney costs?,/states/wisconsin-lawyer-costs,0,3,0,53.3,0,2,51,0,1,58,100.0
how much does an attorney make an hour,/states/new-york-lawyer-costs,0,3,0,52.7,0,1,42,0,1,49,0.0
how much does an eeoc lawyer cost?,/states/arkansas-lawyer-costs,0,3,0,97.7,0,3,97.7,0,0,,
how much does an elder care attorney cost,/states/minnesota-lawyer-costs,0,3,0,89,0,1,97,0,1,98,0.0
how much does an immigration attorney cost,/pages/immigration-lawyer-cost,0,3,0,95.7,0,0,,0,0,,
how much does an immigration lawyer charge,/pages/immigration-lawyer-cost,0,3,0,77,0,1,70,0,0,,
how much does an immigration lawyer cost?,/pages/immigration-lawyer-cost,0,3,0,98,0,2,97.5,0,1,99,100.0
how much does an injury lawyer cost,/pages/personal-injury-lawyer-cost,0,3,0,70,0,1,56,0,2,77,-50.0
how much does an injury lawyer cost,/states/new-york-lawyer-costs,0,3,0,54.7,0,1,31,0,1,48,0.0
how much does an insurance lawyer cost,/states/new-york-lawyer-costs,0,3,0,45.7,0,0,,0,2,37.5,-100.0
how much does divorce cost in nebraska,/states/nebraska-lawyer-costs,0,3,0,81,0,0,,0,0,,
how much does divorce cost in west virginia,/states/west-virginia-lawyer-costs,0,3,0,75.3,0,0,,0,2,69,-100.0
how much does divorce cost in wisconsin,/states/wisconsin-lawyer-costs,0,3,0,47,0,0,,0,3,47,-100.0
how much does hiring a lawyer cost,/pages/how-much-does-a-lawyer-cost,0,3,0,68,0,1,73,0,1,50,0.0
how much does it cost for a lawyer,/pages/can-i-afford-a-lawyer,0,3,0,84,0,1,95,0,1,77,0.0
how much does it cost for a lawyer,/states/alabama-lawyer-costs,0,3,0,11.3,0,0,,0,1,10,-100.0
how much does it cost for a lawyer,/states/wisconsin-lawyer-costs,0,3,0,97.7,0,1,99,0,2,97,-50.0
how much does it cost for a lawyer to represent you in court,/states/hawaii-lawyer-costs,0,3,0,10.3,0,1,10,0,2,10.5,-50.0
how much does it cost for a lawyer to represent you in court,/states/oregon-lawyer-costs,0,3,0,10.7,0,1,10,0,0,,
how much does it cost to consult a lawyer,/pages/lawyer-consultation-fee,0,3,0,48.3,0,2,50.5,0,1,44,100.0
how much does it cost to get a lawyer,/pages/can-i-afford-a-lawyer,0,3,0,77.3,0,0,,0,2,71,-100.0
how much does it cost to get a lawyer,/pages/how-much-does-a-lawyer-cost,0,3,0,54.7,0,0,,0,2,40,-100.0
how much does it cost to get a lawyer,/states/arkansas-lawyer-costs,0,3,0,10.3,0,2,10.5,0,1,10,100.0
how much does it cost to have an attorney on retainer?,/states/arkansas-lawyer-costs,0,3,0,70.3,0,1,48,0,2,81.5,-50.0
how much does it cost to hire a lawyer,/pages/how-much-does-a-lawyer-cost,0,3,0,64.7,0,0,,0,3,64.7,-100.0
how much does it cost to hire a lawyer,/states/massachusetts-lawyer-costs,0,3,0,10.7,0,2,11,0,1,10,100.0
how much does it cost to hire a lawyer,/states/oregon-lawyer-costs,0,3,0,9,0,2,11.5,0,1,4,100.0
how much does it cost to hire a lawyer,/states/south-carolina-lawyer-costs,0,3,0,11,0,2,11,0,1,11,100.0
how much does it cost to hire a lawyer/how much does it cost to talk to a lawyer,/states/colorado-lawyer-costs,0,3,0,35.7,0,0,,0,0,,
how much does it cost to hire a lawyer?,/pages/how-much-does-a-lawyer-cost,0,3,0,20.3,0,3,20.3,0,0,,
how much does it cost to hire a tenant lawyer,/states/alaska-lawyer-costs,0,3,0,82,0,1,80,0,2,83,-50.0
how much does it cost to hire an attorney,/states/oklahoma-lawyer-costs,0,3,0,10.3,0,0,,0,3,10.3,-100.0
how much does it cost to talk to a lawyer,/pages/lawyer-consultation-fee,0,3,0,60.3,0,2,42.5,0,0,,
how much does kevin reddington cost,/states/massachusetts-lawyer-costs,0,3,0,1,0,3,1,0,0,,
how much does lawyer cost,/states/utah-lawyer-costs,0,3,0,54.7,0,1,12,0,2,76,-50.0
how much does lawyers cost,/states/california-lawyer-costs,0,3,0,79.7,0,1,85,0,2,77,-50.0
how much does lawyers cost,/states/south-carolina-lawyer-costs,0,3,0,97,0,0,,0,0,,
how much does lawyers cost,/states/wisconsin-lawyer-costs,0,3,0,47.7,0,2,26,0,1,91,100.0
how much does probate cost in north dakota,/states/north-dakota-lawyer-costs,0,3,0,75.3,0,0,,0,2,64.5,-100.0
how much does the average lawyer cost,/states/georgia-lawyer-costs,0,3,0,39.3,0,2,47,0,1,24,100.0
how much for a bankruptcy lawyer,/pages/bankruptcy-lawyer-cost,0,3,0,91.3,0,1,90,0,2,92,-50.0
how much for a lawyer,/states/new-york-lawyer-costs,0,3,0,38.7,0,1,10,0,1,43,0.0
how much for a lawyer consultation,/pages/lawyer-consultation-fee,0,3,0,32.7,0,0,,0,3,32.7,-100.0
how much for a lawyer to represent you in court,/states/alabama-lawyer-costs,0,3,0,9.7,0,0,,0,3,9.7,-100.0
how much for a lawyer to represent you in court,/states/oklahoma-lawyer-costs,0,3,0,7.3,0,2,7,0,1,8,100.0
how much for a lawyer to represent you in court,/states/pennsylvania-lawyer-costs,0,3,0,11,0,2,10.5,0,1,12,100.0
how much for a lawyer to represent you in court,/states/tennessee-lawyer-costs,0,3,0,10.3,0,1,12,0,0,,
how much for attorney fees,/states/new-york-lawyer-costs,0,3,0,35,0,1,46,0,1,39,0.0
how much for legal advice,/states/new-york-lawyer-costs,0,3,0,37.7,0,2,33,0,1,47,100.0
how much is a attorney,/states/alabama-lawyer-costs,0,3,0,33.7,0,0,,0,2,9.5,-100.0
how much is a attorney,/states/missouri-lawyer-costs,0,3,0,11,0,3,11,0,0,,
how much is a business lawyer cost,/states/wisconsin-lawyer-costs,0,3,0,76,0,1,87,0,1,98,0.0
how much is a civil attorney,/states/wisconsin-lawyer-costs,0,3,0,11.7,0,0,,0,2,11,-100.0
how much is a civil lawyer,/states/connecticut-lawyer-costs,0,3,0,9,0,1,7,0,2,10,-50.0
how much is a civil lawyer,/states/kansas-lawyer-costs,0,3,0,9,0,2,7.5,0,0,,
how much is a civil lawyer,/states/mississippi-lawyer-costs,0,3,0,41.7,0,2,58,0,1,9,100.0
how much is a civil lawyer,/states/missouri-lawyer-costs,0,3,0,9.7,0,2,9.5,0,1,10,100.0
how much is a consultation with a divorce lawyer,/pages/divorce-lawyer-cost,0,3,0,92,0,0,,0,1,86,-100.0
how much is a criminal attorney,/states/new-york-lawyer-costs,0,3,0,59.7,0,1,55,0,1,51,0.0
how much is a criminal defense lawyers las vegas,/states/nevada-lawyer-costs,0,3,0,74.7,0,0,,0,3,74.7,-100.0
how much is a defense lawyer,/pages/criminal-defense-lawyer-cost,0,3,0,49.3,0,2,43.5,0,1,61,100.0
how much is a divorce lawyer in utah,/states/utah-lawyer-costs,0,3,0,61.7,0,1,54,0,1,55,0.0
how much is a dui lawyer in california,/states/california-lawyer-costs,0,3,0,94,0,3,94,0,0,,
how much is a good criminal defense lawyer,/states/new-york-lawyer-costs,0,3,0,53.7,0,1,71,0,2,45,-50.0
how much is a good lawyer,/pages/how-much-does-a-lawyer-cost,0,3,0,78,0,0,,0,2,75.5,-100.0
how much is a good lawyer,/states/new-york-lawyer-costs,0,3,0,28.3,0,2,20,0,1,45,100.0
how much is a lawyer,/,0,3,0,86,0,2,80,0,1,98,100.0
how much is a lawyer,/states/colorado-lawyer-costs,0,3,0,32.7,0,0,,0,0,,
how much is a lawyer,/states/illinois-lawyer-costs,0,3,0,61.3,0,1,95,0,1,47,0.0
how much is a lawyer,/states/kentucky-lawyer-costs,0,3,0,48.7,0,1,50,0,2,48,-50.0
how much is a lawyer,/states/nevada-lawyer-costs,0,3,0,9.3,0,3,9.3,0,0,,
how much is a lawyer,/states/washington-lawyer-costs,0,3,0,45.3,0,1,63,0,0,,
how much is a lawyer,/states/west-virginia-lawyer-costs,0,3,0,58,0,1,84,0,1,86,0.0
how much is a lawyer consultation,/pages/lawyer-consultation-fee,0,3,0,51.3,0,2,29.5,0,0,,
how much is a lawyer for a felony,/states/new-york-lawyer-costs,0,3,0,54,0,1,28,0,1,54,0.0
how much is a local criminal defense attorney,/states/utah-lawyer-costs,0,3,0,10,0,0,,0,2,10.5,-100.0
how much is a private attorney,/states/colorado-lawyer-costs,0,3,0,12,0,1,4,0,1,8,0.0
how much is a private lawyer,/states/tennessee-lawyer-costs,0,3,0,11,0,3,11,0,0,,
how much is a small claims lawyer,/pages/small-claims-filing-fee-calculator,0,3,0,83.3,0,0,,0,1,100,-100.0
how much is a small claims lawyer,/states/alabama-lawyer-costs,0,3,0,9,0,2,9,0,0,,
how much is a small claims lawyer,/states/indiana-lawyer-costs,0,3,0,8,0,2,6.5,0,0,,
how much is a small claims lawyer,/states/massachusetts-lawyer-costs,0,3,0,22.7,0,1,7,0,2,30.5,-50.0
how much is a small claims lawyer,/states/minnesota-lawyer-costs,0,3,0,6.7,0,2,6,0,1,8,100.0
how much is a small claims lawyer,/states/south-carolina-lawyer-costs,0,3,0,33.7,0,0,,0,3,33.7,-100.0
how much is a small claims lawyer,/states/wisconsin-lawyer-costs,0,3,0,9,0,1,9,0,2,9,-50.0
how much is a speeding ticket in west virginia,/states/west-virginia-lawyer-costs,0,3,0,74.7,0,0,,0,2,75,-100.0
how much is an appeal lawyer,/states/colorado-lawyer-costs,0,3,0,78.3,0,2,77.5,0,1,80,100.0
how much is an attorney,/states/california-lawyer-costs,0,3,0,89.3,0,0,,0,0,,
how much is an attorney,/states/delaware-lawyer-costs,0,3,0,8,0,1,6,0,2,9,-50.0
how much is an attorney,/states/mississippi-lawyer-costs,0,3,0,10.7,0,2,10,0,1,12,100.0
how much is an attorney,/states/nevada-lawyer-costs,0,3,0,11,0,1,12,0,2,10.5,-50.0
how much is an attorney,/states/new-hampshire-lawyer-costs,0,3,0,12,0,0,,0,1,12,-100.0
how much is an attorney,/states/oklahoma-lawyer-costs,0,3,0,65.3,0,1,80,0,2,58,-50.0
how much is an attorney,/states/south-dakota-lawyer-costs,0,3,0,8.3,0,2,7.5,0,1,10,100.0
how much is an attorney,/states/washington-lawyer-costs,0,3,0,57.7,0,1,12,0,2,80.5,-50.0
how much is an attorney per hour,/states/south-carolina-lawyer-costs,0,3,0,34.3,0,1,6,0,1,10,0.0
how much is an estate planning attorney,/pages/estate-planning-lawyer-cost,0,3,0,76.7,0,0,,0,1,62,-100.0
how much is attorney,/states/alabama-lawyer-costs,0,3,0,65.7,0,1,11,0,2,93,-50.0
how much is attorney,/states/oklahoma-lawyer-costs,0,3,0,79.3,0,0,,0,2,75,-100.0
how much is attorney,/states/tennessee-lawyer-costs,0,3,0,66.7,0,1,10,0,2,95,-50.0
how much is consultation fee,/pages/lawyer-consultation-fee,0,3,0,67.3,0,1,33,0,1,85,0.0
how much is court cost in alabama,/states/alabama-lawyer-costs,0,3,0,30.3,0,1,26,0,2,32.5,-50.0
how much is court cost in north carolina,/states/north-carolina-lawyer-costs,0,3,0,35,0,2,32,0,1,41,100.0
how much is it for a lawyer,/states/new-york-lawyer-costs,0,3,0,15,0,2,11,0,0,,
how much is it to get a lawyer,/pages/how-much-does-a-lawyer-cost,0,3,0,71,0,1,64,0,0,,
how much is it to get a lawyer,/states/missouri-lawyer-costs,0,3,0,11,0,3,11,0,0,,
how much is legal aid,/states/new-york-lawyer-costs,0,3,0,68,0,1,26,0,1,91,0.0
how much lawyer,/states/california-lawyer-costs,0,3,0,71.7,0,0,,0,0,,
how much lawyer cost,/states/california-lawyer-costs,0,3,0,81.3,0,1,90,0,1,87,0.0
how much lawyer cost,/states/tennessee-lawyer-costs,0,3,0,85,0,1,68,0,1,93,0.0
how much should a lawyer cost,/states/wisconsin-lawyer-costs,0,3,0,48.7,0,2,24,0,0,,
how much to consult a lawyer,/pages/lawyer-consultation-fee,0,3,0,33.7,0,1,12,0,2,44.5,-50.0
how much to consult a lawyer,/states/california-lawyer-costs,0,3,0,72.7,0,0,,0,0,,
how much will it cost to become a lawyer,/states/new-york-lawyer-costs,0,3,0,60.3,0,1,33,0,1,63,0.0
how to afford a lawyer without any insurance,/pages/can-i-afford-a-lawyer,0,3,0,83.3,0,1,63,0,2,93.5,-50.0
how to afford an attorney,/pages/can-i-afford-a-lawyer,0,3,0,62.3,0,1,49,0,1,55,0.0
idaho code 12-120,/states/idaho-lawyer-costs,0,3,0,50.7,0,1,24,0,2,64,-50.0
immigration attorney fees new jersey,/states/new-jersey-lawyer-costs,0,3,0,82,0,0,,0,1,88,-100.0
immigration lawyer fees,/pages/immigration-lawyer-cost,0,3,0,67.3,0,3,67.3,0,0,,
immigration lawyer houston,/pages/immigration-lawyer-cost,0,3,0,2,0,3,2,0,0,,
iowa divorce cost,/states/iowa-lawyer-costs,0,3,0,88.3,0,0,,0,0,,
iowa probate attorney fees,/states/iowa-lawyer-costs,0,3,0,53,0,0,,0,0,,
law firm costs,/states/new-york-lawyer-costs,0,3,0,28.7,0,2,14,0,0,,
law firm fees,/states/new-york-lawyer-costs,0,3,0,45.3,0,1,22,0,1,52,0.0
lawyer by the hour,/states/alaska-lawyer-costs,0,3,0,33.7,0,1,38,0,2,31.5,-50.0
lawyer calculator,/states/california-lawyer-costs,0,3,0,76.3,0,0,,0,0,,
lawyer charges,/states/maine-lawyer-costs,0,3,0,40,0,1,40,0,2,40,-50.0
lawyer charges,/states/tennessee-lawyer-costs,0,3,0,62.3,0,3,62.3,0,0,,
lawyer consultant cost,/pages/lawyer-cost-calculator,0,3,0,83.3,0,2,84,0,1,82,100.0
lawyer cost,/states/massachusetts-lawyer-costs,0,3,0,9.3,0,1,8,0,2,10,-50.0
lawyer cost,/states/nevada-lawyer-costs,0,3,0,9,0,2,8.5,0,1,10,100.0
lawyer cost,/states/south-dakota-lawyer-costs,0,3,0,6.7,0,1,4,0,2,8,-50.0
lawyer cost per hour,/states/washington-lawyer-costs,0,3,0,9,0,2,9,0,1,9,100.0
lawyer costs,/states/kentucky-lawyer-costs,0,3,0,57,0,0,,0,3,57,-100.0
lawyer costs,/states/virginia-lawyer-costs,0,3,0,94.3,0,0,,0,0,,
lawyer fee,/states/massachusetts-lawyer-costs,0,3,0,34,0,3,34,0,0,,
lawyer fee,/states/north-carolina-lawyer-costs,0,3,0,97.7,0,0,,0,3,97.7,-100.0
lawyer fee,/states/oklahoma-lawyer-costs,0,3,0,64.3,0,3,64.3,0,0,,
lawyer fee,/states/rhode-island-lawyer-costs,0,3,0,8.3,0,1,7,0,0,,
lawyer fees,/states/arizona-lawyer-costs,0,3,0,10.7,0,1,10,0,2,11,-50.0
lawyer fees,/states/connecticut-lawyer-costs,0,3,0,40.7,0,3,40.7,0,0,,
lawyer fees,/states/new-jersey-lawyer-costs,0,3,0,10,0,1,7,0,0,,
lawyer fees for civil case,/states/alaska-lawyer-costs,0,3,0,55.7,0,1,43,0,2,62,-50.0
lawyer fees for consultation,/states/new-york-lawyer-costs,0,3,0,30,0,1,27,0,1,27,0.0
lawyer fees for will preparation,/pages/estate-planning-lawyer-cost,0,3,0,45.7,0,0,,0,2,46,-100.0
lawyer fees per hour,/states/arizona-lawyer-costs,0,3,0,7,0,3,7,0,0,,
lawyer fees per hour,/states/hawaii-lawyer-costs,0,3,0,8.3,0,2,8.5,0,1,8,100.0
lawyer hourly rate,/states/maine-lawyer-costs,0,3,0,7.7,0,1,6,0,2,8.5,-50.0
lawyer hourly rate,/states/texas-lawyer-costs,0,3,0,87.3,0,3,87.3,0,0,,
lawyer hourly rate calculator,/states/california-lawyer-costs,0,3,0,83.7,0,0,,0,1,89,-100.0
lawyer hourly rate nyc,/states/new-york-lawyer-costs,0,3,0,51,0,0,,0,2,49.5,-100.0
lawyer hourly rates,/states/new-york-lawyer-costs,0,3,0,28,0,1,21,0,1,41,0.0
lawyer hourly rates,/states/tennessee-lawyer-costs,0,3,0,24,0,3,24,0,0,,
lawyer how much,/states/california-lawyer-costs,0,3,0,77.7,0,0,,0,1,88,-100.0
lawyer how much,/states/south-carolina-lawyer-costs,0,3,0,82.7,0,0,,0,1,73,-100.0
lawyer kansas city,/states/missouri-lawyer-costs,0,3,0,2.7,0,0,,0,0,,
lawyer legal fees,/states/new-york-lawyer-costs,0,3,0,31,0,1,18,0,1,19,0.0
lawyer payment,/states/alaska-lawyer-costs,0,3,0,50,0,1,37,0,2,56.5,-50.0
lawyer price,/states/california-lawyer-costs,0,3,0,88.3,0,2,96.5,0,0,,
lawyer price,/states/illinois-lawyer-costs,0,3,0,92.7,0,2,90.5,0,1,97,100.0
lawyer price,/states/tennessee-lawyer-costs,0,3,0,67.3,0,3,67.3,0,0,,
lawyer price,/states/texas-lawyer-costs,0,3,0,70,0,1,10,0,1,100,0.0
lawyer price,/states/utah-lawyer-costs,0,3,0,54,0,2,77,0,1,8,100.0
lawyer price,/states/wisconsin-lawyer-costs,0,3,0,51.3,0,2,41,0,1,72,100.0
lawyer price per hour,/states/new-york-lawyer-costs,0,3,0,23.3,0,1,12,0,1,40,0.0
lawyer price per hour,/states/south-carolina-lawyer-costs,0,3,0,60,0,0,,0,1,99,-100.0
lawyer price per hour,/states/washington-lawyer-costs,0,3,0,36,0,3,36,0,0,,
lawyer prices,/pages/how-much-does-a-lawyer-cost,0,3,0,81.7,0,0,,0,1,75,-100.0
lawyer prices,/states/massachusetts-lawyer-costs,0,3,0,40.3,0,3,40.3,0,0,,
lawyer prices,/states/new-mexico-lawyer-costs,0,3,0,8,0,2,9,0,0,,
lawyer prices,/states/oklahoma-lawyer-costs,0,3,0,79,0,1,78,0,0,,
lawyer prices,/states/vermont-lawyer-costs,0,3,0,3.3,0,3,3.3,0,0,,
lawyer rate,/states/colorado-lawyer-costs,0,3,0,50.3,0,1,12,0,1,52,0.0
lawyer rate,/states/kentucky-lawyer-costs,0,3,0,43.3,0,1,1,0,2,64.5,-50.0
lawyer rates,/states/indiana-lawyer-costs,0,3,0,88.7,0,0,,0,0,,
lawyer rates,/states/kentucky-lawyer-costs,0,3,0,7.7,0,3,7.7,0,0,,
lawyer rates,/states/louisiana-lawyer-costs,0,3,0,73.7,0,0,,0,0,,
lawyer rates,/states/washington-lawyer-costs,0,3,0,60.7,0,2,51.5,0,0,,
lawyer salary colorado,/states/colorado-lawyer-costs,0,3,0,29,0,3,29,0,0,,
lawyer's fees,/states/new-york-lawyer-costs,0,3,0,31.7,0,1,18,0,1,36,0.0
lawyers connecticut,/states/connecticut-lawyer-costs,0,3,0,2,0,1,2,0,2,2,-50.0
lawyers fee,/states/california-lawyer-costs,0,3,0,83.7,0,0,,0,0,,
lawyers fees,/states/california-lawyer-costs,0,3,0,51.7,0,0,,0,0,,
lawyers fees,/states/new-jersey-lawyer-costs,0,3,0,10.3,0,2,11,0,1,9,100.0
lawyers fees,/states/tennessee-lawyer-costs,0,3,0,32.3,0,2,11.5,0,1,74,100.0
lawyers hourly rate,/states/maryland-lawyer-costs,0,3,0,10.3,0,2,10,0,1,11,100.0
lawyers in frederick md,/states/maryland-lawyer-costs,0,3,0,4.7,0,2,5.5,0,1,3,100.0
lawyers price,/states/new-york-lawyer-costs,0,3,0,35.7,0,1,14,0,1,40,0.0
lawyers rate,/states/new-york-lawyer-costs,0,3,0,44,0,1,69,0,1,24,0.0
lawyers rates,/states/new-york-lawyer-costs,0,3,0,30,0,1,13,0,1,36,0.0
lawyers summersville wv,/states/west-virginia-lawyer-costs,0,3,0,4.3,0,3,4.3,0,0,,
legal advice cost,/states/maryland-lawyer-costs,0,3,0,66.7,0,3,66.7,0,0,,
legal advice cost,/states/new-jersey-lawyer-costs,0,3,0,53,0,3,53,0,0,,
legal advice cost,/states/oklahoma-lawyer-costs,0,3,0,85.7,0,1,90,0,2,83.5,-50.0
legal advice cost,/states/west-virginia-lawyer-costs,0,3,0,44.3,0,0,,0,3,44.3,-100.0
legal advisor fees,/states/new-york-lawyer-costs,0,3,0,22,0,2,24.5,0,0,,
legal consultant fees,/states/new-york-lawyer-costs,0,3,0,33.7,0,1,18,0,1,46,0.0
legal consultation cost,/pages/lawyer-consultation-fee,0,3,0,90,0,1,85,0,2,92.5,-50.0
legal consultation cost,/states/california-lawyer-costs,0,3,0,67.7,0,0,,0,3,67.7,-100.0
legal consultation fees,/pages/lawyer-consultation-fee,0,3,0,85,0,0,,0,2,78.5,-100.0
legal cost consultant,/terms,0,3,0,64.3,0,0,,0,3,64.3,-100.0
legal costs,/states/texas-lawyer-costs,0,3,0,72,0,0,,0,0,,
legal counsel fees,/states/new-york-lawyer-costs,0,3,0,21,0,0,,0,1,33,-100.0
legal fee estimate,/pages/lawyer-cost-calculator,0,3,0,79.7,0,1,77,0,1,90,0.0
legal fee estimate,/states/new-york-lawyer-costs,0,3,0,58.3,0,1,54,0,1,59,0.0
legal fee schedule,/states/new-york-lawyer-costs,0,3,0,22.7,0,1,12,0,1,44,0.0
legal fees,/states/colorado-lawyer-costs,0,3,0,40,0,0,,0,0,,
legal fees,/states/florida-lawyer-costs,0,3,0,89,0,0,,0,3,89,-100.0
legal fees,/states/kansas-lawyer-costs,0,3,0,25,0,1,20,0,2,27.5,-50.0
legal fees,/states/nevada-lawyer-costs,0,3,0,5.7,0,1,5,0,2,6,-50.0
legal price,/states/pennsylvania-lawyer-costs,0,3,0,52,0,1,28,0,0,,
legaloffice la pricing,/pages/how-much-does-a-lawyer-cost,0,3,0,62.3,0,3,62.3,0,0,,
litigation attorney cost,/states/new-york-lawyer-costs,0,3,0,24.7,0,1,27,0,1,13,0.0
local attorney fees,/states/louisiana-lawyer-costs,0,3,0,91.7,0,3,91.7,0,0,,
local attorney fees,/states/mississippi-lawyer-costs,0,3,0,67.7,0,1,54,0,1,67,0.0
local attorney fees,/states/nevada-lawyer-costs,0,3,0,69.7,0,3,69.7,0,0,,
louisiana pipeline rate proceedings lawyer,/states/louisiana-lawyer-costs,0,3,0,63.3,0,2,54.5,0,1,81,100.0
medicaid lawyer cost,/states/colorado-lawyer-costs,0,3,0,35,0,0,,0,0,,
mesothelioma lawyer compensation,/pages/mesothelioma-lawyer-cost,0,3,0,81.3,0,1,60,0,2,92,-50.0
monthly lawyer cost,/states/south-carolina-lawyer-costs,0,3,0,94,0,0,,0,0,,
monthly payment lawyers,/states/minnesota-lawyer-costs,0,3,0,32.7,0,3,32.7,0,0,,
nc dwi defense lawyer fees,/states/north-carolina-lawyer-costs,0,3,0,77,0,2,79,0,1,73,100.0
nebraska divorce cost,/states/nebraska-lawyer-costs,0,3,0,68,0,1,57,0,1,61,0.0
nj real estate lawyer,/states/new-jersey-lawyer-costs,0,3,0,2.3,0,3,2.3,0,0,,
normal lawyer fees,/states/new-york-lawyer-costs,0,3,0,14.7,0,2,11.5,0,1,21,100.0
north carolina court costs,/states/north-carolina-lawyer-costs,0,3,0,32.3,0,2,24,0,1,49,100.0
north carolina divorce lawyer cost,/states/north-carolina-lawyer-costs,0,3,0,72.3,0,1,53,0,2,82,-50.0
nyc employment lawyer,/pages/employment-lawyer-cost,0,3,0,2.7,0,3,2.7,0,0,,
paralegal services price list,/states/colorado-lawyer-costs,0,3,0,46.3,0,0,,0,0,,
pay legal fees,/states/oregon-lawyer-costs,0,3,0,49.3,0,0,,0,3,49.3,-100.0
personal injury costs calculator,/pages/personal-injury-settlement-calculator,0,3,0,81,0,1,80,0,1,79,0.0
personal injury defense lawyer cost,/states/colorado-lawyer-costs,0,3,0,25,0,0,,0,0,,
personal lawyer cost,/states/pennsylvania-lawyer-costs,0,3,0,11,0,1,10,0,0,,
power of attorney cost california,/states/california-lawyer-costs,0,3,0,69.3,0,0,,0,1,68,-100.0
private lawyer cost,/states/west-virginia-lawyer-costs,0,3,0,60.3,0,3,60.3,0,0,,
que honorarios cobra un abogado,/,0,3,0,89.3,0,1,91,0,2,88.5,-50.0
rate attorney,/states/new-york-lawyer-costs,0,3,0,37.3,0,0,,0,2,26.5,-100.0
real estate attorney detroit,/states/michigan-lawyer-costs,0,3,0,3,0,3,3,0,0,,
real estate attorney joplin mo,/states/missouri-lawyer-costs,0,3,0,2,0,1,2,0,0,,
real estate attorney massachusetts,/states/massachusetts-lawyer-costs,0,3,0,3,0,1,3,0,2,3,-50.0
real estate lawyer,/states/massachusetts-lawyer-costs,0,3,0,1,0,0,,0,3,1,-100.0
real estate lawyer,/states/wisconsin-lawyer-costs,0,3,0,1,0,1,1,0,2,1,-50.0
real estate lawyer milwaukee,/states/wisconsin-lawyer-costs,0,3,0,2,0,1,2,0,2,2,-50.0
real estate lawyer newark nj,/states/new-jersey-lawyer-costs,0,3,0,2,0,3,2,0,0,,
reasonable lawyer fees,/states/new-york-lawyer-costs,0,3,0,33.7,0,1,25,0,1,28,0.0
restraining order lawyer fees,/states/california-lawyer-costs,0,3,0,56.7,0,3,56.7,0,0,,
self defense lawyer,/states/south-dakota-lawyer-costs,0,3,0,6,0,0,,0,3,6,-100.0
settlement negotiation calculator,/pages/personal-injury-settlement-calculator,0,3,0,81,0,3,81,0,0,,
severance lawyer cost,/pages/employment-lawyer-cost,0,3,0,57.7,0,0,,0,0,,
small claims lawyer cost,/states/nevada-lawyer-costs,0,3,0,4,0,3,4,0,0,,
small claims lawyer cost,/states/north-carolina-lawyer-costs,0,3,0,9.3,0,1,8,0,2,10,-50.0
small claims lawyer cost,/states/tennessee-lawyer-costs,0,3,0,8,0,0,,0,2,7.5,-100.0
solicitor charges,/states/new-york-lawyer-costs,0,3,0,40.7,0,0,,0,3,40.7,-100.0
solicitor cost per hour,/states/new-york-lawyer-costs,0,3,0,25.7,0,1,11,0,1,34,0.0
solicitor costs,/states/california-lawyer-costs,0,3,0,83.3,0,0,,0,0,,
solicitor fees,/states/new-york-lawyer-costs,0,3,0,30,0,0,,0,2,37.5,-100.0
solicitor rates,/states/new-york-lawyer-costs,0,3,0,19.7,0,1,15,0,1,25,0.0
solicitor search fees,/states/new-york-lawyer-costs,0,3,0,41.3,0,0,,0,2,27.5,-100.0
solicitors cost,/states/maryland-lawyer-costs,0,3,0,91,0,0,,0,0,,
solicitors costs,/states/louisiana-lawyer-costs,0,3,0,71,0,0,,0,0,,
solicitors costs,/states/maryland-lawyer-costs,0,3,0,72.7,0,0,,0,0,,
solicitors costs,/states/new-york-lawyer-costs,0,3,0,46.7,0,0,,0,2,29.5,-100.0
solicitors fee,/states/massachusetts-lawyer-costs,0,3,0,62.3,0,1,45,0,2,71,-50.0
solicitors fee,/states/new-york-lawyer-costs,0,3,0,43.3,0,0,,0,1,42,-100.0
solicitors fees,/states/maryland-lawyer-costs,0,3,0,76,0,0,,0,2,72.5,-100.0
solicitors fees,/states/massachusetts-lawyer-costs,0,3,0,45.3,0,1,39,0,2,48.5,-50.0
solicitors fees,/states/new-york-lawyer-costs,0,3,0,28.7,0,1,30,0,0,,
solicitors rates,/states/maryland-lawyer-costs,0,3,0,80,0,1,92,0,1,69,0.0
st louis dui lawyer cost,/pages/dui-lawyer-cost,0,3,0,85.7,0,0,,0,1,66,-100.0
st. louis real estate attorney hourly rate missouri bar economics survey,/states/missouri-lawyer-costs,0,3,0,6,0,0,,0,0,,
standard lawyer fees,/states/south-carolina-lawyer-costs,0,3,0,50,0,0,,0,3,50,-100.0
statutory attorney fees california,/states/california-lawyer-costs,0,3,0,61,0,1,54,0,1,62,0.0
supreme court advocate fees,/states/new-york-lawyer-costs,0,3,0,10.7,0,2,5,0,1,22,100.0
supreme court lawyer fees,/states/new-york-lawyer-costs,0,3,0,18.7,0,1,5,0,1,25,0.0
tax attorney fees,/states/colorado-lawyer-costs,0,3,0,33.3,0,0,,0,0,,
typical attorney fees,/states/south-carolina-lawyer-costs,0,3,0,76.3,0,0,,0,0,,
typical lawyer fees,/states/california-lawyer-costs,0,3,0,76.7,0,0,,0,1,84,-100.0
typical lawyer hourly rate,/states/idaho-lawyer-costs,0,3,0,57.3,0,0,,0,0,,
utah divorce cost,/states/utah-lawyer-costs,0,3,0,88.7,0,0,,0,0,,
va disability lawyers cost,/states/virginia-lawyer-costs,0,3,0,74.3,0,0,,0,0,,
washington divorce lawyer hourly rate,/states/washington-lawyer-costs,0,3,0,54.7,0,0,,0,1,52,-100.0
what do personal injury lawyers charge,/pages/personal-injury-lawyer-cost,0,3,0,66.3,0,3,66.3,0,0,,
what does a divorce lawyer cost,/states/wisconsin-lawyer-costs,0,3,0,84.7,0,1,92,0,2,81,-50.0
what is a contingent fee,/pages/contingency-fee-explained,0,3,0,63.7,0,3,63.7,0,0,,
what is the average cost of a personal injury lawyer,/pages/personal-injury-lawyer-cost,0,3,0,49,0,3,49,0,0,,
what is the average hourly rate for a lawyer,/states/new-york-lawyer-costs,0,3,0,36.7,0,1,14,0,1,43,0.0
what is the going rate for attorney fees,/states/wisconsin-lawyer-costs,0,3,0,9.3,0,2,8.5,0,1,11,100.0
where to source reliable information on regional civil lawyer fee standards? -filetype:txt -filetype:pdf -filetype:epub -filetype:doc -filetype:docx -filetype:xls -filetype:xlsx -filetype:ppt -filetype:csv -site:youtube.com -site:tiktok.com -site:instagram.com -site:ebay.com -site:jd.com -site:amazon.com -site:iqiyi.com -site:bilibili.com -site:t.me -site:douyin.com -site:douban.com -site:apple.com -site:reddit.com -site:researchgate.net -site:academia.edu -site:dokumen.pub -site:en.wikipedia.org -site:quora.com -site:sciencedirect.com -site:cambridge.org -site:mdpi.com -site:link.springer.com -site:zhuanlan.zhihu.com -site:journals.sagepub.com -site:imdb.com -site:tandfonline.com -site:onlinelibrary.wiley.com -site:brill.com -site:getyourguide.com -site:academic.oup.com -site:www.emerald.com -site:eresources.nlb.gov.sg -site:www.govinfo.gov,/pages/how-much-does-a-lawyer-cost,0,3,0,16,0,0,,0,0,,
why are lawyers so expensive,/states/new-york-lawyer-costs,0,3,0,59.7,0,1,41,0,1,69,0.0
why do lawyers cost so much,/states/new-york-lawyer-costs,0,3,0,64.3,0,1,74,0,1,53,0.0
wisconsin lawyer,/states/wisconsin-lawyer-costs,0,3,0,3.7,0,0,,0,0,,
workers comp lawyer fees edina,/states/minnesota-lawyer-costs,0,3,0,74.7,0,3,74.7,0,0,,
¿cuánto cuesta un abogado de divorcio?,/pages/divorce-lawyer-cost,0,3,0,60.7,0,1,55,0,2,63.5,-50.0
"criminal lawyers in southaven, ms",/states/mississippi-lawyer-costs,1,2,0.5,4,0,0,,0,0,,
how much does a lawyer cost for a felony charge,/states/utah-lawyer-costs,1,2,0.5,14.5,0,0,,0,1,12,-100.0
how much does a legal aid lawyer cost,/states/mississippi-lawyer-costs,1,2,0.5,4,1,2,4,0,0,,
how much does it cost for a lawyer to represent you in court,/pages/how-much-does-a-lawyer-cost,1,2,0.5,1,1,2,1,0,0,,
how much for a lawyer to represent you in court,/states/michigan-lawyer-costs,1,2,0.5,5,0,0,,0,1,9,-100.0
personal injury defense lawyer cost,/states/new-jersey-lawyer-costs,1,2,0.5,10.5,0,0,,1,2,10.5,-100.0
what is the going rate for attorney fees,/states/south-carolina-lawyer-costs,1,2,0.5,11,0,0,,1,1,10,-100.0
3rd dui lawyer cost primary,/pages/dui-lawyer-cost,0,2,0,39,0,1,38,0,1,40,0.0
abogado precio,/states/new-york-lawyer-costs,0,2,0,82,0,1,84,0,1,80,0.0
abogados precio,/states/new-york-lawyer-costs,0,2,0,73,0,1,77,0,1,69,0.0
abogados precios,/states/new-york-lawyer-costs,0,2,0,71.5,0,1,78,0,1,65,0.0
advocate fees,/states/pennsylvania-lawyer-costs,0,2,0,53,0,2,53,0,0,,
affordable legal fees,/pages/can-i-afford-a-lawyer,0,2,0,58,0,2,58,0,0,,
alaska bar exam fee,/states/alaska-lawyer-costs,0,2,0,49,0,0,,0,2,49,-100.0
appeal attorney cost,/states/south-carolina-lawyer-costs,0,2,0,73.5,0,0,,0,2,73.5,-100.0
appeal lawyer cost,/states/south-carolina-lawyer-costs,0,2,0,88.5,0,1,100,0,0,,
are lawyer fees included in closing costs,/states/new-york-lawyer-costs,0,2,0,80.5,0,0,,0,1,61,-100.0
arizona dui lawyer fees,/states/arizona-lawyer-costs,0,2,0,85.5,0,1,99,0,1,72,0.0
arizona real estate attorney,/states/arizona-lawyer-costs,0,2,0,2,0,0,,0,2,2,-100.0
arizona real estate lawyer,/states/arizona-lawyer-costs,0,2,0,2,0,0,,0,2,2,-100.0
asbestos claim calculator,/pages/mesothelioma-settlement-calculator,0,2,0,37.5,0,0,,0,2,37.5,-100.0
attorney charges,/states/south-dakota-lawyer-costs,0,2,0,6.5,0,0,,0,2,6.5,-100.0
attorney charges per hour,/states/alaska-lawyer-costs,0,2,0,8,0,0,,0,2,8,-100.0
attorney consultation fee,/states/new-york-lawyer-costs,0,2,0,25,0,1,18,0,1,32,0.0
attorney consultation fee,/states/north-carolina-lawyer-costs,0,2,0,56.5,0,0,,0,0,,
attorney cost,/states/minnesota-lawyer-costs,0,2,0,10,0,1,11,0,0,,
attorney cost,/states/new-hampshire-lawyer-costs,0,2,0,11.5,0,1,11,0,0,,
attorney cost per hour,/states/washington-lawyer-costs,0,2,0,68,0,2,68,0,0,,
attorney costs,/states/california-lawyer-costs,0,2,0,75,0,0,,0,2,75,-100.0
attorney costs,/states/illinois-lawyer-costs,0,2,0,39.5,0,0,,0,2,39.5,-100.0
attorney costs,/states/kansas-lawyer-costs,0,2,0,28,0,0,,0,2,28,-100.0
attorney costs,/states/kentucky-lawyer-costs,0,2,0,54,0,0,,0,2,54,-100.0
attorney costs,/states/tennessee-lawyer-costs,0,2,0,89,0,0,,0,2,89,-100.0
attorney fee schedule,/states/kentucky-lawyer-costs,0,2,0,10,0,1,9,0,1,11,0.0
attorney fees,/states/california-lawyer-costs,0,2,0,53.5,0,2,53.5,0,0,,
attorney fees average,/pages/how-much-does-a-lawyer-cost,0,2,0,61.5,0,0,,0,0,,
attorney fees average,/states/california-lawyer-costs,0,2,0,83,0,0,,0,1,97,-100.0
attorney fees average,/states/south-carolina-lawyer-costs,0,2,0,84.5,0,0,,0,1,89,-100.0
attorney fees florida,/states/florida-lawyer-costs,0,2,0,65,0,0,,0,1,63,-100.0
attorney hourly rate,/states/colorado-lawyer-costs,0,2,0,33,0,0,,0,0,,
attorney hourly rate,/states/idaho-lawyer-costs,0,2,0,10,0,1,9,0,1,11,0.0
attorney hourly rate,/states/illinois-lawyer-costs,0,2,0,87,0,2,87,0,0,,
attorney hourly rate,/states/new-hampshire-lawyer-costs,0,2,0,8,0,2,8,0,0,,
attorney hourly rate,/states/washington-lawyer-costs,0,2,0,8.5,0,1,10,0,0,,
attorney hourly rates by state,/states/,0,2,0,10.5,0,2,10.5,0,0,,
attorney how much does it cost,/states/arkansas-lawyer-costs,0,2,0,12,0,0,,0,2,12,-100.0
attorney new jersey,/states/new-jersey-lawyer-costs,0,2,0,2.5,0,1,2,0,1,3,0.0
attorney payment plan,/states/minnesota-lawyer-costs,0,2,0,64.5,0,1,48,0,1,81,0.0
attorney philadelphia,/states/pennsylvania-lawyer-costs,0,2,0,2,0,2,2,0,0,,
attorney price,/states/connecticut-lawyer-costs,0,2,0,6.5,0,2,6.5,0,0,,
attorney price,/states/idaho-lawyer-costs,0,2,0,9.5,0,1,6,0,0,,
attorney price,/states/illinois-lawyer-costs,0,2,0,39,0,0,,0,1,44,-100.0
attorney price,/states/nevada-lawyer-costs,0,2,0,11,0,0,,0,2,11,-100.0
attorney price,/states/pennsylvania-lawyer-costs,0,2,0,11,0,2,11,0,0,,
attorney price,/states/utah-lawyer-costs,0,2,0,41.5,0,1,11,0,1,72,0.0
attorney prices,/states/iowa-lawyer-costs,0,2,0,8,0,2,8,0,0,,
attorney prices,/states/kentucky-lawyer-costs,0,2,0,66,0,0,,0,2,66,-100.0
attorney prices,/states/maryland-lawyer-costs,0,2,0,10,0,0,,0,2,10,-100.0
attorney prices,/states/massachusetts-lawyer-costs,0,2,0,54.5,0,0,,0,2,54.5,-100.0
attorney prices,/states/north-carolina-lawyer-costs,0,2,0,50.5,0,0,,0,1,90,-100.0
attorney prices,/states/utah-lawyer-costs,0,2,0,60,0,0,,0,2,60,-100.0
attorney rates,/states/colorado-lawyer-costs,0,2,0,54,0,1,49,0,0,,
attorney rates,/states/louisiana-lawyer-costs,0,2,0,64,0,0,,0,0,,
attorney rates,/states/north-carolina-lawyer-costs,0,2,0,52.5,0,1,11,0,0,,
attorney rates,/states/pennsylvania-lawyer-costs,0,2,0,11,0,1,7,0,0,,
attorney rates,/states/virginia-lawyer-costs,0,2,0,49.5,0,1,9,0,0,,
attorney rates per hour,/states/mississippi-lawyer-costs,0,2,0,9,0,2,9,0,0,,
attorney rates per hour,/states/utah-lawyer-costs,0,2,0,10.5,0,2,10.5,0,0,,
attorneys charges,/states/alaska-lawyer-costs,0,2,0,10.5,0,0,,0,2,10.5,-100.0
attorneys charges,/states/louisiana-lawyer-costs,0,2,0,6,0,0,,0,2,6,-100.0
attorneys charges,/states/new-jersey-lawyer-costs,0,2,0,11,0,0,,0,2,11,-100.0
attorneys detroit,/states/michigan-lawyer-costs,0,2,0,2.5,0,2,2.5,0,0,,
attorneys fees,/states/colorado-lawyer-costs,0,2,0,10,0,1,9,0,1,11,0.0
attorneys murray ky,/states/kentucky-lawyer-costs,0,2,0,7.5,0,0,,0,2,7.5,-100.0
attorneys new jersey,/states/new-jersey-lawyer-costs,0,2,0,2,0,2,2,0,0,,
attorneys rhode island,/states/rhode-island-lawyer-costs,0,2,0,6,0,2,6,0,0,,
average attorney cost,/,0,2,0,82,0,1,74,0,0,,
average attorney cost,/states/tennessee-lawyer-costs,0,2,0,81.5,0,2,81.5,0,0,,
average attorney fee,/states/south-carolina-lawyer-costs,0,2,0,89,0,0,,0,0,,
average attorney fees,/states/alabama-lawyer-costs,0,2,0,11.5,0,0,,0,1,11,-100.0
average attorney fees,/states/california-lawyer-costs,0,2,0,72.5,0,0,,0,1,89,-100.0
average attorney fees,/states/hawaii-lawyer-costs,0,2,0,11.5,0,0,,0,1,12,-100.0
average attorney fees,/states/kentucky-lawyer-costs,0,2,0,11,0,1,11,0,1,11,0.0
average attorney fees,/states/montana-lawyer-costs,0,2,0,7,0,0,,0,2,7,-100.0
average attorney fees,/states/new-york-lawyer-costs,0,2,0,22.5,0,0,,0,2,22.5,-100.0
average attorney fees,/states/tennessee-lawyer-costs,0,2,0,44,0,1,7,0,1,81,0.0
average attorney fees by state,/,0,2,0,80,0,1,78,0,0,,
average attorney fees by state,/states/south-carolina-lawyer-costs,0,2,0,84,0,0,,0,0,,
average attorney fees for civil case,/states/colorado-lawyer-costs,0,2,0,49.5,0,0,,0,1,78,-100.0
average attorney fees for civil case,/states/missouri-lawyer-costs,0,2,0,10,0,1,9,0,1,11,0.0
average attorney fees for civil case,/states/north-carolina-lawyer-costs,0,2,0,11,0,1,11,0,1,11,0.0
average attorney fees for civil case,/states/south-carolina-lawyer-costs,0,2,0,49,0,1,12,0,1,86,0.0
average attorney fees for civil case,/states/utah-lawyer-costs,0,2,0,78,0,0,,0,1,72,-100.0
average attorney fees for civil case,/states/west-virginia-lawyer-costs,0,2,0,7,0,0,,0,2,7,-100.0
average attorney hourly rate,/states/missouri-lawyer-costs,0,2,0,68,0,0,,0,0,,
average consultation fee for lawyer,/states/new-york-lawyer-costs,0,2,0,54,0,0,,0,0,,
average cost for a criminal defense attorney,/pages/criminal-defense-lawyer-cost,0,2,0,59.5,0,0,,0,2,59.5,-100.0
average cost for an attorney,/states/new-york-lawyer-costs,0,2,0,28.5,0,0,,0,1,40,-100.0
average cost for attorney,/states/california-lawyer-costs,0,2,0,98.5,0,0,,0,2,98.5,-100.0
average cost for custody lawyer,/states/new-jersey-lawyer-costs,0,2,0,97,0,0,,0,1,94,-100.0
average cost for lawyer,/states/new-hampshire-lawyer-costs,0,2,0,11,0,2,11,0,0,,
average cost of a criminal defense lawyer,/states/new-york-lawyer-costs,0,2,0,47,0,1,28,0,1,66,0.0
average cost of a criminal lawyer,/pages/criminal-defense-lawyer-cost,0,2,0,48,0,1,30,0,0,,
average cost of a lawyer,/states/georgia-lawyer-costs,0,2,0,25.5,0,0,,0,1,4,-100.0
average cost of an attorney per hour,/states/maine-lawyer-costs,0,2,0,6,0,1,5,0,1,7,0.0
average cost of an attorney per hour,/states/new-york-lawyer-costs,0,2,0,39.5,0,0,,0,1,29,-100.0
average cost of attorney,/states/california-lawyer-costs,0,2,0,70,0,0,,0,0,,
average cost of attorney,/states/new-york-lawyer-costs,0,2,0,29,0,0,,0,2,29,-100.0
average cost of attorney,/states/south-carolina-lawyer-costs,0,2,0,84,0,0,,0,0,,
average cost of criminal defense attorney,/states/new-york-lawyer-costs,0,2,0,48,0,1,56,0,1,40,0.0
average cost of custody lawyer,/states/new-york-lawyer-costs,0,2,0,63.5,0,1,47,0,1,80,0.0
average cost of defense attorney,/states/new-york-lawyer-costs,0,2,0,24,0,0,,0,1,20,-100.0
average cost of divorce attorney,/states/virginia-lawyer-costs,0,2,0,88.5,0,1,84,0,1,93,0.0
average cost of divorce in mn,/states/minnesota-lawyer-costs,0,2,0,72.5,0,0,,0,0,,
average cost of divorce in sc,/states/south-carolina-lawyer-costs,0,2,0,73.5,0,0,,0,1,75,-100.0
average cost of divorce in south carolina,/states/south-carolina-lawyer-costs,0,2,0,68,0,0,,0,1,63,-100.0
average cost of family law attorney,/states/new-york-lawyer-costs,0,2,0,74,0,1,59,0,1,89,0.0
average cost of family law solicitor,/states/new-york-lawyer-costs,0,2,0,48.5,0,0,,0,2,48.5,-100.0
average cost of family lawyer,/states/new-york-lawyer-costs,0,2,0,70,0,1,57,0,1,83,0.0
average cost of lawyer,/,0,2,0,97.5,0,1,99,0,0,,
average cost of lawyer,/states/tennessee-lawyer-costs,0,2,0,61,0,1,38,0,0,,
average cost of lawyer per hour,/pages/how-much-does-a-lawyer-cost,0,2,0,91.5,0,0,,0,0,,
average cost of lawyer per hour,/states/new-york-lawyer-costs,0,2,0,42.5,0,0,,0,1,27,-100.0
average cost of lawyer per hour,/states/wisconsin-lawyer-costs,0,2,0,10,0,2,10,0,0,,
average cost to become a lawyer,/states/new-york-lawyer-costs,0,2,0,36.5,0,1,20,0,1,53,0.0
average cost to defend an employment lawsuit,/pages/employment-lawyer-cost,0,2,0,65.5,0,0,,0,1,53,-100.0
average criminal defense attorney fees,/pages/criminal-defense-lawyer-cost,0,2,0,76.5,0,0,,0,2,76.5,-100.0
average georgia injury lawyer cost,/states/georgia-lawyer-costs,0,2,0,53,0,1,43,0,0,,
average hourly attorney fee,/states/new-york-lawyer-costs,0,2,0,33,0,0,,0,1,25,-100.0
average hourly attorney fees,/states/tennessee-lawyer-costs,0,2,0,57,0,2,57,0,0,,
average hourly fee for attorneys,/pages/how-much-does-a-lawyer-cost,0,2,0,93,0,0,,0,0,,
average hourly rate attorney north carolina 2024 2025,/states/north-carolina-lawyer-costs,0,2,0,11.5,0,0,,0,0,,
average hourly rate for an attorney,/states/new-york-lawyer-costs,0,2,0,41.5,0,1,34,0,1,49,0.0
average hourly rate for lawyer,/states/michigan-lawyer-costs,0,2,0,90,0,2,90,0,0,,
average hourly rate for lawyers,/states/michigan-lawyer-costs,0,2,0,69,0,2,69,0,0,,
average lawyer billing rate,/pages/how-much-does-a-lawyer-cost,0,2,0,67.5,0,0,,0,2,67.5,-100.0
average lawyer billing rate,/states/tennessee-lawyer-costs,0,2,0,58,0,2,58,0,0,,
average lawyer consultation fee,/states/california-lawyer-costs,0,2,0,96.5,0,0,,0,1,99,-100.0
average lawyer cost,/pages/how-much-does-a-lawyer-cost,0,2,0,77,0,0,,0,0,,
average lawyer cost,/states/alabama-lawyer-costs,0,2,0,11,0,2,11,0,0,,
average lawyer cost,/states/indiana-lawyer-costs,0,2,0,12,0,0,,0,2,12,-100.0
average lawyer cost,/states/minnesota-lawyer-costs,0,2,0,10,0,0,,0,2,10,-100.0
average lawyer cost,/states/tennessee-lawyer-costs,0,2,0,58.5,0,2,58.5,0,0,,
average lawyer cost,/states/utah-lawyer-costs,0,2,0,39,0,2,39,0,0,,
average lawyer cost,/states/west-virginia-lawyer-costs,0,2,0,9,0,0,,0,2,9,-100.0
average lawyer cost per hour,/pages/how-much-does-a-lawyer-cost,0,2,0,83.5,0,0,,0,1,89,-100.0
average lawyer cost per hour,/states/alabama-lawyer-costs,0,2,0,11,0,2,11,0,0,,
average lawyer cost per hour,/states/minnesota-lawyer-costs,0,2,0,12,0,0,,0,1,12,-100.0
average lawyer costs,/states/california-lawyer-costs,0,2,0,78,0,0,,0,1,89,-100.0
average lawyer costs,/states/new-york-lawyer-costs,0,2,0,44.5,0,0,,0,1,18,-100.0
average lawyer costs,/states/utah-lawyer-costs,0,2,0,54.5,0,0,,0,2,54.5,-100.0
average lawyer fee,/states/wisconsin-lawyer-costs,0,2,0,42.5,0,0,,0,2,42.5,-100.0
average lawyer fees,/pages/how-much-does-a-lawyer-cost,0,2,0,86,0,0,,0,0,,
average lawyer fees,/states/utah-lawyer-costs,0,2,0,34.5,0,2,34.5,0,0,,
average lawyer fees per hour,/states/kansas-lawyer-costs,0,2,0,17,0,0,,0,0,,
average lawyer hourly rate,/states/idaho-lawyer-costs,0,2,0,63,0,0,,0,0,,
average lawyer hourly rate,/states/kansas-lawyer-costs,0,2,0,24,0,0,,0,2,24,-100.0
average lawyer hourly rate,/states/missouri-lawyer-costs,0,2,0,77.5,0,0,,0,0,,
average lawyer price,/states/utah-lawyer-costs,0,2,0,65,0,1,58,0,1,72,0.0
average lawyer rate,/states/california-lawyer-costs,0,2,0,68,0,0,,0,2,68,-100.0
average lawyer rates,/states/california-lawyer-costs,0,2,0,66,0,0,,0,0,,
average lawyer retainer fee,/states/maine-lawyer-costs,0,2,0,9.5,0,1,10,0,1,9,0.0
average legal fees,/pages/how-much-does-a-lawyer-cost,0,2,0,92,0,0,,0,0,,
average legal fees,/states/missouri-lawyer-costs,0,2,0,80,0,0,,0,0,,
average legal fees,/states/south-carolina-lawyer-costs,0,2,0,79,0,0,,0,0,,
average legal fees,/states/utah-lawyer-costs,0,2,0,42,0,2,42,0,0,,
average price for a lawyer,/states/california-lawyer-costs,0,2,0,80,0,0,,0,0,,
average price for a lawyer,/states/new-york-lawyer-costs,0,2,0,43.5,0,1,11,0,0,,
average price of a lawyer,/states/new-mexico-lawyer-costs,0,2,0,7.5,0,2,7.5,0,0,,
barrister costs,/states/connecticut-lawyer-costs,0,2,0,61,0,1,47,0,1,75,0.0
barrister costs,/states/new-york-lawyer-costs,0,2,0,39.5,0,0,,0,2,39.5,-100.0
barrister costs,/states/texas-lawyer-costs,0,2,0,80.5,0,1,78,0,0,,
barrister fees,/states/mississippi-lawyer-costs,0,2,0,71,0,1,54,0,1,88,0.0
barrister fees,/states/texas-lawyer-costs,0,2,0,85.5,0,1,89,0,1,82,0.0
barrister hourly rate,/states/connecticut-lawyer-costs,0,2,0,84,0,0,,0,1,80,-100.0
barristers fees,/states/iowa-lawyer-costs,0,2,0,84.5,0,2,84.5,0,0,,
basic estate plan cost minnesota,/states/minnesota-lawyer-costs,0,2,0,30,0,1,30,0,1,30,0.0
best affordable attorneys near me,/states/washington-lawyer-costs,0,2,0,7,0,2,7,0,0,,
best child custody lawyers in kentucky,/states/kentucky-lawyer-costs,0,2,0,2.5,0,2,2.5,0,0,,
best criminal defense attorney in missouri,/states/missouri-lawyer-costs,0,2,0,3,0,2,3,0,0,,
best criminal defense attorney pennsylvania,/states/pennsylvania-lawyer-costs,0,2,0,3,0,2,3,0,0,,
best criminal defense attorney pittsburgh,/states/pennsylvania-lawyer-costs,0,2,0,3,0,2,3,0,0,,
best divorce attorney sioux falls,/states/south-dakota-lawyer-costs,0,2,0,3,0,1,3,0,1,3,0.0
best lawyers connecticut,/states/connecticut-lawyer-costs,0,2,0,3.5,0,0,,0,2,3.5,-100.0
black real estate attorney columbia sc,/states/south-carolina-lawyer-costs,0,2,0,3.5,0,0,,0,2,3.5,-100.0
"bristol-myers squibb company litigation, lawsuits, settlements, court rulings, legal liabilities",/states/new-jersey-lawyer-costs,0,2,0,9.5,0,0,,0,0,,
business attorney free consultation near me,/pages/business-lawyer-cost,0,2,0,3,0,2,3,0,0,,
business attorney near me,/pages/business-lawyer-cost,0,2,0,2,0,1,2,0,1,2,0.0
business attorney springfield mo,/pages/business-lawyer-cost,0,2,0,6.5,0,2,6.5,0,0,,
business lawyer chicago,/pages/business-lawyer-cost,0,2,0,2,0,2,2,0,0,,
business lawyer costs,/pages/business-lawyer-cost,0,2,0,64.5,0,0,,0,2,64.5,-100.0
business lawyer rates,/states/alaska-lawyer-costs,0,2,0,79.5,0,0,,0,2,79.5,-100.0
calculate lawyer fees,/pages/lawyer-cost-calculator,0,2,0,72.5,0,1,74,0,0,,
calculate lawyer fees,/pages/legal-fee-calculator,0,2,0,82.5,0,1,82,0,0,,
calculate lawyer fees,/states/california-lawyer-costs,0,2,0,85.5,0,0,,0,1,74,-100.0
calculate lawyer fees,/states/mississippi-lawyer-costs,0,2,0,76.5,0,0,,0,2,76.5,-100.0
calculate lawyer fees,/states/south-carolina-lawyer-costs,0,2,0,90.5,0,0,,0,2,90.5,-100.0
calculate your personal injury claim,/pages/personal-injury-settlement-calculator,0,2,0,97.5,0,0,,0,0,,
calculating fees,/pages/legal-fee-calculator,0,2,0,85.5,0,1,78,0,0,,
california federal criminal defense attorney hourly rates 2026,/states/california-lawyer-costs,0,2,0,3.5,0,0,,0,0,,
california state bar cost,/states/california-lawyer-costs,0,2,0,27.5,0,2,27.5,0,0,,
chapter 7 attorney fees,/pages/bankruptcy-lawyer-cost,0,2,0,77.5,0,0,,0,1,65,-100.0
cheap lawyers,/pages/can-i-afford-a-lawyer,0,2,0,52.5,0,1,51,0,1,54,0.0
citizens advice bureau fees,/states/new-york-lawyer-costs,0,2,0,26.5,0,0,,0,2,26.5,-100.0
civil attorney cost,/states/new-york-lawyer-costs,0,2,0,53,0,0,,0,1,36,-100.0
civil case lawyer fees,/states/colorado-lawyer-costs,0,2,0,53.5,0,0,,0,2,53.5,-100.0
civil court louisville ky,/states/kentucky-lawyer-costs,0,2,0,4,0,2,4,0,0,,
civil lawyer cost,/states/arizona-lawyer-costs,0,2,0,7.5,0,2,7.5,0,0,,
civil lawyer cost,/states/missouri-lawyer-costs,0,2,0,8,0,0,,0,0,,
civil lawyer cost,/states/new-jersey-lawyer-costs,0,2,0,10,0,2,10,0,0,,
civil suit lawyer cost,/states/south-carolina-lawyer-costs,0,2,0,46.5,0,1,5,0,1,88,0.0
colorado attorney fees,/states/colorado-lawyer-costs,0,2,0,28.5,0,2,28.5,0,0,,
compare criminal defense lawyer fees.,/pages/criminal-defense-lawyer-cost,0,2,0,36,0,1,36,0,1,36,0.0
compare the fees of premise liability attorney costs and pricing,/states/new-jersey-lawyer-costs,0,2,0,6,0,0,,0,0,,
connecticut divorce cost,/states/connecticut-lawyer-costs,0,2,0,81.5,0,0,,0,1,81,-100.0
consultation fee for lawyer,/pages/lawyer-consultation-fee,0,2,0,56.5,0,0,,0,2,56.5,-100.0
consultation fees for lawyers,/pages/lawyer-consultation-fee,0,2,0,66.5,0,0,,0,1,53,-100.0
consultation lawyer fee,/states/california-lawyer-costs,0,2,0,59.5,0,0,,0,0,,
consumer protection lawyer cost,/states/new-york-lawyer-costs,0,2,0,10.5,0,1,8,0,0,,
contingency costs,/pages/contingency-fee-explained,0,2,0,69.5,0,1,60,0,1,79,0.0
contingency fee billing,/pages/contingency-fee-explained,0,2,0,57.5,0,1,36,0,1,79,0.0
contingency fee calculator,/pages/contingency-fee-calculator,0,2,0,31.5,0,1,51,0,0,,
contingency fee percentage,/pages/contingency-fee-explained,0,2,0,66,0,1,43,0,0,,
contingency fee recovery audit,/pages/contingency-fee-explained,0,2,0,95,0,0,,0,0,,
contingency rate,/pages/contingency-fee-explained,0,2,0,73,0,2,73,0,0,,
contract lawyer,/states/connecticut-lawyer-costs,0,2,0,1,0,0,,0,2,1,-100.0
contract lawyer cost,/states/louisiana-lawyer-costs,0,2,0,74,0,0,,0,0,,
contract lawyer hourly rate,/states/louisiana-lawyer-costs,0,2,0,77.5,0,0,,0,0,,
cost for a criminal defense attorney,/states/new-york-lawyer-costs,0,2,0,48.5,0,1,58,0,1,39,0.0
cost for a lawyer,/states/tennessee-lawyer-costs,0,2,0,89,0,0,,0,2,89,-100.0
cost for a lawyer,/states/west-virginia-lawyer-costs,0,2,0,64,0,1,95,0,1,33,0.0
cost for attorney,/states/south-carolina-lawyer-costs,0,2,0,78.5,0,0,,0,0,,
cost for lawyer,/states/texas-lawyer-costs,0,2,0,85,0,0,,0,1,80,-100.0
cost for lawyer,/states/wisconsin-lawyer-costs,0,2,0,82.5,0,0,,0,2,82.5,-100.0
cost for legal advice,/states/new-york-lawyer-costs,0,2,0,42.5,0,0,,0,1,38,-100.0
cost lawyer,/states/kentucky-lawyer-costs,0,2,0,87,0,1,75,0,1,99,0.0
cost legal,/states/kentucky-lawyer-costs,0,2,0,74,0,2,74,0,0,,
cost legal,/states/mississippi-lawyer-costs,0,2,0,53.5,0,2,53.5,0,0,,
cost legal,/states/new-york-lawyer-costs,0,2,0,24.5,0,1,25,0,1,24,0.0
cost of a bankruptcy attorney,/pages/bankruptcy-lawyer-cost,0,2,0,68,0,0,,0,2,68,-100.0
cost of a dui lawyer,/states/new-york-lawyer-costs,0,2,0,39,0,0,,0,2,39,-100.0
cost of a lawyer,/states/kentucky-lawyer-costs,0,2,0,47.5,0,1,10,0,1,85,0.0
cost of a lawyer,/states/nebraska-lawyer-costs,0,2,0,11,0,1,12,0,1,10,0.0
cost of a lawyer,/states/new-jersey-lawyer-costs,0,2,0,11,0,2,11,0,0,,
cost of advocate,/states/massachusetts-lawyer-costs,0,2,0,33.5,0,2,33.5,0,0,,
cost of an attorney,/states/hawaii-lawyer-costs,0,2,0,6.5,0,2,6.5,0,0,,
cost of an attorney,/states/indiana-lawyer-costs,0,2,0,50.5,0,2,50.5,0,0,,
cost of an attorney,/states/utah-lawyer-costs,0,2,0,81,0,2,81,0,0,,
cost of attorney,/states/pennsylvania-lawyer-costs,0,2,0,7.5,0,2,7.5,0,0,,
cost of attorney,/states/south-carolina-lawyer-costs,0,2,0,51.5,0,1,11,0,1,92,0.0
cost of attorney for misdemeanor,/pages/criminal-defense-lawyer-cost,0,2,0,60.5,0,1,69,0,1,52,0.0
cost of birth injury lawyer,/pages/birth-injury-lawyer-cost,0,2,0,53,0,0,,0,0,,
cost of criminal defence lawyer,/pages/criminal-defense-lawyer-cost,0,2,0,66,0,1,67,0,0,,
cost of criminal defense attorney,/states/new-york-lawyer-costs,0,2,0,46,0,2,46,0,0,,
cost of defense attorney,/states/massachusetts-lawyer-costs,0,2,0,5,0,0,,0,2,5,-100.0
cost of divorce in ct,/states/connecticut-lawyer-costs,0,2,0,74,0,0,,0,1,64,-100.0
cost of divorce in louisiana,/states/louisiana-lawyer-costs,0,2,0,98,0,0,,0,2,98,-100.0
cost of divorce in maine,/states/maine-lawyer-costs,0,2,0,60.5,0,0,,0,0,,
cost of divorce in sc,/states/south-carolina-lawyer-costs,0,2,0,83.5,0,0,,0,2,83.5,-100.0
cost of dui attorney,/pages/dui-lawyer-cost,0,2,0,65.5,0,1,48,0,1,83,0.0
cost of estate planning,/pages/estate-planning-lawyer-cost,0,2,0,63.5,0,0,,0,0,,
cost of estate planning services,/pages/estate-planning-lawyer-cost,0,2,0,63.5,0,2,63.5,0,0,,
cost of lawyer,/states/california-lawyer-costs,0,2,0,74,0,0,,0,1,63,-100.0
cost of lawyer,/states/north-carolina-lawyer-costs,0,2,0,96.5,0,0,,0,1,97,-100.0
cost of lawyer consultation,/states/new-york-lawyer-costs,0,2,0,26,0,1,28,0,0,,
cost of lawyer consultation,/states/south-carolina-lawyer-costs,0,2,0,87.5,0,1,75,0,0,,
cost of lawyer consultation,/states/texas-lawyer-costs,0,2,0,85,0,0,,0,2,85,-100.0
cost of lawyers,/states/indiana-lawyer-costs,0,2,0,80,0,1,96,0,0,,
cost of legal advice,/states/florida-lawyer-costs,0,2,0,64.5,0,0,,0,2,64.5,-100.0
cost of legal advice,/states/kentucky-lawyer-costs,0,2,0,74,0,1,75,0,1,73,0.0
cost of legal advice,/states/washington-lawyer-costs,0,2,0,70,0,0,,0,2,70,-100.0
cost of legal consultation,/states/new-york-lawyer-costs,0,2,0,10,0,1,10,0,1,10,0.0
cost of legal services,/states/kentucky-lawyer-costs,0,2,0,86,0,1,88,0,1,84,0.0
cost of legal services,/states/maryland-lawyer-costs,0,2,0,56,0,2,56,0,0,,
cost of legal services,/states/massachusetts-lawyer-costs,0,2,0,69.5,0,1,92,0,1,47,0.0
cost of legal services,/states/new-york-lawyer-costs,0,2,0,42,0,1,20,0,0,,
cost of legal services,/states/oklahoma-lawyer-costs,0,2,0,97.5,0,1,100,0,1,95,0.0
cost of litigation lawyer,/states/new-york-lawyer-costs,0,2,0,14.5,0,1,13,0,0,,
cost of making a will with a lawyer near me,/states/arkansas-lawyer-costs,0,2,0,6.5,0,2,6.5,0,0,,
cost of making a will with a lawyer near me,/states/west-virginia-lawyer-costs,0,2,0,11,0,0,,0,1,11,-100.0
cost to be a lawyer,/states/new-york-lawyer-costs,0,2,0,74.5,0,0,,0,1,56,-100.0
costs consultant,/states/california-lawyer-costs,0,2,0,76.5,0,0,,0,0,,
costs lawyers,/states/new-york-lawyer-costs,0,2,0,19,0,1,15,0,0,,
court hourly rates,/states/new-york-lawyer-costs,0,2,0,30.5,0,1,11,0,1,50,0.0
criminal attorney fees,/states/colorado-lawyer-costs,0,2,0,27,0,0,,0,0,,
criminal defence lawyer cost,/pages/criminal-defense-lawyer-cost,0,2,0,44,0,2,44,0,0,,
criminal defense attorney cost,/pages/criminal-defense-lawyer-cost,0,2,0,90.5,0,2,90.5,0,0,,
criminal defense attorney fees,/states/colorado-lawyer-costs,0,2,0,25,0,0,,0,0,,
criminal defense attorney fees,/states/new-york-lawyer-costs,0,2,0,34,0,2,34,0,0,,
criminal defense attorney louisville ky,/states/kentucky-lawyer-costs,0,2,0,3.5,0,1,3,0,1,4,0.0
criminal defense attorney newark nj,/states/new-jersey-lawyer-costs,0,2,0,3,0,2,3,0,0,,
criminal defense attorney philadelphia,/states/pennsylvania-lawyer-costs,0,2,0,3,0,2,3,0,0,,
criminal defense attorney prices,/states/kentucky-lawyer-costs,0,2,0,11,0,2,11,0,0,,
criminal defense fees,/states/new-york-lawyer-costs,0,2,0,6.5,0,2,6.5,0,0,,
criminal lawyer cost,/states/minnesota-lawyer-costs,0,2,0,60.5,0,0,,0,1,55,-100.0
criminal lawyer in new jersey,/states/new-jersey-lawyer-costs,0,2,0,3,0,2,3,0,0,,
criminal lawyer mobile al,/states/alabama-lawyer-costs,0,2,0,2,0,2,2,0,0,,
cuanto cuesta un abogado,/,0,2,0,80.5,0,1,83,0,0,,
cuánto cobra un abogado,/,0,2,0,81.5,0,0,,0,2,81.5,-100.0
dc real estate attorney,/states/washington-lawyer-costs,0,2,0,2,0,2,2,0,0,,
defense attorney cost,/states/alabama-lawyer-costs,0,2,0,11.5,0,1,11,0,1,12,0.0
defense attorney cost,/states/utah-lawyer-costs,0,2,0,6.5,0,2,6.5,0,0,,
defense attorney fees,/states/colorado-lawyer-costs,0,2,0,15.5,0,0,,0,0,,
defense base act settlement calculator,/pages/personal-injury-settlement-calculator,0,2,0,96.5,0,0,,0,2,96.5,-100.0
delaware bar exam fee,/states/delaware-lawyer-costs,0,2,0,47,0,0,,0,2,47,-100.0
demand letter personal injury calculator,/pages/personal-injury-settlement-calculator,0,2,0,75,0,0,,0,1,59,-100.0
divorce attorney in arkansas,/states/arkansas-lawyer-costs,0,2,0,2,0,2,2,0,0,,
divorce cost in missouri,/states/missouri-lawyer-costs,0,2,0,80.5,0,1,75,0,1,86,0.0
divorce lawyer hourly rate,/states/alaska-lawyer-costs,0,2,0,58.5,0,0,,0,0,,
divorce lawyer las vegas cost,/states/nevada-lawyer-costs,0,2,0,71,0,0,,0,2,71,-100.0
divorce lawyer prices,/states/oregon-lawyer-costs,0,2,0,12,0,2,12,0,0,,
divorce lawyers in maryland cost,/states/maryland-lawyer-costs,0,2,0,53.5,0,1,38,0,0,,
divorce lawyers oahu,/states/hawaii-lawyer-costs,0,2,0,2,0,2,2,0,0,,
do lawyers charge consultation fees,/pages/lawyer-consultation-fee,0,2,0,74.5,0,1,61,0,1,88,0.0
do lawyers do payment plans,/states/minnesota-lawyer-costs,0,2,0,83,0,2,83,0,0,,
do you have to pay a lawyer upfront,/states/new-york-lawyer-costs,0,2,0,72.5,0,1,75,0,1,70,0.0
do you have to pay for a court appointed lawyer,/states/new-york-lawyer-costs,0,2,0,71.5,0,1,59,0,1,84,0.0
does a court appointed attorney cost money,/states/new-york-lawyer-costs,0,2,0,83,0,0,,0,1,89,-100.0
dui attorney cost,/pages/dui-lawyer-cost,0,2,0,76,0,0,,0,2,76,-100.0
dui attorney costs,/pages/dui-lawyer-cost,0,2,0,73.5,0,1,73,0,1,74,0.0
dui lawyer,/pages/dui-lawyer-cost,0,2,0,2,0,1,2,0,1,2,0.0
dui lawyer fees,/pages/dui-lawyer-cost,0,2,0,98.5,0,2,98.5,0,0,,
dui lawyer price range,/pages/dui-lawyer-cost,0,2,0,73,0,2,73,0,0,,
dui new jersey law the kugel law firm reviews,/states/new-jersey-lawyer-costs,0,2,0,3.5,0,0,,0,2,3.5,-100.0
employment attorney fees,/pages/employment-lawyer-cost,0,2,0,82,0,0,,0,1,90,-100.0
employment counsel retainer for employers,/pages/employment-lawyer-cost,0,2,0,76,0,1,88,0,1,64,0.0
employment law solicitors,/pages/employment-lawyer-cost,0,2,0,2,0,0,,0,2,2,-100.0
employment lawyer cost per hour,/pages/employment-lawyer-cost,0,2,0,61.5,0,0,,0,1,62,-100.0
employment lawyers in nyc,/pages/employment-lawyer-cost,0,2,0,3.5,0,1,2,0,1,5,0.0
employment lawyers near me,/pages/employment-lawyer-cost,0,2,0,4,0,2,4,0,0,,
employment solicitor cost,/pages/employment-lawyer-cost,0,2,0,31.5,0,0,,0,2,31.5,-100.0
estate attorney louisville ky,/states/kentucky-lawyer-costs,0,2,0,2,0,2,2,0,0,,
estate attorney maryland,/states/maryland-lawyer-costs,0,2,0,2,0,2,2,0,0,,
estate attorney massachusetts,/states/massachusetts-lawyer-costs,0,2,0,2,0,2,2,0,0,,
estate attorney new jersey,/states/new-jersey-lawyer-costs,0,2,0,2,0,2,2,0,0,,
estate lawyer nj free consultation,/states/new-jersey-lawyer-costs,0,2,0,3,0,2,3,0,0,,
estate lawyers boston,/states/massachusetts-lawyer-costs,0,2,0,2,0,2,2,0,0,,
estate lawyers louisville ky,/states/kentucky-lawyer-costs,0,2,0,2,0,2,2,0,0,,
estate planner cost,/pages/estate-planning-lawyer-cost,0,2,0,65.5,0,0,,0,0,,
explain landlord tenant attorney fee structures and average costs,/states/indiana-lawyer-costs,0,2,0,10,0,2,10,0,0,,
explain landlord tenant attorney fee structures and average costs,/states/tennessee-lawyer-costs,0,2,0,10,0,2,10,0,0,,
explain landlord tenant attorney fee structures and average costs,/states/west-virginia-lawyer-costs,0,2,0,6.5,0,2,6.5,0,0,,
family attorney baton rouge,/states/louisiana-lawyer-costs,0,2,0,2,0,2,2,0,0,,
family attorney louisville ky,/states/kentucky-lawyer-costs,0,2,0,3,0,2,3,0,0,,
family law attorney cedar rapids,/states/iowa-lawyer-costs,0,2,0,5,0,2,5,0,0,,
family law attorney colorado springs,/states/colorado-lawyer-costs,0,2,0,3,0,2,3,0,0,,
family law attorney des moines,/states/iowa-lawyer-costs,0,2,0,5.5,0,2,5.5,0,0,,
family law attorney grants pass,/states/oregon-lawyer-costs,0,2,0,2,0,2,2,0,0,,
family law attorney new orleans,/states/louisiana-lawyer-costs,0,2,0,3,0,2,3,0,0,,
family law attorney portland,/states/oregon-lawyer-costs,0,2,0,2,0,2,2,0,0,,
family lawyer lafayette la,/states/louisiana-lawyer-costs,0,2,0,2,0,2,2,0,0,,
family lawyers chattanooga,/states/tennessee-lawyer-costs,0,2,0,2,0,2,2,0,0,,
family lawyers delaware,/states/delaware-lawyer-costs,0,2,0,2,0,2,2,0,0,,
family lawyers new orleans,/states/louisiana-lawyer-costs,0,2,0,3,0,2,3,0,0,,
family lawyers olympia,/states/washington-lawyer-costs,0,2,0,4.5,0,2,4.5,0,0,,
fees for lawyers,/states/new-york-lawyer-costs,0,2,0,46,0,0,,0,1,43,-100.0
fees lawyers,/states/massachusetts-lawyer-costs,0,2,0,45.5,0,1,47,0,1,44,0.0
finder fee for lawyer from financial advisor in virginia,/states/virginia-lawyer-costs,0,2,0,81.5,0,2,81.5,0,0,,
help paying for a lawyer,/states/new-york-lawyer-costs,0,2,0,75.5,0,1,71,0,1,80,0.0
hourly rate for a lawyer,/states/missouri-lawyer-costs,0,2,0,78.5,0,0,,0,0,,
hourly rate for attorney,/states/nevada-lawyer-costs,0,2,0,7,0,2,7,0,0,,
hourly rate for lawyers,/states/maryland-lawyer-costs,0,2,0,65,0,0,,0,0,,
hourly rate lawyer,/states/new-york-lawyer-costs,0,2,0,20.5,0,2,20.5,0,0,,
hourly rates for attorneys,/states/washington-lawyer-costs,0,2,0,10,0,2,10,0,0,,
hourly rates for lawyers,/states/new-york-lawyer-costs,0,2,0,29,0,2,29,0,0,,
how expensive are lawyers,/states/oklahoma-lawyer-costs,0,2,0,11,0,1,11,0,1,11,0.0
how expensive are lawyers,/states/wisconsin-lawyer-costs,0,2,0,41.5,0,0,,0,2,41.5,-100.0
how expensive is a lawyer,/states/new-jersey-lawyer-costs,0,2,0,11,0,1,11,0,1,11,0.0
how is personal injury settlement calculator,/pages/personal-injury-settlement-calculator,0,2,0,65,0,0,,0,1,66,-100.0
how much a dui lawyer cost,/pages/dui-lawyer-cost,0,2,0,1,0,1,1,0,1,1,0.0
how much a lawyer charge,/pages/how-much-does-a-lawyer-cost,0,2,0,87,0,1,77,0,1,97,0.0
how much a lawyer charge for a case,/states/new-jersey-lawyer-costs,0,2,0,12,0,0,,0,2,12,-100.0
how much a lawyer cost,/states/mississippi-lawyer-costs,0,2,0,10,0,2,10,0,0,,
how much advocate charge for legal notice,/states/wisconsin-lawyer-costs,0,2,0,4,0,0,,0,2,4,-100.0
how much an attorney cost,/states/arizona-lawyer-costs,0,2,0,11,0,0,,0,2,11,-100.0
how much an attorney cost,/states/wisconsin-lawyer-costs,0,2,0,75,0,1,70,0,1,80,0.0
how much are attorney fees,/states/california-lawyer-costs,0,2,0,79,0,0,,0,0,,
how much are attorney fees,/states/louisiana-lawyer-costs,0,2,0,11,0,2,11,0,0,,
how much are attorney fees,/states/nevada-lawyer-costs,0,2,0,11.5,0,0,,0,2,11.5,-100.0
how much are attorney fees,/states/new-mexico-lawyer-costs,0,2,0,10.5,0,0,,0,1,12,-100.0
how much are attorney fees,/states/south-carolina-lawyer-costs,0,2,0,8.5,0,2,8.5,0,0,,
how much are attorney fees,/states/west-virginia-lawyer-costs,0,2,0,6,0,0,,0,2,6,-100.0
how much are attorneys,/states/new-jersey-lawyer-costs,0,2,0,8.5,0,0,,0,1,6,-100.0
how much are attorneys,/states/ohio-lawyer-costs,0,2,0,9,0,1,7,0,1,11,0.0
how much are attorneys,/states/south-carolina-lawyer-costs,0,2,0,49,0,0,,0,0,,
how much are attorneys,/states/wisconsin-lawyer-costs,0,2,0,67,0,0,,0,1,49,-100.0
how much are bar dues,/states/missouri-lawyer-costs,0,2,0,11,0,1,10,0,0,,
how much are closing costs in nebraska,/states/nebraska-lawyer-costs,0,2,0,85,0,0,,0,0,,
how much are court fees nj,/states/new-jersey-lawyer-costs,0,2,0,27.5,0,1,21,0,0,,
how much are defense attorneys,/pages/criminal-defense-lawyer-cost,0,2,0,50.5,0,1,48,0,1,53,0.0
how much are family lawyers,/states/new-york-lawyer-costs,0,2,0,82.5,0,2,82.5,0,0,,
how much are lawyer fees,/pages/how-much-does-a-lawyer-cost,0,2,0,43.5,0,0,,0,2,43.5,-100.0
how much are lawyer fees,/states/alabama-lawyer-costs,0,2,0,11,0,2,11,0,0,,
how much are lawyer fees,/states/california-lawyer-costs,0,2,0,43,0,1,11,0,0,,
how much are lawyer fees,/states/minnesota-lawyer-costs,0,2,0,11,0,1,11,0,1,11,0.0
how much are lawyer fees,/states/nevada-lawyer-costs,0,2,0,11,0,0,,0,2,11,-100.0
how much are lawyers,/states/kentucky-lawyer-costs,0,2,0,11.5,0,1,11,0,1,12,0.0
how much are lawyers,/states/new-mexico-lawyer-costs,0,2,0,9,0,1,9,0,1,9,0.0
how much are lawyers,/states/north-dakota-lawyer-costs,0,2,0,9.5,0,1,7,0,1,12,0.0
how much are lawyers fees,/pages/how-much-does-a-lawyer-cost,0,2,0,63.5,0,0,,0,2,63.5,-100.0
how much are lawyers fees,/states/missouri-lawyer-costs,0,2,0,12,0,2,12,0,0,,
how much are lawyers per hour,/states/new-york-lawyer-costs,0,2,0,23,0,1,11,0,0,,
how much are legal fees,/states/connecticut-lawyer-costs,0,2,0,11,0,0,,0,0,,
how much are legal fees,/states/new-york-lawyer-costs,0,2,0,10,0,1,8,0,0,,
how much are speeding tickets in west virginia,/states/west-virginia-lawyer-costs,0,2,0,74.5,0,0,,0,0,,
how much attorney cost,/states/wisconsin-lawyer-costs,0,2,0,51.5,0,1,10,0,1,93,0.0
how much attorney fees,/states/south-carolina-lawyer-costs,0,2,0,61,0,0,,0,1,48,-100.0
how much can a lawyer charge for a case,/states/kentucky-lawyer-costs,0,2,0,4.5,0,2,4.5,0,0,,
how much do a family lawyer cost,/states/new-york-lawyer-costs,0,2,0,81.5,0,1,82,0,1,81,0.0
how much do a lawyer cost,/states/maryland-lawyer-costs,0,2,0,11,0,2,11,0,0,,
how much do a lawyer cost,/states/south-carolina-lawyer-costs,0,2,0,50,0,1,12,0,0,,
how much do attorneys charge,/states/south-carolina-lawyer-costs,0,2,0,53.5,0,1,12,0,1,95,0.0
how much do attorneys charge per hour,/states/arizona-lawyer-costs,0,2,0,10.5,0,2,10.5,0,0,,
how much do attorneys charge per hour,/states/minnesota-lawyer-costs,0,2,0,10.5,0,1,11,0,1,10,0.0
how much do attorneys charge per hour,/states/rhode-island-lawyer-costs,0,2,0,11,0,2,11,0,0,,
how much do attorneys cost,/states/maine-lawyer-costs,0,2,0,9.5,0,2,9.5,0,0,,
how much do criminal defense lawyers charge,/states/new-york-lawyer-costs,0,2,0,57,0,1,75,0,1,39,0.0
how much do criminal defense lawyers cost,/states/new-mexico-lawyer-costs,0,2,0,9,0,2,9,0,0,,
how much do criminal lawyers cost,/pages/criminal-defense-lawyer-cost,0,2,0,69,0,0,,0,1,60,-100.0
how much do criminal lawyers cost,/states/new-york-lawyer-costs,0,2,0,37.5,0,1,35,0,1,40,0.0
how much do custody lawyers cost,/states/new-york-lawyer-costs,0,2,0,71,0,1,64,0,1,78,0.0
how much do defense attorneys cost,/pages/criminal-defense-lawyer-cost,0,2,0,59.5,0,0,,0,2,59.5,-100.0
how much do defense attorneys cost,/states/tennessee-lawyer-costs,0,2,0,3,0,2,3,0,0,,
how much do divorce lawyers charge,/pages/divorce-lawyer-cost,0,2,0,91,0,0,,0,1,89,-100.0
how much do dui attorneys cost,/states/new-york-lawyer-costs,0,2,0,46,0,0,,0,2,46,-100.0
how much do experienced lawyers make,/states/alaska-lawyer-costs,0,2,0,82.5,0,1,77,0,1,88,0.0
how much do family law attorneys charge,/states/new-york-lawyer-costs,0,2,0,81.5,0,1,82,0,0,,
how much do family lawyers cost,/states/new-york-lawyer-costs,0,2,0,72.5,0,1,65,0,1,80,0.0
how much do immigration lawyers cost,/pages/immigration-lawyer-cost,0,2,0,96,0,1,94,0,1,98,0.0
how much do lawyers charge,/pages/how-much-does-a-lawyer-cost,0,2,0,51,0,0,,0,0,,
how much do lawyers charge,/states/california-lawyer-costs,0,2,0,78,0,0,,0,2,78,-100.0
how much do lawyers charge,/states/south-carolina-lawyer-costs,0,2,0,51.5,0,2,51.5,0,0,,
how much do lawyers charge for child support cases,/states/new-york-lawyer-costs,0,2,0,73,0,2,73,0,0,,
how much do lawyers charge for criminal cases,/states/alabama-lawyer-costs,0,2,0,11,0,0,,0,2,11,-100.0
how much do lawyers charge for llc,/states/new-york-lawyer-costs,0,2,0,54.5,0,1,51,0,1,58,0.0
how much do lawyers charge per case,/states/nevada-lawyer-costs,0,2,0,8,0,0,,0,2,8,-100.0
how much do lawyers charge per hour,/states/maryland-lawyer-costs,0,2,0,39.5,0,1,12,0,0,,
how much do lawyers charge per hour,/states/pennsylvania-lawyer-costs,0,2,0,7.5,0,2,7.5,0,0,,
how much do lawyers charge per hour,/states/utah-lawyer-costs,0,2,0,10.5,0,0,,0,2,10.5,-100.0
how much do lawyers cost,/states/alabama-lawyer-costs,0,2,0,9.5,0,0,,0,2,9.5,-100.0
how much do lawyers cost,/states/colorado-lawyer-costs,0,2,0,24.5,0,0,,0,1,11,-100.0
how much do lawyers cost,/states/delaware-lawyer-costs,0,2,0,7.5,0,1,11,0,1,4,0.0
how much do lawyers cost,/states/kansas-lawyer-costs,0,2,0,10.5,0,2,10.5,0,0,,
how much do lawyers cost,/states/michigan-lawyer-costs,0,2,0,10.5,0,2,10.5,0,0,,
how much do lawyers cost,/states/tennessee-lawyer-costs,0,2,0,23.5,0,2,23.5,0,0,,
how much do lawyers cost,/states/wisconsin-lawyer-costs,0,2,0,82.5,0,0,,0,2,82.5,-100.0
how much do lawyers cost for criminal defense,/states/new-york-lawyer-costs,0,2,0,50,0,1,68,0,1,32,0.0
how much do lawyers cost per hour,/states/new-york-lawyer-costs,0,2,0,62.5,0,0,,0,1,47,-100.0
how much do lawyers cost per hour,/states/utah-lawyer-costs,0,2,0,11.5,0,0,,0,1,11,-100.0
how much do lawyers make in maryland,/states/maryland-lawyer-costs,0,2,0,22.5,0,0,,0,1,8,-100.0
how much do lawyers make in tennessee,/states/tennessee-lawyer-costs,0,2,0,31,0,2,31,0,0,,
how much do m and a lawyers typically charge?,/states/iowa-lawyer-costs,0,2,0,88.5,0,2,88.5,0,0,,
how much do personal injury lawyers charge in california,/states/california-lawyer-costs,0,2,0,81,0,0,,0,1,85,-100.0
how much do small business lawyers cost,/states/new-york-lawyer-costs,0,2,0,46,0,1,37,0,1,55,0.0
how much do traffic attorneys cost,/states/new-york-lawyer-costs,0,2,0,59,0,1,51,0,1,67,0.0
how much do va lawyers charge,/states/west-virginia-lawyer-costs,0,2,0,70.5,0,1,56,0,0,,
how much do workers comp lawyers charge,/states/missouri-lawyer-costs,0,2,0,66,0,0,,0,0,,
how much does a attorney cost,/pages/how-much-does-a-lawyer-cost,0,2,0,65,0,0,,0,1,48,-100.0
how much does a attorney cost,/states/arkansas-lawyer-costs,0,2,0,9,0,0,,0,2,9,-100.0
how much does a attorney cost,/states/idaho-lawyer-costs,0,2,0,9.5,0,1,10,0,1,9,0.0
how much does a attorney cost,/states/oklahoma-lawyer-costs,0,2,0,11,0,2,11,0,0,,
how much does a attorney cost,/states/oregon-lawyer-costs,0,2,0,11,0,2,11,0,0,,
how much does a attorney cost,/states/washington-lawyer-costs,0,2,0,11.5,0,2,11.5,0,0,,
how much does a bankruptcy lawyer charge,/pages/bankruptcy-lawyer-cost,0,2,0,55,0,2,55,0,0,,
how much does a business attorney cost,/states/massachusetts-lawyer-costs,0,2,0,71,0,0,,0,2,71,-100.0
how much does a business lawyer cost,/states/alaska-lawyer-costs,0,2,0,38,0,2,38,0,0,,
how much does a business lawyer cost,/states/texas-lawyer-costs,0,2,0,79.5,0,0,,0,2,79.5,-100.0
how much does a civil attorney cost,/states/kentucky-lawyer-costs,0,2,0,6,0,0,,0,2,6,-100.0
how much does a civil attorney cost,/states/mississippi-lawyer-costs,0,2,0,9,0,1,6,0,0,,
how much does a civil attorney cost,/states/missouri-lawyer-costs,0,2,0,46.5,0,2,46.5,0,0,,
how much does a civil attorney cost,/states/north-carolina-lawyer-costs,0,2,0,9,0,2,9,0,0,,
how much does a civil attorney cost,/states/south-carolina-lawyer-costs,0,2,0,8,0,1,6,0,1,10,0.0
how much does a civil attorney cost,/states/tennessee-lawyer-costs,0,2,0,12,0,1,12,0,1,12,0.0
how much does a civil lawyer cost,/states/iowa-lawyer-costs,0,2,0,12.5,0,0,,0,1,12,-100.0
how much does a civil lawyer cost,/states/north-carolina-lawyer-costs,0,2,0,9.5,0,1,8,0,1,11,0.0
how much does a civil lawyer cost,/states/oklahoma-lawyer-costs,0,2,0,11,0,0,,0,1,11,-100.0
how much does a civil lawyer cost,/states/west-virginia-lawyer-costs,0,2,0,9,0,1,6,0,0,,
how much does a civil lawyer cost,/states/wisconsin-lawyer-costs,0,2,0,10.5,0,1,11,0,1,10,0.0
how much does a civil litigation lawyer cost,/states/new-york-lawyer-costs,0,2,0,5,0,2,5,0,0,,
how much does a civil litigation lawyer cost,/states/south-carolina-lawyer-costs,0,2,0,51,0,0,,0,0,,
how much does a civil rights attorney cost,/states/arizona-lawyer-costs,0,2,0,9.5,0,1,7,0,1,12,0.0
how much does a civil rights attorney cost?,/states/colorado-lawyer-costs,0,2,0,19,0,0,,0,0,,
how much does a consultation with a lawyer cost,/pages/can-i-afford-a-lawyer,0,2,0,73.5,0,0,,0,1,58,-100.0
how much does a consumer lawyer cost,/states/ohio-lawyer-costs,0,2,0,8,0,2,8,0,0,,
how much does a consumer protection lawyer cost,/states/georgia-lawyer-costs,0,2,0,11.5,0,1,11,0,1,12,0.0
how much does a consumer protection lawyer cost,/states/illinois-lawyer-costs,0,2,0,11.5,0,1,12,0,1,11,0.0
how much does a consumer protection lawyer cost,/states/kentucky-lawyer-costs,0,2,0,42.5,0,1,12,0,1,73,0.0
how much does a consumer protection lawyer cost,/states/wisconsin-lawyer-costs,0,2,0,98.5,0,0,,0,2,98.5,-100.0
how much does a criminal defense attorney cost,/states/new-york-lawyer-costs,0,2,0,50,0,1,57,0,1,43,0.0
how much does a criminal defense lawyer cost,/states/new-york-lawyer-costs,0,2,0,54,0,1,69,0,1,39,0.0
how much does a criminal defense lawyer cost,/states/west-virginia-lawyer-costs,0,2,0,7.5,0,1,4,0,1,11,0.0
how much does a criminal lawyer cost,/states/arkansas-lawyer-costs,0,2,0,70.5,0,0,,0,2,70.5,-100.0
how much does a criminal lawyer cost,/states/california-lawyer-costs,0,2,0,86.5,0,0,,0,1,73,-100.0
how much does a criminal lawyer cost,/states/new-york-lawyer-costs,0,2,0,46,0,0,,0,1,37,-100.0
how much does a criminal lawyer cost in atlanta,/pages/criminal-defense-lawyer-cost,0,2,0,66.5,0,2,66.5,0,0,,
how much does a custody lawyer cost,/states/new-york-lawyer-costs,0,2,0,69.5,0,1,65,0,1,74,0.0
how much does a divorce cost in alabama,/states/alabama-lawyer-costs,0,2,0,57.5,0,0,,0,1,60,-100.0
how much does a divorce cost in north dakota,/states/north-dakota-lawyer-costs,0,2,0,72,0,0,,0,1,66,-100.0
how much does a divorce lawyer cost,/states/wisconsin-lawyer-costs,0,2,0,81,0,0,,0,1,75,-100.0
how much does a divorce lawyer cost in indiana,/pages/divorce-lawyer-cost,0,2,0,74,0,2,74,0,0,,
how much does a divorce lawyer cost in missouri,/states/missouri-lawyer-costs,0,2,0,54.5,0,1,33,0,0,,
how much does a divorce lawyer cost in nc,/states/north-carolina-lawyer-costs,0,2,0,74.5,0,2,74.5,0,0,,
how much does a dui attorney cost,/pages/dui-lawyer-cost,0,2,0,89,0,2,89,0,0,,
how much does a dui lawyer cost in california,/pages/dui-lawyer-cost,0,2,0,39,0,0,,0,2,39,-100.0
how much does a dui lawyer cost in colorado,/states/colorado-lawyer-costs,0,2,0,56,0,0,,0,1,63,-100.0
how much does a dwi lawyer cost,/pages/dui-lawyer-cost,0,2,0,1,0,1,1,0,1,1,0.0
how much does a employment lawyer cost,/pages/employment-lawyer-cost,0,2,0,79.5,0,0,,0,1,87,-100.0
how much does a employment lawyer cost,/states/new-york-lawyer-costs,0,2,0,44,0,1,37,0,1,51,0.0
how much does a family court lawyer cost,/states/missouri-lawyer-costs,0,2,0,11,0,2,11,0,0,,
how much does a family court lawyer cost,/states/new-york-lawyer-costs,0,2,0,35.5,0,2,35.5,0,0,,
how much does a family law attorney cost,/states/oregon-lawyer-costs,0,2,0,10,0,2,10,0,0,,
how much does a family lawyer cost,/states/new-york-lawyer-costs,0,2,0,82,0,1,81,0,1,83,0.0
how much does a family lawyer cost in california,/states/california-lawyer-costs,0,2,0,72.5,0,1,59,0,1,86,0.0
how much does a family lawyer cost in texas,/states/texas-lawyer-costs,0,2,0,90,0,2,90,0,0,,
how much does a felony defense attorney cost,/states/alabama-lawyer-costs,0,2,0,11.5,0,2,11.5,0,0,,
how much does a foreclosure lawyer cost,/states/south-carolina-lawyer-costs,0,2,0,91.5,0,0,,0,1,94,-100.0
how much does a good attorney cost,/states/south-carolina-lawyer-costs,0,2,0,82,0,0,,0,0,,
how much does a good criminal attorney cost,/states/new-york-lawyer-costs,0,2,0,76.5,0,0,,0,1,88,-100.0
how much does a good family lawyer cost,/states/new-york-lawyer-costs,0,2,0,88.5,0,1,95,0,1,82,0.0
how much does a good lawyer cost,/states/kentucky-lawyer-costs,0,2,0,10,0,0,,0,2,10,-100.0
how much does a juvenile lawyer cost,/states/new-york-lawyer-costs,0,2,0,77,0,1,60,0,1,94,0.0
how much does a lawer cost,/states/new-mexico-lawyer-costs,0,2,0,10.5,0,1,9,0,0,,
how much does a lawyer,/states/alaska-lawyer-costs,0,2,0,55,0,0,,0,2,55,-100.0
how much does a lawyer,/states/new-york-lawyer-costs,0,2,0,51,0,0,,0,0,,
how much does a lawyer charge,/pages/how-much-does-a-lawyer-cost,0,2,0,47.5,0,0,,0,0,,
how much does a lawyer charge,/states/colorado-lawyer-costs,0,2,0,11,0,2,11,0,0,,
how much does a lawyer charge,/states/kentucky-lawyer-costs,0,2,0,9,0,1,12,0,1,6,0.0
how much does a lawyer charge,/states/texas-lawyer-costs,0,2,0,49.5,0,2,49.5,0,0,,
how much does a lawyer charge for a misdemeanor,/states/new-york-lawyer-costs,0,2,0,56,0,0,,0,1,40,-100.0
how much does a lawyer charge for an llc,/pages/business-lawyer-cost,0,2,0,80,0,1,73,0,1,87,0.0
how much does a lawyer charge for bankruptcy,/pages/bankruptcy-lawyer-cost,0,2,0,79.5,0,0,,0,2,79.5,-100.0
how much does a lawyer charge to represent you in court,/states/kentucky-lawyer-costs,0,2,0,9,0,1,6,0,1,12,0.0
how much does a lawyer consultation cost,/pages/can-i-afford-a-lawyer,0,2,0,69.5,0,0,,0,0,,
how much does a lawyer consultation cost,/pages/lawyer-consultation-fee,0,2,0,42,0,1,41,0,1,43,0.0
how much does a lawyer consultation cost,/states/california-lawyer-costs,0,2,0,89,0,0,,0,0,,
how much does a lawyer cost,/states/delaware-lawyer-costs,0,2,0,7,0,2,7,0,0,,
how much does a lawyer cost,/states/georgia-lawyer-costs,0,2,0,36,0,1,45,0,0,,
how much does a lawyer cost,/states/michigan-lawyer-costs,0,2,0,11.5,0,2,11.5,0,0,,
how much does a lawyer cost,/states/missouri-lawyer-costs,0,2,0,1,0,2,1,0,0,,
how much does a lawyer cost,/states/montana-lawyer-costs,0,2,0,11.5,0,2,11.5,0,0,,
how much does a lawyer cost,/states/south-dakota-lawyer-costs,0,2,0,9.5,0,1,10,0,1,9,0.0
how much does a lawyer cost for a criminal case,/pages/criminal-defense-lawyer-cost,0,2,0,49.5,0,0,,0,1,42,-100.0
how much does a lawyer cost for a felony,/pages/criminal-defense-lawyer-cost,0,2,0,60.5,0,0,,0,2,60.5,-100.0
how much does a lawyer cost for a felony,/states/illinois-lawyer-costs,0,2,0,13,0,0,,0,2,13,-100.0
how much does a lawyer cost for a felony charge,/pages/criminal-defense-lawyer-cost,0,2,0,68,0,1,58,0,0,,
how much does a lawyer cost for a felony charge,/states/new-york-lawyer-costs,0,2,0,55.5,0,1,69,0,1,42,0.0
how much does a lawyer cost for a misdemeanor,/states/new-york-lawyer-costs,0,2,0,26.5,0,2,26.5,0,0,,
how much does a lawyer cost for a small business,/states/alaska-lawyer-costs,0,2,0,57,0,0,,0,2,57,-100.0
how much does a lawyer cost for a trial,/states/new-york-lawyer-costs,0,2,0,13.5,0,2,13.5,0,0,,
how much does a lawyer cost for family court,/states/arkansas-lawyer-costs,0,2,0,6,0,2,6,0,0,,
how much does a lawyer cost for family court,/states/south-carolina-lawyer-costs,0,2,0,10,0,2,10,0,0,,
how much does a lawyer cost for small claims court,/states/kentucky-lawyer-costs,0,2,0,6,0,0,,0,2,6,-100.0
how much does a lawyer cost for small claims court,/states/virginia-lawyer-costs,0,2,0,5.5,0,1,6,0,0,,
how much does a lawyer cost for small claims court,/states/west-virginia-lawyer-costs,0,2,0,6,0,1,6,0,1,6,0.0
how much does a lawyer cost on average,/states/new-york-lawyer-costs,0,2,0,28,0,0,,0,0,,
how much does a lawyer cost per case,/states/kansas-lawyer-costs,0,2,0,7,0,2,7,0,0,,
how much does a lawyer cost per hour,/pages/how-much-does-a-lawyer-cost,0,2,0,99.5,0,0,,0,0,,
how much does a lawyer cost per hour,/states/kansas-lawyer-costs,0,2,0,12,0,0,,0,2,12,-100.0
how much does a lawyer cost per hour,/states/oregon-lawyer-costs,0,2,0,12.5,0,1,12,0,1,13,0.0
how much does a lawyer cost per hour,/states/washington-lawyer-costs,0,2,0,10,0,2,10,0,0,,
how much does a lawyer cost to file bankruptcy,/pages/bankruptcy-lawyer-cost,0,2,0,79,0,1,96,0,1,62,0.0
how much does a lawyer cost to represent you in court,/states/maryland-lawyer-costs,0,2,0,9,0,1,5,0,0,,
how much does a lawyer cost?,/states/massachusetts-lawyer-costs,0,2,0,11.5,0,2,11.5,0,0,,
how much does a lawyer make an hour,/states/colorado-lawyer-costs,0,2,0,30.5,0,0,,0,0,,
how much does a lawyer typically cost,/states/new-york-lawyer-costs,0,2,0,12,0,2,12,0,0,,
how much does a legal aid lawyer cost,/states/utah-lawyer-costs,0,2,0,7.5,0,1,5,0,0,,
how much does a litigator cost,/states/washington-lawyer-costs,0,2,0,32,0,2,32,0,0,,
how much does a lottery lawyer charge,/states/florida-lawyer-costs,0,2,0,59.5,0,0,,0,2,59.5,-100.0
how much does a misdemeanor defense attorney cost,/states/new-york-lawyer-costs,0,2,0,48,0,1,48,0,1,48,0.0
how much does a oui lawyer cost,/states/maine-lawyer-costs,0,2,0,50.5,0,2,50.5,0,0,,
how much does a personal injury lawyer charge,/pages/personal-injury-lawyer-cost,0,2,0,61.5,0,2,61.5,0,0,,
how much does a personal injury lawyer cost,/states/washington-lawyer-costs,0,2,0,67,0,1,65,0,1,69,0.0
how much does a personal injury lawyer take,/pages/personal-injury-lawyer-cost,0,2,0,71.5,0,2,71.5,0,0,,
how much does a personal lawyer cost,/states/georgia-lawyer-costs,0,2,0,10,0,0,,0,2,10,-100.0
how much does a personal lawyer cost,/states/maryland-lawyer-costs,0,2,0,9,0,0,,0,2,9,-100.0
how much does a private attorney cost,/states/michigan-lawyer-costs,0,2,0,6.5,0,2,6.5,0,0,,
how much does a private attorney cost,/states/new-york-lawyer-costs,0,2,0,47,0,1,8,0,0,,
how much does a probate lawyer cost in georgia,/states/georgia-lawyer-costs,0,2,0,86.5,0,1,86,0,0,,
how much does a probate lawyer cost in ohio,/states/ohio-lawyer-costs,0,2,0,96.5,0,2,96.5,0,0,,
how much does a real estate attorney cost?,/pages/real-estate-lawyer-cost,0,2,0,50,0,1,1,0,1,99,0.0
how much does a real estate attorney cost?,/states/new-york-lawyer-costs,0,2,0,89,0,1,90,0,1,88,0.0
how much does a sexual assault lawyer cost,/states/new-york-lawyer-costs,0,2,0,67.5,0,1,54,0,1,81,0.0
how much does a small claims court lawyer cost,/states/mississippi-lawyer-costs,0,2,0,6.5,0,0,,0,0,,
how much does a small claims court lawyer cost,/states/missouri-lawyer-costs,0,2,0,9,0,1,7,0,0,,
how much does a small claims lawyer cost,/states/maryland-lawyer-costs,0,2,0,8,0,0,,0,1,7,-100.0
how much does a small claims lawyer cost,/states/minnesota-lawyer-costs,0,2,0,8,0,1,6,0,1,10,0.0
how much does a small claims lawyer cost,/states/mississippi-lawyer-costs,0,2,0,5.5,0,1,6,0,0,,
how much does a small claims lawyer cost,/states/new-mexico-lawyer-costs,0,2,0,4.5,0,2,4.5,0,0,,
how much does a small claims lawyer cost,/states/tennessee-lawyer-costs,0,2,0,10,0,2,10,0,0,,
how much does a small claims lawyer cost,/states/virginia-lawyer-costs,0,2,0,6.5,0,1,5,0,1,8,0.0
how much does a super lawyer cost,/states/california-lawyer-costs,0,2,0,93.5,0,0,,0,1,97,-100.0
how much does a tax lawyer cost,/states/colorado-lawyer-costs,0,2,0,47,0,0,,0,0,,
how much does a tenant lawyer cost,/pages/real-estate-lawyer-cost,0,2,0,61,0,1,54,0,1,68,0.0
how much does a title ix lawyer cost,/states/california-lawyer-costs,0,2,0,68.5,0,0,,0,0,,
how much does a traffic attorney cost,/states/new-york-lawyer-costs,0,2,0,59.5,0,1,53,0,1,66,0.0
how much does a traffic lawyer cost in illinois,/states/illinois-lawyer-costs,0,2,0,83,0,2,83,0,0,,
how much does a traffic lawyer cost in kansas,/states/kansas-lawyer-costs,0,2,0,78.5,0,0,,0,0,,
how much does a traffic lawyer cost in texas,/states/texas-lawyer-costs,0,2,0,79.5,0,2,79.5,0,0,,
how much does a trial lawyer cost,/states/colorado-lawyer-costs,0,2,0,30.5,0,0,,0,0,,
how much does a trust lawyer cost,/states/new-york-lawyer-costs,0,2,0,85.5,0,1,98,0,1,73,0.0
how much does a will cost in delaware,/states/delaware-lawyer-costs,0,2,0,10.5,0,2,10.5,0,0,,
how much does an advocate cost,/states/new-york-lawyer-costs,0,2,0,7,0,0,,0,2,7,-100.0
how much does an attorney charge,/states/new-york-lawyer-costs,0,2,0,35,0,1,7,0,0,,
how much does an attorney cost,/pages/can-i-afford-a-lawyer,0,2,0,72,0,0,,0,2,72,-100.0
how much does an attorney cost,/states/alaska-lawyer-costs,0,2,0,12,0,0,,0,1,11,-100.0
how much does an attorney cost,/states/delaware-lawyer-costs,0,2,0,9,0,2,9,0,0,,
how much does an attorney cost,/states/iowa-lawyer-costs,0,2,0,11,0,1,11,0,1,11,0.0
how much does an attorney cost,/states/kentucky-lawyer-costs,0,2,0,11,0,1,10,0,1,12,0.0
how much does an attorney cost,/states/maryland-lawyer-costs,0,2,0,11.5,0,2,11.5,0,0,,
how much does an attorney cost,/states/mississippi-lawyer-costs,0,2,0,12,0,1,12,0,0,,
how much does an attorney cost,/states/new-jersey-lawyer-costs,0,2,0,10,0,2,10,0,0,,
how much does an attorney cost,/states/oregon-lawyer-costs,0,2,0,10.5,0,2,10.5,0,0,,
how much does an attorney cost,/states/west-virginia-lawyer-costs,0,2,0,9.5,0,2,9.5,0,0,,
how much does an attorney cost for small claims court,/states/alabama-lawyer-costs,0,2,0,10,0,0,,0,2,10,-100.0
how much does an attorney cost for small claims court,/states/missouri-lawyer-costs,0,2,0,9.5,0,1,8,0,1,11,0.0
how much does an attorney cost for small claims court,/states/oklahoma-lawyer-costs,0,2,0,10.5,0,0,,0,1,10,-100.0
how much does an attorney cost per hour,/states/missouri-lawyer-costs,0,2,0,12,0,0,,0,2,12,-100.0
how much does an attorney cost per hour,/states/utah-lawyer-costs,0,2,0,8,0,0,,0,0,,
how much does an emancipation lawyer cost,/states/idaho-lawyer-costs,0,2,0,12,0,0,,0,0,,
how much does an employment lawyer cost,/states/new-york-lawyer-costs,0,2,0,43.5,0,1,35,0,1,52,0.0
how much does an eviction attorney cost,/states/new-york-lawyer-costs,0,2,0,70,0,1,51,0,0,,
how much does an immigration lawyer cost in california,/pages/immigration-lawyer-cost,0,2,0,48.5,0,2,48.5,0,0,,
how much does an ovi lawyer cost,/states/new-york-lawyer-costs,0,2,0,43,0,1,44,0,1,42,0.0
how much does criminal defense lawyer cost,/pages/criminal-defense-lawyer-cost,0,2,0,46,0,2,46,0,0,,
how much does criminal defense lawyer cost,/states/new-york-lawyer-costs,0,2,0,52.5,0,1,69,0,1,36,0.0
how much does criminal lawyer cost,/states/new-york-lawyer-costs,0,2,0,61,0,0,,0,1,42,-100.0
how much does custody lawyer cost,/states/new-york-lawyer-costs,0,2,0,69,0,1,64,0,1,74,0.0
how much does divorce cost in arkansas,/states/arkansas-lawyer-costs,0,2,0,72.5,0,2,72.5,0,0,,
how much does divorce cost in louisiana,/states/louisiana-lawyer-costs,0,2,0,84,0,1,81,0,1,87,0.0
how much does divorce cost in montana,/states/montana-lawyer-costs,0,2,0,62,0,0,,0,1,88,-100.0
how much does divorce lawyer cost,/pages/divorce-lawyer-cost,0,2,0,94.5,0,0,,0,1,94,-100.0
how much does emancipation cost in iowa,/states/iowa-lawyer-costs,0,2,0,36,0,0,,0,0,,
how much does estate planning cost,/pages/estate-planning-lawyer-cost,0,2,0,67.5,0,0,,0,1,56,-100.0
how much does he charge,/states/massachusetts-lawyer-costs,0,2,0,2.5,0,2,2.5,0,0,,
how much does he cost,/states/massachusetts-lawyer-costs,0,2,0,3,0,2,3,0,0,,
how much does hiring a lawyer cost,/states/colorado-lawyer-costs,0,2,0,18.5,0,0,,0,0,,
how much does hiring a lawyer cost,/states/maryland-lawyer-costs,0,2,0,11.5,0,0,,0,2,11.5,-100.0
how much does hiring a personal injury lawyer cost,/pages/personal-injury-lawyer-cost,0,2,0,80.5,0,2,80.5,0,0,,
how much does it cost for a custody lawyer,/states/new-york-lawyer-costs,0,2,0,89,0,1,86,0,1,92,0.0
how much does it cost for a felony lawyer,/pages/criminal-defense-lawyer-cost,0,2,0,60,0,1,52,0,1,68,0.0
how much does it cost for a lawyer,/states/arizona-lawyer-costs,0,2,0,12,0,0,,0,2,12,-100.0
how much does it cost for a lawyer,/states/maine-lawyer-costs,0,2,0,4.5,0,2,4.5,0,0,,
how much does it cost for a lawyer,/states/new-jersey-lawyer-costs,0,2,0,11.5,0,1,12,0,0,,
how much does it cost for a lawyer to represent you in court,/states/alaska-lawyer-costs,0,2,0,11.5,0,1,12,0,1,11,0.0
how much does it cost for a lawyer to represent you in court,/states/california-lawyer-costs,0,2,0,10.5,0,0,,0,2,10.5,-100.0
how much does it cost for a lawyer to represent you in court,/states/georgia-lawyer-costs,0,2,0,11,0,2,11,0,0,,
how much does it cost for a lawyer to represent you in court,/states/montana-lawyer-costs,0,2,0,9,0,1,8,0,1,10,0.0
how much does it cost for a lawyer to represent you in court,/states/nebraska-lawyer-costs,0,2,0,6.5,0,0,,0,2,6.5,-100.0
how much does it cost for a lawyer to represent you in court,/states/rhode-island-lawyer-costs,0,2,0,9.5,0,0,,0,0,,
how much does it cost for an attorney,/states/indiana-lawyer-costs,0,2,0,10,0,1,9,0,1,11,0.0
how much does it cost for an attorney,/states/nevada-lawyer-costs,0,2,0,7.5,0,2,7.5,0,0,,
how much does it cost for an attorney,/states/new-mexico-lawyer-costs,0,2,0,8,0,1,4,0,1,12,0.0
how much does it cost for an attorney,/states/south-carolina-lawyer-costs,0,2,0,86.5,0,0,,0,0,,
how much does it cost for legal advice,/states/new-hampshire-lawyer-costs,0,2,0,3,0,2,3,0,0,,
how much does it cost to become a criminal lawyer,/states/new-york-lawyer-costs,0,2,0,42,0,2,42,0,0,,
how much does it cost to consult a lawyer,/states/california-lawyer-costs,0,2,0,71,0,0,,0,0,,
how much does it cost to consult a lawyer,/states/colorado-lawyer-costs,0,2,0,30,0,0,,0,0,,
how much does it cost to consult with a lawyer,/states/california-lawyer-costs,0,2,0,81,0,0,,0,1,92,-100.0
how much does it cost to consult with a lawyer,/states/new-york-lawyer-costs,0,2,0,41,0,0,,0,1,27,-100.0
how much does it cost to do estate planning,/pages/estate-planning-lawyer-cost,0,2,0,57,0,2,57,0,0,,
how much does it cost to get a lawyer,/states/arizona-lawyer-costs,0,2,0,11,0,0,,0,2,11,-100.0
how much does it cost to get a lawyer,/states/indiana-lawyer-costs,0,2,0,10,0,2,10,0,0,,
how much does it cost to get a lawyer,/states/maryland-lawyer-costs,0,2,0,11.5,0,2,11.5,0,0,,
how much does it cost to get a lawyer,/states/nevada-lawyer-costs,0,2,0,9,0,0,,0,2,9,-100.0
how much does it cost to get a lawyer,/states/new-york-lawyer-costs,0,2,0,32.5,0,0,,0,1,43,-100.0
how much does it cost to get a lawyer,/states/oklahoma-lawyer-costs,0,2,0,11.5,0,0,,0,2,11.5,-100.0
how much does it cost to get a lawyer,/states/south-carolina-lawyer-costs,0,2,0,46.5,0,0,,0,1,12,-100.0
how much does it cost to have a lawyer,/pages/how-much-does-a-lawyer-cost,0,2,0,78,0,1,96,0,0,,
how much does it cost to have a lawyer,/states/maryland-lawyer-costs,0,2,0,12,0,2,12,0,0,,
how much does it cost to hire a criminal lawyer,/states/new-york-lawyer-costs,0,2,0,38.5,0,1,33,0,1,44,0.0
how much does it cost to hire a defense attorney,/states/new-york-lawyer-costs,0,2,0,33.5,0,0,,0,2,33.5,-100.0
how much does it cost to hire a lawyer,/states/colorado-lawyer-costs,0,2,0,30,0,1,11,0,0,,
how much does it cost to hire a lawyer,/states/delaware-lawyer-costs,0,2,0,9,0,0,,0,2,9,-100.0
how much does it cost to hire a lawyer,/states/maine-lawyer-costs,0,2,0,7.5,0,1,9,0,1,6,0.0
how much does it cost to hire a lawyer,/states/mississippi-lawyer-costs,0,2,0,11,0,1,11,0,0,,
how much does it cost to hire a lawyer,/states/new-mexico-lawyer-costs,0,2,0,11,0,2,11,0,0,,
how much does it cost to hire a lawyer,/states/rhode-island-lawyer-costs,0,2,0,5,0,2,5,0,0,,
how much does it cost to hire a lawyer,/states/wisconsin-lawyer-costs,0,2,0,9.5,0,2,9.5,0,0,,
how much does it cost to hire a personal injury lawyer,/pages/personal-injury-lawyer-cost,0,2,0,82,0,2,82,0,0,,
how much does it cost to hire a solicitor,/states/new-york-lawyer-costs,0,2,0,24.5,0,1,4,0,1,45,0.0
how much does it cost to hire a tenant lawyer,/states/new-york-lawyer-costs,0,2,0,65,0,1,44,0,1,86,0.0
how much does it cost to hire an attorney,/pages/can-i-afford-a-lawyer,0,2,0,87.5,0,1,80,0,1,95,0.0
how much does it cost to hire an attorney,/states/kansas-lawyer-costs,0,2,0,11.5,0,1,11,0,1,12,0.0
how much does it cost to hire an attorney,/states/kentucky-lawyer-costs,0,2,0,11,0,2,11,0,0,,
how much does it cost to hire an attorney,/states/nebraska-lawyer-costs,0,2,0,10,0,2,10,0,0,,
how much does it cost to hire an attorney,/states/new-mexico-lawyer-costs,0,2,0,10.5,0,2,10.5,0,0,,
how much does it cost to hire an attorney,/states/new-york-lawyer-costs,0,2,0,42,0,1,8,0,0,,
how much does it cost to hire an attorney?,/states/colorado-lawyer-costs,0,2,0,42.5,0,0,,0,0,,
how much does it cost to retain a lawyer,/states/oregon-lawyer-costs,0,2,0,10,0,1,8,0,1,12,0.0
how much does it cost to retain a lawyer,/states/wisconsin-lawyer-costs,0,2,0,11,0,2,11,0,0,,
how much does it cost to subpoena text messages,/privacy-policy,0,2,0,81.5,0,2,81.5,0,0,,
how much does it take to become a lawyer,/states/alaska-lawyer-costs,0,2,0,88.5,0,0,,0,2,88.5,-100.0
how much does it take to become a lawyer,/states/new-york-lawyer-costs,0,2,0,54.5,0,1,44,0,1,65,0.0
how much does lawyer charge,/pages/how-much-does-a-lawyer-cost,0,2,0,70,0,1,74,0,0,,
how much does lawyer cost,/pages/how-much-does-a-lawyer-cost,0,2,0,49.5,0,0,,0,2,49.5,-100.0
how much does lawyers cost,/,0,2,0,88.5,0,2,88.5,0,0,,
how much does lawyers cost,/states/new-york-lawyer-costs,0,2,0,10.5,0,1,12,0,1,9,0.0
how much does lawyers cost,/states/oklahoma-lawyer-costs,0,2,0,32.5,0,0,,0,2,32.5,-100.0
how much does lawyers cost,/states/washington-lawyer-costs,0,2,0,11.5,0,1,12,0,0,,
how much does legal aid cost,/states/idaho-lawyer-costs,0,2,0,10.5,0,0,,0,1,10,-100.0
how much does legal representation cost,/states/utah-lawyer-costs,0,2,0,6,0,1,8,0,0,,
how much does pharmacy board defense lawyer cost in alabama,/states/alabama-lawyer-costs,0,2,0,42.5,0,0,,0,1,78,-100.0
how much does the average lawyer charge per hour,/states/kansas-lawyer-costs,0,2,0,19.5,0,2,19.5,0,0,,
how much does the average lawyer cost,/states/south-carolina-lawyer-costs,0,2,0,43,0,0,,0,1,7,-100.0
how much estate planning cost,/pages/estate-planning-lawyer-cost,0,2,0,87.5,0,0,,0,0,,
how much for a civil lawyer,/states/mississippi-lawyer-costs,0,2,0,8.5,0,2,8.5,0,0,,
how much for a criminal defense lawyer,/states/new-york-lawyer-costs,0,2,0,54,0,1,45,0,1,63,0.0
how much for a criminal lawyer,/states/new-york-lawyer-costs,0,2,0,32,0,1,33,0,1,31,0.0
how much for a custody lawyer,/states/new-york-lawyer-costs,0,2,0,73,0,1,65,0,1,81,0.0
how much for a good lawyer,/states/idaho-lawyer-costs,0,2,0,10,0,2,10,0,0,,
how much for a lawyer,/states/hawaii-lawyer-costs,0,2,0,6,0,1,11,0,1,1,0.0
how much for a lawyer,/states/kentucky-lawyer-costs,0,2,0,11,0,2,11,0,0,,
how much for a lawyer,/states/south-carolina-lawyer-costs,0,2,0,56,0,1,12,0,1,100,0.0
how much for a lawyer consultation,/pages/how-much-does-a-lawyer-cost,0,2,0,41,0,1,23,0,0,,
how much for a lawyer to represent you in court,/pages/how-much-does-a-lawyer-cost,0,2,0,70.5,0,0,,0,0,,
how much for a lawyer to represent you in court,/states/connecticut-lawyer-costs,0,2,0,5.5,0,2,5.5,0,0,,
how much for a lawyer to represent you in court,/states/illinois-lawyer-costs,0,2,0,8.5,0,1,8,0,1,9,0.0
how much for a lawyer to represent you in court,/states/kentucky-lawyer-costs,0,2,0,32.5,0,0,,0,2,32.5,-100.0
how much for a lawyer to represent you in court,/states/louisiana-lawyer-costs,0,2,0,10.5,0,0,,0,2,10.5,-100.0
how much for a lawyer to represent you in court,/states/minnesota-lawyer-costs,0,2,0,9,0,0,,0,2,9,-100.0
how much for a lawyer to represent you in court,/states/nevada-lawyer-costs,0,2,0,5,0,0,,0,2,5,-100.0
how much for a lawyer to represent you in court,/states/new-jersey-lawyer-costs,0,2,0,9.5,0,0,,0,1,7,-100.0
how much for a lawyer to represent you in court,/states/new-york-lawyer-costs,0,2,0,8,0,0,,0,2,8,-100.0
how much for a public defender,/pages/criminal-defense-lawyer-cost,0,2,0,75.5,0,0,,0,2,75.5,-100.0
how much for an attorney,/states/new-york-lawyer-costs,0,2,0,68.5,0,1,54,0,0,,
how much for attorney,/states/west-virginia-lawyer-costs,0,2,0,38,0,1,42,0,1,34,0.0
how much for attorney fees,/states/arkansas-lawyer-costs,0,2,0,8,0,0,,0,2,8,-100.0
how much for attorney fees,/states/indiana-lawyer-costs,0,2,0,11,0,0,,0,2,11,-100.0
how much for attorney fees,/states/wisconsin-lawyer-costs,0,2,0,11.5,0,0,,0,2,11.5,-100.0
how much for lawyer,/states/south-carolina-lawyer-costs,0,2,0,87.5,0,0,,0,0,,
how much immigration lawyer charge,/pages/immigration-lawyer-cost,0,2,0,79,0,2,79,0,0,,
how much is a attorney,/states/california-lawyer-costs,0,2,0,46.5,0,1,10,0,0,,
how much is a attorney,/states/louisiana-lawyer-costs,0,2,0,6,0,1,6,0,1,6,0.0
how much is a attorney,/states/wyoming-lawyer-costs,0,2,0,37.5,0,0,,0,1,44,-100.0
how much is a attorney fee,/states/new-york-lawyer-costs,0,2,0,14.5,0,1,8,0,0,,
how much is a attorney fee,/states/south-carolina-lawyer-costs,0,2,0,93,0,1,86,0,1,100,0.0
how much is a bankruptcy lawyer in california,/pages/bankruptcy-lawyer-cost,0,2,0,70.5,0,2,70.5,0,0,,
how much is a civil lawyer,/states/alabama-lawyer-costs,0,2,0,43,0,0,,0,1,10,-100.0
how much is a civil lawyer,/states/arkansas-lawyer-costs,0,2,0,6,0,2,6,0,0,,
how much is a civil lawyer,/states/indiana-lawyer-costs,0,2,0,9,0,1,7,0,1,11,0.0
how much is a civil lawyer,/states/massachusetts-lawyer-costs,0,2,0,9.5,0,1,10,0,1,9,0.0
how much is a civil lawyer,/states/rhode-island-lawyer-costs,0,2,0,4,0,2,4,0,0,,
how much is a consultation with a lawyer,/states/north-carolina-lawyer-costs,0,2,0,90.5,0,0,,0,0,,
how much is a contract lawyer,/states/new-york-lawyer-costs,0,2,0,73,0,1,67,0,1,79,0.0
how much is a criminal defense attorney,/states/kansas-lawyer-costs,0,2,0,9.5,0,2,9.5,0,0,,
how much is a criminal defense lawyer,/states/new-york-lawyer-costs,0,2,0,42,0,1,47,0,1,37,0.0
how much is a criminal lawyer,/states/new-york-lawyer-costs,0,2,0,65.5,0,1,62,0,0,,
how much is a custody lawyer,/states/new-york-lawyer-costs,0,2,0,72.5,0,1,60,0,1,85,0.0
how much is a defense attorney,/states/alabama-lawyer-costs,0,2,0,8.5,0,0,,0,0,,
how much is a defense attorney,/states/mississippi-lawyer-costs,0,2,0,4.5,0,2,4.5,0,0,,
how much is a defense attorney cost,/states/north-dakota-lawyer-costs,0,2,0,8,0,1,7,0,1,9,0.0
how much is a divorce in sc,/states/south-carolina-lawyer-costs,0,2,0,94.5,0,0,,0,2,94.5,-100.0
how much is a divorce lawyer,/states/arkansas-lawyer-costs,0,2,0,7,0,2,7,0,0,,
how much is a divorce lawyer in georgia,/states/georgia-lawyer-costs,0,2,0,85,0,0,,0,1,70,-100.0
how much is a divorce lawyer in ohio,/states/ohio-lawyer-costs,0,2,0,80.5,0,0,,0,1,78,-100.0
how much is a dwi lawyer,/pages/dui-lawyer-cost,0,2,0,25,0,1,49,0,1,1,0.0
how much is a employment lawyer,/pages/employment-lawyer-cost,0,2,0,66,0,0,,0,1,48,-100.0
how much is a family court lawyer,/states/new-york-lawyer-costs,0,2,0,84.5,0,1,70,0,1,99,0.0
how much is a family lawyer,/states/kentucky-lawyer-costs,0,2,0,7,0,2,7,0,0,,
how much is a family lawyer,/states/new-york-lawyer-costs,0,2,0,98.5,0,1,97,0,1,100,0.0
how much is a good lawyer,/pages/can-i-afford-a-lawyer,0,2,0,66.5,0,0,,0,1,47,-100.0
how much is a lawer,/pages/how-much-does-a-lawyer-cost,0,2,0,46.5,0,0,,0,2,46.5,-100.0
how much is a lawyer,/states/california-lawyer-costs,0,2,0,84,0,0,,0,0,,
how much is a lawyer,/states/michigan-lawyer-costs,0,2,0,30,0,0,,0,2,30,-100.0
how much is a lawyer,/states/new-jersey-lawyer-costs,0,2,0,10.5,0,2,10.5,0,0,,
how much is a lawyer,/states/ohio-lawyer-costs,0,2,0,100,0,2,100,0,0,,
how much is a lawyer consultation fee,/states/south-carolina-lawyer-costs,0,2,0,95.5,0,0,,0,1,91,-100.0
how much is a lawyer for a civil case,/states/alabama-lawyer-costs,0,2,0,6,0,2,6,0,0,,
how much is a lawyer for a civil suit,/states/kentucky-lawyer-costs,0,2,0,7,0,0,,0,2,7,-100.0
how much is a lawyer for a felony,/pages/criminal-defense-lawyer-cost,0,2,0,42.5,0,1,1,0,1,84,0.0
how much is a lawyer for a felony,/states/utah-lawyer-costs,0,2,0,10,0,2,10,0,0,,
how much is a lawyer for a misdemeanor,/states/arkansas-lawyer-costs,0,2,0,11,0,2,11,0,0,,
how much is a lawyer for civil court,/states/new-york-lawyer-costs,0,2,0,6.5,0,2,6.5,0,0,,
how much is a lawyer for civil court,/states/west-virginia-lawyer-costs,0,2,0,4.5,0,0,,0,2,4.5,-100.0
how much is a lawyer for restraining order,/states/kansas-lawyer-costs,0,2,0,16,0,2,16,0,0,,
how much is a lawyer for small claims court,/states/alabama-lawyer-costs,0,2,0,10,0,2,10,0,0,,
how much is a lawyer for small claims court,/states/new-hampshire-lawyer-costs,0,2,0,11.5,0,0,,0,1,11,-100.0
how much is a lawyer for small claims court,/states/north-dakota-lawyer-costs,0,2,0,10.5,0,1,9,0,0,,
how much is a lawyer for small claims court,/states/utah-lawyer-costs,0,2,0,10.5,0,2,10.5,0,0,,
how much is a lawyer for small claims court,/states/wisconsin-lawyer-costs,0,2,0,11,0,0,,0,1,10,-100.0
how much is a lawyer for small claims court,/states/wyoming-lawyer-costs,0,2,0,7.5,0,1,8,0,0,,
how much is a lawyer per hour,/states/massachusetts-lawyer-costs,0,2,0,11.5,0,2,11.5,0,0,,
how much is a lawyer per hour,/states/oklahoma-lawyer-costs,0,2,0,10,0,0,,0,2,10,-100.0
how much is a lawyer per hour,/states/washington-lawyer-costs,0,2,0,11.5,0,1,10,0,0,,
how much is a lawyer retainer fee,/states/mississippi-lawyer-costs,0,2,0,10,0,2,10,0,0,,
how much is a lawyer to represent me in court,/states/new-york-lawyer-costs,0,2,0,10,0,0,,0,2,10,-100.0
how much is a legal aid lawyer,/states/south-carolina-lawyer-costs,0,2,0,7,0,0,,0,1,8,-100.0
how much is a local criminal defense attorney,/states/south-carolina-lawyer-costs,0,2,0,8.5,0,1,7,0,0,,
how much is a private attorney,/states/indiana-lawyer-costs,0,2,0,10,0,2,10,0,0,,
how much is a private attorney,/states/minnesota-lawyer-costs,0,2,0,10,0,2,10,0,0,,
how much is a private attorney,/states/pennsylvania-lawyer-costs,0,2,0,10.5,0,2,10.5,0,0,,
how much is a private lawyer,/states/washington-lawyer-costs,0,2,0,9.5,0,1,9,0,1,10,0.0
how much is a real estate lawyer,/pages/real-estate-lawyer-cost,0,2,0,88,0,1,86,0,1,90,0.0
how much is a small claims lawyer,/states/colorado-lawyer-costs,0,2,0,11,0,0,,0,1,10,-100.0
how much is a small claims lawyer,/states/connecticut-lawyer-costs,0,2,0,9.5,0,2,9.5,0,0,,
how much is a small claims lawyer,/states/iowa-lawyer-costs,0,2,0,10.5,0,2,10.5,0,0,,
how much is a small claims lawyer,/states/louisiana-lawyer-costs,0,2,0,6.5,0,2,6.5,0,0,,
how much is a small claims lawyer,/states/maryland-lawyer-costs,0,2,0,11,0,0,,0,1,10,-100.0
how much is a small claims lawyer,/states/missouri-lawyer-costs,0,2,0,8.5,0,1,6,0,1,11,0.0
how much is a small claims lawyer,/states/tennessee-lawyer-costs,0,2,0,8.5,0,1,7,0,1,10,0.0
how much is a tenant lawyer,/states/new-york-lawyer-costs,0,2,0,74.5,0,1,53,0,1,96,0.0
how much is an attorney,/states/alabama-lawyer-costs,0,2,0,42,0,1,12,0,0,,
how much is an attorney,/states/colorado-lawyer-costs,0,2,0,24.5,0,0,,0,0,,
how much is an attorney,/states/kansas-lawyer-costs,0,2,0,10.5,0,1,9,0,1,12,0.0
how much is an attorney,/states/nebraska-lawyer-costs,0,2,0,10,0,2,10,0,0,,
how much is an attorney,/states/north-dakota-lawyer-costs,0,2,0,10.5,0,2,10.5,0,0,,
how much is an attorney for small claims court,/states/south-carolina-lawyer-costs,0,2,0,10.5,0,1,10,0,1,11,0.0
how much is an attorney per hour,/states/new-york-lawyer-costs,0,2,0,32,0,0,,0,0,,
how much is an eviction attorney,/states/new-york-lawyer-costs,0,2,0,65,0,1,61,0,1,69,0.0
how much is attorney,/states/california-lawyer-costs,0,2,0,87.5,0,0,,0,0,,
how much is attorney,/states/new-jersey-lawyer-costs,0,2,0,6.5,0,0,,0,2,6.5,-100.0
how much is attorney,/states/new-york-lawyer-costs,0,2,0,7.5,0,1,5,0,1,10,0.0
how much is attorney,/states/utah-lawyer-costs,0,2,0,43,0,0,,0,2,43,-100.0
how much is attorney,/states/west-virginia-lawyer-costs,0,2,0,84,0,0,,0,2,84,-100.0
how much is attorney,/states/wisconsin-lawyer-costs,0,2,0,94,0,0,,0,2,94,-100.0
how much is attorney consultation fee,/states/california-lawyer-costs,0,2,0,81,0,0,,0,0,,
how much is attorney consultation fee,/states/new-york-lawyer-costs,0,2,0,46.5,0,0,,0,1,36,-100.0
how much is it to file a motion in court,/states/south-carolina-lawyer-costs,0,2,0,10.5,0,2,10.5,0,0,,
how much is it to get a lawyer,/states/new-york-lawyer-costs,0,2,0,35.5,0,1,12,0,0,,
how much is it to hire a lawyer,/states/arizona-lawyer-costs,0,2,0,10.5,0,0,,0,2,10.5,-100.0
how much is it to hire a lawyer,/states/mississippi-lawyer-costs,0,2,0,10.5,0,0,,0,2,10.5,-100.0
how much is it to hire a lawyer,/states/new-york-lawyer-costs,0,2,0,46,0,0,,0,1,38,-100.0
how much is it to hire a lawyer,/states/oklahoma-lawyer-costs,0,2,0,40,0,0,,0,2,40,-100.0
how much is it to hire a lawyer,/states/west-virginia-lawyer-costs,0,2,0,9,0,1,10,0,1,8,0.0
how much is lawyer,/states/california-lawyer-costs,0,2,0,29,0,1,12,0,1,46,0.0
how much is lawyer,/states/pennsylvania-lawyer-costs,0,2,0,10.5,0,2,10.5,0,0,,
how much is lawyer fee,/states/new-york-lawyer-costs,0,2,0,33,0,1,17,0,0,,
how much is lawyer fees,/states/indiana-lawyer-costs,0,2,0,11.5,0,0,,0,0,,
how much is lawyers fees,/states/kentucky-lawyer-costs,0,2,0,37.5,0,0,,0,2,37.5,-100.0
how much is legal,/states/new-york-lawyer-costs,0,2,0,6.5,0,0,,0,1,6,-100.0
how much is legal fees,/states/california-lawyer-costs,0,2,0,93.5,0,0,,0,0,,
how much is legal fees,/states/louisiana-lawyer-costs,0,2,0,7,0,0,,0,2,7,-100.0
how much is the attorney fee,/states/arizona-lawyer-costs,0,2,0,8,0,2,8,0,0,,
how much is the attorney fee,/states/mississippi-lawyer-costs,0,2,0,7,0,2,7,0,0,,
how much is the lawyer fee,/states/new-york-lawyer-costs,0,2,0,9.5,0,2,9.5,0,0,,
how much lawyer,/states/oklahoma-lawyer-costs,0,2,0,92,0,1,87,0,0,,
how much lawyer,/states/wisconsin-lawyer-costs,0,2,0,82.5,0,0,,0,0,,
how much lawyer charge per hour,/states/kentucky-lawyer-costs,0,2,0,12,0,0,,0,2,12,-100.0
how much lawyer cost,/states/washington-lawyer-costs,0,2,0,9.5,0,0,,0,2,9.5,-100.0
how much lawyer cost,/states/wisconsin-lawyer-costs,0,2,0,70.5,0,0,,0,2,70.5,-100.0
how much lawyers charge,/states/new-york-lawyer-costs,0,2,0,27,0,1,17,0,1,37,0.0
how much lawyers charge,/states/south-carolina-lawyer-costs,0,2,0,66,0,1,60,0,0,,
how much lawyers cost,/states/michigan-lawyer-costs,0,2,0,9.5,0,1,12,0,1,7,0.0
how much lawyers cost,/states/oklahoma-lawyer-costs,0,2,0,64.5,0,0,,0,1,42,-100.0
how much lawyers cost,/states/south-carolina-lawyer-costs,0,2,0,85,0,1,95,0,0,,
how much should a lawyer charge,/pages/can-i-afford-a-lawyer,0,2,0,62.5,0,0,,0,2,62.5,-100.0
how much should a lawyer charge,/pages/how-much-does-a-lawyer-cost,0,2,0,60,0,0,,0,2,60,-100.0
how much should a lawyer cost,/pages/can-i-afford-a-lawyer,0,2,0,77.5,0,0,,0,1,81,-100.0
how much should a lawyer cost,/states/pennsylvania-lawyer-costs,0,2,0,11,0,2,11,0,0,,
how much should estate planning cost,/pages/estate-planning-lawyer-cost,0,2,0,60.5,0,2,60.5,0,0,,
how much to become a lawyer,/states/new-york-lawyer-costs,0,2,0,52,0,1,28,0,1,76,0.0
how much to charge for consultation,/pages/lawyer-consultation-fee,0,2,0,69.5,0,0,,0,1,43,-100.0
how much to get a lawyer,/states/new-york-lawyer-costs,0,2,0,29.5,0,1,7,0,0,,
how much will a lawyer cost,/states/new-york-lawyer-costs,0,2,0,33.5,0,1,9,0,0,,
how much will a lawyer cost for misdemeanor,/states/new-york-lawyer-costs,0,2,0,52.5,0,0,,0,1,39,-100.0
how much would a lawyer cost,/states/alabama-lawyer-costs,0,2,0,11.5,0,2,11.5,0,0,,
how much would a lawyer cost,/states/south-carolina-lawyer-costs,0,2,0,88.5,0,1,95,0,0,,
how much would a lawyer cost,/states/tennessee-lawyer-costs,0,2,0,36,0,2,36,0,0,,
how much would a lawyer cost,/states/wisconsin-lawyer-costs,0,2,0,40.5,0,2,40.5,0,0,,
how much would an attorney cost,/states/south-carolina-lawyer-costs,0,2,0,11,0,2,11,0,0,,
how much would an attorney cost,/states/utah-lawyer-costs,0,2,0,12,0,2,12,0,0,,
how to compare lawyer fees for rideshare accidents uber lyft contingency,/pages/uber-lyft-accident-lawyer-cost,0,2,0,13,0,0,,0,0,,
how to file a civil lawsuit in virginia,/states/virginia-lawyer-costs,0,2,0,2,0,2,2,0,0,,
how to file a civil suit in colorado,/states/colorado-lawyer-costs,0,2,0,3.5,0,2,3.5,0,0,,
how to find a lawyer,/pages/how-much-does-a-lawyer-cost,0,2,0,3,0,2,3,0,0,,
how to get money for lawyer fees,/states/florida-lawyer-costs,0,2,0,81.5,0,0,,0,1,72,-100.0
how.much does a lawyer cost,/states/california-lawyer-costs,0,2,0,70.5,0,0,,0,0,,
i am a financial analyst who covers j&j with a specific focus on quantifying the total financial liability from its global litigation. i search for any information that helps me model the probability and cost of different outcomes—from a global settlement to bankruptcy proceedings—to determine the true risk-adjusted valuation of the company. what are the latest litigation updates involving johnson & johnson's pharmaceutical products?,/pages/personal-injury-settlement-calculator,0,2,0,96,0,2,96,0,0,,
i cant afford a lawyer,/pages/can-i-afford-a-lawyer,0,2,0,56,0,0,,0,1,69,-100.0
ilawyermarketing costs,/states/california-lawyer-costs,0,2,0,78.5,0,0,,0,2,78.5,-100.0
illinois bar fees,/states/illinois-lawyer-costs,0,2,0,29.5,0,0,,0,2,29.5,-100.0
illinois business attorney hourly rate contract review 2026,/states/illinois-lawyer-costs,0,2,0,31.5,0,1,29,0,1,34,0.0
immigration lawyer fee,/pages/immigration-lawyer-cost,0,2,0,54,0,2,54,0,0,,
immigration lawyer prices,/pages/immigration-lawyer-cost,0,2,0,92.5,0,2,92.5,0,0,,
indianapolis real estate attorney,/states/indiana-lawyer-costs,0,2,0,2,0,2,2,0,0,,
iowa probate fees,/states/iowa-lawyer-costs,0,2,0,62,0,0,,0,0,,
is $400 an hour a lot for a lawyer,/states/oklahoma-lawyer-costs,0,2,0,5,0,2,5,0,0,,
is there a way to estimate legal fees for personal injury cases in nebraska?,/states/nebraska-lawyer-costs,0,2,0,8,0,2,8,0,0,,
jason carlstrom attorney iowa,/states/iowa-lawyer-costs,0,2,0,2,0,0,,0,0,,
labor lawyer nyc,/pages/employment-lawyer-cost,0,2,0,2,0,1,2,0,1,2,0.0
labour lawyer fees,/pages/employment-lawyer-cost,0,2,0,61.5,0,1,79,0,1,44,0.0
law consultation fee,/states/new-york-lawyer-costs,0,2,0,16,0,1,19,0,1,13,0.0
law cost draftsmen,/states/massachusetts-lawyer-costs,0,2,0,78,0,2,78,0,0,,
law costing,/terms,0,2,0,67,0,1,63,0,0,,
law pro fees,/states/oklahoma-lawyer-costs,0,2,0,72,0,2,72,0,0,,
lawer cost,/states/iowa-lawyer-costs,0,2,0,11,0,0,,0,2,11,-100.0
lawyer average hourly rate,/states/michigan-lawyer-costs,0,2,0,56,0,2,56,0,0,,
lawyer billable hours calculator,/pages/legal-fee-calculator,0,2,0,77,0,0,,0,0,,
lawyer charge,/states/new-york-lawyer-costs,0,2,0,27.5,0,1,21,0,1,34,0.0
lawyer charge,/states/south-carolina-lawyer-costs,0,2,0,77.5,0,1,63,0,1,92,0.0
lawyer charges,/states/new-york-lawyer-costs,0,2,0,23.5,0,1,16,0,1,31,0.0
lawyer charges per hour,/states/new-york-lawyer-costs,0,2,0,59,0,1,26,0,1,92,0.0
lawyer consultant fee,/states/california-lawyer-costs,0,2,0,74,0,0,,0,1,74,-100.0
lawyer consultant fees,/states/california-lawyer-costs,0,2,0,68,0,0,,0,0,,
lawyer consultation fees,/states/california-lawyer-costs,0,2,0,74.5,0,1,50,0,1,99,0.0
lawyer consultation price,/pages/lawyer-consultation-fee,0,2,0,92,0,1,87,0,1,97,0.0
lawyer consulting fee,/states/new-york-lawyer-costs,0,2,0,29,0,1,30,0,1,28,0.0
lawyer cost,/states/connecticut-lawyer-costs,0,2,0,9,0,1,8,0,1,10,0.0
lawyer cost,/states/kansas-lawyer-costs,0,2,0,9,0,0,,0,1,9,-100.0
lawyer cost,/states/maine-lawyer-costs,0,2,0,10,0,0,,0,2,10,-100.0
lawyer cost,/states/new-mexico-lawyer-costs,0,2,0,9,0,0,,0,2,9,-100.0
lawyer cost per hour,/states/connecticut-lawyer-costs,0,2,0,9.5,0,1,9,0,0,,
lawyer cost per hour,/states/hawaii-lawyer-costs,0,2,0,9,0,1,9,0,1,9,0.0
lawyer cost per hour,/states/idaho-lawyer-costs,0,2,0,6,0,1,4,0,1,8,0.0
lawyer cost per hour,/states/maryland-lawyer-costs,0,2,0,9.5,0,2,9.5,0,0,,
lawyer cost per hour,/states/missouri-lawyer-costs,0,2,0,10,0,0,,0,1,9,-100.0
lawyer cost per hour,/states/new-york-lawyer-costs,0,2,0,24,0,1,20,0,0,,
lawyer cost per hour,/states/tennessee-lawyer-costs,0,2,0,41,0,2,41,0,0,,
lawyer costs,/pages/how-much-does-a-lawyer-cost,0,2,0,59.5,0,1,80,0,0,,
lawyer costs,/states/alabama-lawyer-costs,0,2,0,6,0,2,6,0,0,,
lawyer costs,/states/florida-lawyer-costs,0,2,0,80.5,0,0,,0,1,87,-100.0
lawyer costs,/states/minnesota-lawyer-costs,0,2,0,14,0,0,,0,1,12,-100.0
lawyer costs,/states/north-carolina-lawyer-costs,0,2,0,88.5,0,0,,0,0,,
lawyer costs,/states/washington-lawyer-costs,0,2,0,75.5,0,1,77,0,1,74,0.0
lawyer fee,/states/colorado-lawyer-costs,0,2,0,15.5,0,1,12,0,0,,
lawyer fee,/states/kentucky-lawyer-costs,0,2,0,21,0,0,,0,2,21,-100.0
lawyer fee calculator,/states/arizona-lawyer-costs,0,2,0,46,0,0,,0,2,46,-100.0
lawyer fee for divorce,/states/alaska-lawyer-costs,0,2,0,69.5,0,0,,0,1,57,-100.0
lawyer fee per hour,/states/minnesota-lawyer-costs,0,2,0,6.5,0,2,6.5,0,0,,
lawyer fee per hour,/states/new-york-lawyer-costs,0,2,0,29.5,0,1,28,0,1,31,0.0
lawyer fee schedule,/states/california-lawyer-costs,0,2,0,19,0,0,,0,0,,
lawyer fees,/states/georgia-lawyer-costs,0,2,0,51.5,0,2,51.5,0,0,,
lawyer fees,/states/hawaii-lawyer-costs,0,2,0,11,0,1,12,0,1,10,0.0
lawyer fees,/states/kansas-lawyer-costs,0,2,0,24.5,0,0,,0,0,,
lawyer fees,/states/north-dakota-lawyer-costs,0,2,0,9,0,2,9,0,0,,
lawyer fees,/states/south-dakota-lawyer-costs,0,2,0,8,0,0,,0,2,8,-100.0
lawyer fees calculator,/pages/lawyer-cost-calculator,0,2,0,55,0,1,55,0,0,,
lawyer fees calculator,/pages/legal-fee-calculator,0,2,0,59.5,0,1,47,0,0,,
lawyer fees for bail,/states/new-york-lawyer-costs,0,2,0,23,0,1,13,0,1,33,0.0
lawyer fees for civil case,/states/new-york-lawyer-costs,0,2,0,27,0,2,27,0,0,,
lawyer fees for consultation,/states/california-lawyer-costs,0,2,0,81.5,0,0,,0,0,,
lawyer fees for criminal defense,/states/new-york-lawyer-costs,0,2,0,53,0,1,28,0,1,78,0.0
lawyer fees for green card,/pages/immigration-lawyer-cost,0,2,0,81,0,0,,0,0,,
lawyer fees for small business,/states/new-york-lawyer-costs,0,2,0,39,0,0,,0,2,39,-100.0
lawyer fees for small claims court,/states/missouri-lawyer-costs,0,2,0,10,0,1,10,0,1,10,0.0
lawyer fees per hour,/states/arkansas-lawyer-costs,0,2,0,6,0,2,6,0,0,,
lawyer fees per hour,/states/connecticut-lawyer-costs,0,2,0,7.5,0,2,7.5,0,0,,
lawyer fees per hour,/states/kentucky-lawyer-costs,0,2,0,9.5,0,1,10,0,1,9,0.0
lawyer fees per hour,/states/missouri-lawyer-costs,0,2,0,6,0,2,6,0,0,,
lawyer fees per hour,/states/nebraska-lawyer-costs,0,2,0,5,0,1,9,0,1,1,0.0
lawyer fees per hour,/states/new-york-lawyer-costs,0,2,0,29.5,0,1,23,0,1,36,0.0
lawyer flat fee,/pages/hourly-vs-flat-fee-lawyer,0,2,0,51.5,0,2,51.5,0,0,,
lawyer hourly rate,/states/arizona-lawyer-costs,0,2,0,9,0,2,9,0,0,,
lawyer hourly rate,/states/iowa-lawyer-costs,0,2,0,9,0,1,7,0,1,11,0.0
lawyer hourly rate,/states/massachusetts-lawyer-costs,0,2,0,9.5,0,2,9.5,0,0,,
lawyer hourly rate,/states/montana-lawyer-costs,0,2,0,6.5,0,2,6.5,0,0,,
lawyer hourly rate,/states/nevada-lawyer-costs,0,2,0,8,0,1,8,0,1,8,0.0
lawyer hourly rate,/states/new-hampshire-lawyer-costs,0,2,0,7.5,0,1,7,0,1,8,0.0
lawyer hourly rates,/states/massachusetts-lawyer-costs,0,2,0,26.5,0,0,,0,2,26.5,-100.0
lawyer how much,/states/oklahoma-lawyer-costs,0,2,0,94.5,0,0,,0,0,,
lawyer how much,/states/pennsylvania-lawyer-costs,0,2,0,6,0,2,6,0,0,,
lawyer in mississippi,/states/mississippi-lawyer-costs,0,2,0,2,0,2,2,0,0,,
lawyer legal fees,/states/north-carolina-lawyer-costs,0,2,0,36,0,0,,0,0,,
lawyer phoenix,/states/arizona-lawyer-costs,0,2,0,2,0,2,2,0,0,,
lawyer price,/states/alabama-lawyer-costs,0,2,0,62,0,0,,0,1,80,-100.0
lawyer price,/states/maryland-lawyer-costs,0,2,0,43.5,0,2,43.5,0,0,,
lawyer price,/states/michigan-lawyer-costs,0,2,0,31,0,1,10,0,0,,
lawyer price,/states/new-mexico-lawyer-costs,0,2,0,9,0,0,,0,0,,
lawyer price,/states/west-virginia-lawyer-costs,0,2,0,58.5,0,2,58.5,0,0,,
lawyer price per hour,/states/nebraska-lawyer-costs,0,2,0,6,0,1,6,0,1,6,0.0
lawyer prices,/states/arizona-lawyer-costs,0,2,0,7.5,0,2,7.5,0,0,,
lawyer prices,/states/california-lawyer-costs,0,2,0,8,0,2,8,0,0,,
lawyer prices,/states/florida-lawyer-costs,0,2,0,95,0,0,,0,0,,
lawyer prices,/states/kentucky-lawyer-costs,0,2,0,26.5,0,2,26.5,0,0,,
lawyer prices,/states/louisiana-lawyer-costs,0,2,0,45.5,0,0,,0,1,6,-100.0
lawyer prices,/states/michigan-lawyer-costs,0,2,0,86,0,0,,0,0,,
lawyer prices,/states/minnesota-lawyer-costs,0,2,0,10,0,1,11,0,0,,
lawyer prices,/states/north-carolina-lawyer-costs,0,2,0,53.5,0,0,,0,0,,
lawyer prices,/states/tennessee-lawyer-costs,0,2,0,53,0,2,53,0,0,,
lawyer prices,/states/utah-lawyer-costs,0,2,0,6,0,2,6,0,0,,
lawyer prices,/states/washington-lawyer-costs,0,2,0,54,0,2,54,0,0,,
lawyer prices near me,/states/new-york-lawyer-costs,0,2,0,25,0,0,,0,1,25,-100.0
lawyer prices per hour,/states/new-york-lawyer-costs,0,2,0,37,0,0,,0,1,40,-100.0
lawyer pricing,/states/florida-lawyer-costs,0,2,0,97,0,0,,0,0,,
lawyer pricing,/states/maryland-lawyer-costs,0,2,0,80.5,0,0,,0,0,,
lawyer pricing,/states/new-jersey-lawyer-costs,0,2,0,7.5,0,1,5,0,1,10,0.0
lawyer rate,/states/south-carolina-lawyer-costs,0,2,0,77,0,0,,0,1,73,-100.0
lawyer rate,/states/wisconsin-lawyer-costs,0,2,0,78.5,0,0,,0,1,87,-100.0
lawyer rates,/states/alabama-lawyer-costs,0,2,0,61.5,0,0,,0,0,,
lawyer rates,/states/connecticut-lawyer-costs,0,2,0,9,0,2,9,0,0,,
lawyer rates,/states/delaware-lawyer-costs,0,2,0,63.5,0,2,63.5,0,0,,
lawyer rates,/states/maine-lawyer-costs,0,2,0,5.5,0,1,1,0,1,10,0.0
lawyer rates,/states/nevada-lawyer-costs,0,2,0,10,0,2,10,0,0,,
lawyer rates,/states/new-jersey-lawyer-costs,0,2,0,11,0,1,10,0,1,12,0.0
lawyer rates,/states/pennsylvania-lawyer-costs,0,2,0,10,0,2,10,0,0,,
lawyer rates per hour,/states/maryland-lawyer-costs,0,2,0,8.5,0,1,7,0,1,10,0.0
lawyer rates per hour,/states/massachusetts-lawyer-costs,0,2,0,11,0,0,,0,2,11,-100.0
lawyer rates per hour,/states/missouri-lawyer-costs,0,2,0,61.5,0,2,61.5,0,0,,
lawyer rates per hour,/states/oregon-lawyer-costs,0,2,0,11,0,2,11,0,0,,
lawyer rates per hour,/states/washington-lawyer-costs,0,2,0,9,0,1,9,0,1,9,0.0
lawyer salary arkansas,/states/arkansas-lawyer-costs,0,2,0,36.5,0,1,38,0,1,35,0.0
lawyer's fees,/states/massachusetts-lawyer-costs,0,2,0,69,0,1,86,0,1,52,0.0
lawyer's fees,/states/south-carolina-lawyer-costs,0,2,0,75.5,0,0,,0,1,85,-100.0
lawyers charge,/states/texas-lawyer-costs,0,2,0,56,0,2,56,0,0,,
lawyers chattanooga tn,/states/tennessee-lawyer-costs,0,2,0,3.5,0,1,4,0,1,3,0.0
lawyers cost,/pages/how-much-does-a-lawyer-cost,0,2,0,91,0,2,91,0,0,,
lawyers cost,/states/maryland-lawyer-costs,0,2,0,11,0,2,11,0,0,,
lawyers cost,/states/south-carolina-lawyer-costs,0,2,0,60.5,0,0,,0,1,45,-100.0
lawyers delaware,/states/delaware-lawyer-costs,0,2,0,2,0,1,2,0,1,2,0.0
lawyers fees calculator,/states/arizona-lawyer-costs,0,2,0,49,0,2,49,0,0,,
lawyers hourly rate,/states/connecticut-lawyer-costs,0,2,0,10,0,2,10,0,0,,
lawyers hourly rate,/states/nebraska-lawyer-costs,0,2,0,8.5,0,1,9,0,1,8,0.0
lawyers hourly rate,/states/new-york-lawyer-costs,0,2,0,60.5,0,1,76,0,1,45,0.0
lawyers hourly rate,/states/tennessee-lawyer-costs,0,2,0,26,0,2,26,0,0,,
lawyers hourly rates,/states/kentucky-lawyer-costs,0,2,0,63.5,0,0,,0,2,63.5,-100.0
lawyers hourly rates,/states/washington-lawyer-costs,0,2,0,74.5,0,0,,0,0,,
lawyers in lake charles louisiana,/states/louisiana-lawyer-costs,0,2,0,4.5,0,2,4.5,0,0,,
lawyers in philadelphia,/states/pennsylvania-lawyer-costs,0,2,0,4,0,2,4,0,0,,
lawyers in virginia,/states/virginia-lawyer-costs,0,2,0,3,0,2,3,0,0,,
lawyers in wisconsin,/states/wisconsin-lawyer-costs,0,2,0,2,0,2,2,0,0,,
lawyers kingman az,/states/arizona-lawyer-costs,0,2,0,4,0,1,4,0,1,4,0.0
lawyers minneapolis,/states/minnesota-lawyer-costs,0,2,0,2.5,0,2,2.5,0,0,,
lawyers monticello ar,/states/arkansas-lawyer-costs,0,2,0,3.5,0,2,3.5,0,0,,
lawyers nashville,/states/tennessee-lawyer-costs,0,2,0,2.5,0,0,,0,2,2.5,-100.0
lawyers new jersey,/states/new-jersey-lawyer-costs,0,2,0,3,0,2,3,0,0,,
lawyers ogden,/states/utah-lawyer-costs,0,2,0,3.5,0,0,,0,0,,
lawyers payment plans,/states/minnesota-lawyer-costs,0,2,0,73.5,0,1,73,0,1,74,0.0
lawyers phoenix,/states/arizona-lawyer-costs,0,2,0,2,0,0,,0,2,2,-100.0
lawyers prices,/states/mississippi-lawyer-costs,0,2,0,70,0,0,,0,1,61,-100.0
lawyers prices,/states/north-carolina-lawyer-costs,0,2,0,91,0,0,,0,1,98,-100.0
lawyers prices,/states/south-carolina-lawyer-costs,0,2,0,76.5,0,0,,0,1,78,-100.0
lawyers prices,/states/utah-lawyer-costs,0,2,0,43,0,0,,0,2,43,-100.0
lawyers prices,/states/wisconsin-lawyer-costs,0,2,0,55.5,0,0,,0,1,69,-100.0
lawyers rate per hour,/states/new-york-lawyer-costs,0,2,0,21.5,0,1,13,0,1,30,0.0
lawyers rates,/states/south-carolina-lawyer-costs,0,2,0,9.5,0,0,,0,2,9.5,-100.0
lawyers rates,/states/west-virginia-lawyer-costs,0,2,0,94,0,1,96,0,1,92,0.0
lawyers rates per hour,/states/kentucky-lawyer-costs,0,2,0,48,0,0,,0,2,48,-100.0
lawyers with low retainer fees,/pages/can-i-afford-a-lawyer,0,2,0,69.5,0,0,,0,2,69.5,-100.0
legal advice cost,/pages/can-i-afford-a-lawyer,0,2,0,77.5,0,0,,0,1,70,-100.0
legal advice cost,/states/california-lawyer-costs,0,2,0,93.5,0,0,,0,2,93.5,-100.0
legal advice cost,/states/kentucky-lawyer-costs,0,2,0,62,0,1,68,0,1,56,0.0
legal advice fee,/states/pennsylvania-lawyer-costs,0,2,0,85.5,0,1,76,0,1,95,0.0
legal aid cost,/states/louisiana-lawyer-costs,0,2,0,7.5,0,0,,0,2,7.5,-100.0
legal aid cost,/states/new-york-lawyer-costs,0,2,0,22,0,1,19,0,1,25,0.0
legal aid hourly rates,/states/connecticut-lawyer-costs,0,2,0,40.5,0,0,,0,1,28,-100.0
legal aid rates,/states/new-york-lawyer-costs,0,2,0,14.5,0,1,11,0,1,18,0.0
legal attorney fees,/states/new-york-lawyer-costs,0,2,0,48,0,0,,0,1,44,-100.0
legal brief writing rates,/states/colorado-lawyer-costs,0,2,0,23.5,0,0,,0,0,,
legal consultation cost,/states/north-carolina-lawyer-costs,0,2,0,96,0,0,,0,2,96,-100.0
legal consultation hourly rate,/pages/how-much-does-a-lawyer-cost,0,2,0,25,0,2,25,0,0,,
legal consulting fees,/states/new-york-lawyer-costs,0,2,0,29.5,0,0,,0,1,26,-100.0
legal cost,/,0,2,0,71.5,0,2,71.5,0,0,,
legal cost,/pages/can-i-afford-a-lawyer,0,2,0,41,0,2,41,0,0,,
legal cost,/pages/legal-fee-calculator,0,2,0,80.5,0,1,84,0,0,,
legal cost,/states/california-lawyer-costs,0,2,0,72,0,0,,0,0,,
legal cost,/states/maryland-lawyer-costs,0,2,0,29.5,0,2,29.5,0,0,,
legal fee,/states/new-york-lawyer-costs,0,2,0,38,0,0,,0,1,30,-100.0
legal fee calculation,/pages/legal-fee-calculator,0,2,0,57.5,0,0,,0,1,63,-100.0
legal fee estimate,/,0,2,0,85,0,1,90,0,0,,
legal fee estimate,/pages/legal-fee-calculator,0,2,0,85,0,1,82,0,0,,
legal fees,/states/illinois-lawyer-costs,0,2,0,42.5,0,1,41,0,1,44,0.0
legal intake service pricing,/states/california-lawyer-costs,0,2,0,80.5,0,0,,0,2,80.5,-100.0
legal price,/states/california-lawyer-costs,0,2,0,75.5,0,0,,0,0,,
legal price,/states/new-york-lawyer-costs,0,2,0,25,0,0,,0,0,,
legal rates,/states/california-lawyer-costs,0,2,0,45.5,0,0,,0,0,,
legal rates,/states/south-carolina-lawyer-costs,0,2,0,29.5,0,0,,0,0,,
legal service fee,/states/new-york-lawyer-costs,0,2,0,41,0,1,23,0,0,,
limited scope representation cost,/pages/can-i-afford-a-lawyer,0,2,0,51.5,0,1,45,0,0,,
limited scope representation cost,/states/pennsylvania-lawyer-costs,0,2,0,8,0,2,8,0,0,,
limited scope representation cost,/states/south-carolina-lawyer-costs,0,2,0,4,0,1,7,0,1,1,0.0
litigation attorney fees,/states/new-york-lawyer-costs,0,2,0,20,0,2,20,0,0,,
litigation cost,/,0,2,0,85,0,0,,0,2,85,-100.0
litigation cost calculator 2026,/pages/legal-fee-calculator,0,2,0,60.5,0,0,,0,0,,
litigation lawyer cost,/states/massachusetts-lawyer-costs,0,2,0,5,0,0,,0,2,5,-100.0
litigation lawyer cost,/states/south-carolina-lawyer-costs,0,2,0,80.5,0,1,72,0,1,89,0.0
llc lawyer cost,/states/massachusetts-lawyer-costs,0,2,0,39.5,0,1,42,0,1,37,0.0
llc lawyer near me,/pages/business-lawyer-cost,0,2,0,2,0,2,2,0,0,,
local attorney fees,/states/california-lawyer-costs,0,2,0,94,0,0,,0,1,94,-100.0
local attorney fees,/states/colorado-lawyer-costs,0,2,0,72,0,0,,0,1,100,-100.0
local attorney fees,/states/indiana-lawyer-costs,0,2,0,85,0,2,85,0,0,,
local attorney fees,/states/washington-lawyer-costs,0,2,0,93.5,0,0,,0,2,93.5,-100.0
louisiana attorneys,/states/louisiana-lawyer-costs,0,2,0,3,0,2,3,0,0,,
maryland court fees,/states/maryland-lawyer-costs,0,2,0,25,0,2,25,0,0,,
massachusetts lawyers,/states/massachusetts-lawyer-costs,0,2,0,3,0,0,,0,2,3,-100.0
michigan real estate attorney,/states/michigan-lawyer-costs,0,2,0,2,0,2,2,0,0,,
milwaukee real estate attorney,/states/wisconsin-lawyer-costs,0,2,0,3,0,2,3,0,0,,
misdemeanor lawyer cost,/states/alabama-lawyer-costs,0,2,0,8.5,0,0,,0,2,8.5,-100.0
missouri attorney hourly rate survey real estate 2024,/states/missouri-lawyer-costs,0,2,0,11.5,0,1,11,0,0,,
missouri divorce cost,/states/missouri-lawyer-costs,0,2,0,83.5,0,1,77,0,1,90,0.0
monthly lawyer cost,/states/oklahoma-lawyer-costs,0,2,0,94,0,0,,0,1,97,-100.0
most expensive lawyer per hour,/states/new-york-lawyer-costs,0,2,0,28.5,0,1,17,0,1,40,0.0
nc cost of court,/states/north-carolina-lawyer-costs,0,2,0,29.5,0,2,29.5,0,0,,
nc court cost,/states/north-carolina-lawyer-costs,0,2,0,21.5,0,2,21.5,0,0,,
nc dwi defense cost,/states/north-carolina-lawyer-costs,0,2,0,87,0,0,,0,1,78,-100.0
need money for a lawyer,/states/new-york-lawyer-costs,0,2,0,71,0,1,79,0,1,63,0.0
nevada prenuptial agreement cost,/states/nevada-lawyer-costs,0,2,0,80,0,0,,0,1,72,-100.0
new york divorce lawyer cost,/states/new-york-lawyer-costs,0,2,0,55,0,0,,0,2,55,-100.0
nj,/states/new-jersey-lawyer-costs,0,2,0,2.5,0,1,2,0,1,3,0.0
nj court fees,/states/new-jersey-lawyer-costs,0,2,0,32.5,0,1,20,0,0,,
nj court filing fees,/states/new-jersey-lawyer-costs,0,2,0,26,0,0,,0,1,19,-100.0
nj criminal lawyer,/states/new-jersey-lawyer-costs,0,2,0,2,0,1,2,0,1,2,0.0
nj lawyer,/states/new-jersey-lawyer-costs,0,2,0,2,0,1,2,0,1,2,0.0
normal attorney fees,/states/new-york-lawyer-costs,0,2,0,24,0,2,24,0,0,,
normal lawyer fees,/pages/how-much-does-a-lawyer-cost,0,2,0,61.5,0,0,,0,1,52,-100.0
normal lawyer fees,/states/california-lawyer-costs,0,2,0,84,0,0,,0,1,91,-100.0
nyc employment lawyer free consultation,/pages/employment-lawyer-cost,0,2,0,3,0,1,3,0,1,3,0.0
nyc labor lawyer,/pages/employment-lawyer-cost,0,2,0,2,0,2,2,0,0,,
nyc lawyers central park,/states/new-york-lawyer-costs,0,2,0,3.5,0,2,3.5,0,0,,
oklahoma probate attorney fees,/states/oklahoma-lawyer-costs,0,2,0,82,0,0,,0,0,,
paralegal services price list,/states/new-york-lawyer-costs,0,2,0,64,0,1,60,0,1,68,0.0
pay for lawyer,/states/new-york-lawyer-costs,0,2,0,44,0,1,39,0,1,49,0.0
pennsylvania divorce lawyer cost,/states/pennsylvania-lawyer-costs,0,2,0,73,0,0,,0,1,76,-100.0
personal injury lawyer cost,/states/utah-lawyer-costs,0,2,0,60,0,0,,0,1,48,-100.0
personal lawyer cost,/states/north-carolina-lawyer-costs,0,2,0,10.5,0,1,8,0,0,,
personal lawyer cost,/states/oregon-lawyer-costs,0,2,0,9.5,0,1,7,0,0,,
personal lawyer cost,/states/south-carolina-lawyer-costs,0,2,0,73,0,0,,0,0,,
personal lawyer cost,/states/washington-lawyer-costs,0,2,0,4.5,0,1,8,0,1,1,0.0
power of attorney in pa,/states/pennsylvania-lawyer-costs,0,2,0,3,0,2,3,0,0,,
power of attorney louisiana,/states/louisiana-lawyer-costs,0,2,0,3,0,2,3,0,0,,
precio abogado divorcio,/pages/divorce-lawyer-cost,0,2,0,85.5,0,1,92,0,1,79,0.0
precio abogados,/states/new-york-lawyer-costs,0,2,0,75,0,1,75,0,1,75,0.0
precios abogados,/states/new-york-lawyer-costs,0,2,0,78,0,1,79,0,1,77,0.0
price of lawyer,/states/california-lawyer-costs,0,2,0,97,0,0,,0,1,98,-100.0
private attorney cost,/states/alabama-lawyer-costs,0,2,0,11,0,1,10,0,0,,
private attorney cost,/states/south-carolina-lawyer-costs,0,2,0,31,0,1,8,0,0,,
private attorney cost,/states/virginia-lawyer-costs,0,2,0,81,0,0,,0,0,,
private lawyer cost,/states/maryland-lawyer-costs,0,2,0,10,0,1,10,0,0,,
rate attorney,/states/colorado-lawyer-costs,0,2,0,56,0,0,,0,0,,
rates for lawyers,/states/missouri-lawyer-costs,0,2,0,70.5,0,2,70.5,0,0,,
real estate attorney aiken sc,/states/south-carolina-lawyer-costs,0,2,0,3,0,1,3,0,1,3,0.0
real estate attorney boston,/states/massachusetts-lawyer-costs,0,2,0,2,0,2,2,0,0,,
real estate attorney charleston wv,/states/west-virginia-lawyer-costs,0,2,0,2.5,0,0,,0,2,2.5,-100.0
real estate attorney clarksburg wv,/states/west-virginia-lawyer-costs,0,2,0,3,0,1,3,0,1,3,0.0
real estate attorney columbia sc,/states/south-carolina-lawyer-costs,0,2,0,2,0,1,2,0,1,2,0.0
real estate attorney fort wayne,/states/indiana-lawyer-costs,0,2,0,2,0,2,2,0,0,,
real estate attorney greenville sc,/states/south-carolina-lawyer-costs,0,2,0,2.5,0,1,3,0,1,2,0.0
real estate attorney hamilton nj,/states/new-jersey-lawyer-costs,0,2,0,2,0,1,2,0,1,2,0.0
real estate attorney lees summit,/states/missouri-lawyer-costs,0,2,0,2,0,1,2,0,0,,
real estate attorney madison,/states/wisconsin-lawyer-costs,0,2,0,2.5,0,1,3,0,1,2,0.0
real estate attorney midland mi,/states/michigan-lawyer-costs,0,2,0,3,0,2,3,0,0,,
real estate attorney milford ct,/states/connecticut-lawyer-costs,0,2,0,3,0,2,3,0,0,,
real estate attorney muskegon,/states/michigan-lawyer-costs,0,2,0,2.5,0,2,2.5,0,0,,
real estate attorney myrtle beach,/states/south-carolina-lawyer-costs,0,2,0,2.5,0,2,2.5,0,0,,
real estate attorney nyc,/states/new-york-lawyer-costs,0,2,0,2.5,0,2,2.5,0,0,,
real estate attorney pittsburgh,/states/pennsylvania-lawyer-costs,0,2,0,2,0,2,2,0,0,,
real estate attorney puyallup,/states/washington-lawyer-costs,0,2,0,2,0,2,2,0,0,,
real estate attorney racine wi,/states/wisconsin-lawyer-costs,0,2,0,2,0,2,2,0,0,,
real estate attorney springfield ma,/states/massachusetts-lawyer-costs,0,2,0,2,0,2,2,0,0,,
real estate attorney springfield mo,/states/missouri-lawyer-costs,0,2,0,2,0,1,2,0,0,,
real estate attorney st charles,/states/missouri-lawyer-costs,0,2,0,2,0,1,2,0,0,,
real estate attorney st joseph mo,/states/missouri-lawyer-costs,0,2,0,2,0,0,,0,0,,
real estate attorney tuscaloosa,/states/alabama-lawyer-costs,0,2,0,2.5,0,2,2.5,0,0,,
real estate attorney waukesha,/states/wisconsin-lawyer-costs,0,2,0,2,0,1,2,0,1,2,0.0
real estate attorney wenatchee,/states/washington-lawyer-costs,0,2,0,3.5,0,2,3.5,0,0,,
real estate lawyer kansas city,/states/missouri-lawyer-costs,0,2,0,2,0,1,2,0,0,,
real estate lawyer philadelphia,/states/pennsylvania-lawyer-costs,0,2,0,3,0,2,3,0,0,,
real estate lawyer st louis,/states/missouri-lawyer-costs,0,2,0,2,0,0,,0,0,,
real estate lawyers in maryland,/states/maryland-lawyer-costs,0,2,0,2.5,0,2,2.5,0,0,,
reasonable attorney fees florida,/states/florida-lawyer-costs,0,2,0,70,0,0,,0,2,70,-100.0
reasonable lawyer fees,/states/wisconsin-lawyer-costs,0,2,0,53,0,0,,0,1,48,-100.0
ruth law firm greenville sc,/states/south-carolina-lawyer-costs,0,2,0,3.5,0,1,3,0,1,4,0.0
sc court cost,/states/south-carolina-lawyer-costs,0,2,0,25.5,0,2,25.5,0,0,,
small business attorney cost,/states/illinois-lawyer-costs,0,2,0,80.5,0,0,,0,1,91,-100.0
small claims attorney fees,/states/south-carolina-lawyer-costs,0,2,0,9,0,1,11,0,1,7,0.0
small claims court lawyer cost,/states/idaho-lawyer-costs,0,2,0,11,0,0,,0,0,,
small claims court lawyer cost,/states/south-carolina-lawyer-costs,0,2,0,26,0,0,,0,2,26,-100.0
small claims court lawyer cost,/states/virginia-lawyer-costs,0,2,0,9.5,0,0,,0,0,,
small claims court lawyer cost,/states/wisconsin-lawyer-costs,0,2,0,11,0,2,11,0,0,,
small claims court lawyer fees,/states/missouri-lawyer-costs,0,2,0,10.5,0,1,10,0,1,11,0.0
small claims lawyer cost,/states/alabama-lawyer-costs,0,2,0,8.5,0,0,,0,0,,
small claims lawyer cost,/states/missouri-lawyer-costs,0,2,0,9.5,0,1,8,0,0,,
small claims lawyer cost,/states/new-york-lawyer-costs,0,2,0,14.5,0,2,14.5,0,0,,
small claims lawyer cost,/states/south-dakota-lawyer-costs,0,2,0,5.5,0,0,,0,2,5.5,-100.0
small claims lawyer cost,/states/washington-lawyer-costs,0,2,0,9.5,0,2,9.5,0,0,,
small claims lawyer cost,/states/wisconsin-lawyer-costs,0,2,0,9,0,1,9,0,1,9,0.0
solicitor charges,/states/south-carolina-lawyer-costs,0,2,0,6,0,1,1,0,1,11,0.0
solicitor costs,/states/connecticut-lawyer-costs,0,2,0,80,0,0,,0,0,,
solicitor costs,/states/mississippi-lawyer-costs,0,2,0,73,0,0,,0,1,70,-100.0
solicitor costs,/states/south-carolina-lawyer-costs,0,2,0,80.5,0,0,,0,0,,
solicitor costs,/states/west-virginia-lawyer-costs,0,2,0,78.5,0,1,100,0,1,57,0.0
solicitor fee,/states/maryland-lawyer-costs,0,2,0,45,0,2,45,0,0,,
solicitor fees,/states/mississippi-lawyer-costs,0,2,0,68,0,2,68,0,0,,
solicitor fees,/states/south-carolina-lawyer-costs,0,2,0,80.5,0,2,80.5,0,0,,
solicitor prices,/states/new-york-lawyer-costs,0,2,0,74,0,1,94,0,0,,
solicitor rates,/states/maryland-lawyer-costs,0,2,0,70,0,1,59,0,0,,
solicitor rates,/states/pennsylvania-lawyer-costs,0,2,0,86,0,1,88,0,1,84,0.0
solicitors costs,/states/massachusetts-lawyer-costs,0,2,0,32,0,1,31,0,1,33,0.0
solicitors costs,/states/missouri-lawyer-costs,0,2,0,60.5,0,0,,0,0,,
solicitors costs,/states/pennsylvania-lawyer-costs,0,2,0,87,0,0,,0,0,,
solicitors fee,/states/kentucky-lawyer-costs,0,2,0,88.5,0,0,,0,2,88.5,-100.0
solicitors fees,/states/california-lawyer-costs,0,2,0,87.5,0,0,,0,2,87.5,-100.0
solicitors fees,/states/mississippi-lawyer-costs,0,2,0,78,0,0,,0,2,78,-100.0
solicitors fees,/states/tennessee-lawyer-costs,0,2,0,86,0,0,,0,2,86,-100.0
solicitors rates,/states/pennsylvania-lawyer-costs,0,2,0,72,0,0,,0,1,82,-100.0
st. louis real estate attorney hourly rate missouri 2024,/states/missouri-lawyer-costs,0,2,0,9,0,2,9,0,0,,
state bar of california fees,/states/california-lawyer-costs,0,2,0,31,0,0,,0,2,31,-100.0
steidl and steinberg fees,/pages/bankruptcy-lawyer-cost,0,2,0,57,0,2,57,0,0,,
supreme court lawyer fees,/states/pennsylvania-lawyer-costs,0,2,0,83.5,0,1,85,0,1,82,0.0
supreme court lawyer fees,/states/virginia-lawyer-costs,0,2,0,93,0,1,97,0,1,89,0.0
terms and conditions lawyer cost,/states/massachusetts-lawyer-costs,0,2,0,47,0,0,,0,2,47,-100.0
texas real estate litigation attorney hourly rates 2026,/states/texas-lawyer-costs,0,2,0,9,0,0,,0,0,,
traffic ticket lawyer cost,/states/alabama-lawyer-costs,0,2,0,79.5,0,0,,0,2,79.5,-100.0
transparent legal fees attorney florida,/states/florida-lawyer-costs,0,2,0,48.5,0,1,33,0,1,64,0.0
typical attorney fees,/states/tennessee-lawyer-costs,0,2,0,85.5,0,0,,0,0,,
typical lawyer hourly rate,/states/south-carolina-lawyer-costs,0,2,0,75,0,0,,0,0,,
typical legal fees,/states/california-lawyer-costs,0,2,0,77,0,0,,0,1,87,-100.0
typical legal fees,/states/new-york-lawyer-costs,0,2,0,27,0,1,29,0,1,25,0.0
va disability lawyer cost,/states/arizona-lawyer-costs,0,2,0,84.5,0,2,84.5,0,0,,
va reckless driving lawyer cost,/states/virginia-lawyer-costs,0,2,0,76,0,1,69,0,1,83,0.0
virginia chart of allowances,/states/virginia-lawyer-costs,0,2,0,27.5,0,0,,0,0,,
virginia court appointed attorney fees,/states/virginia-lawyer-costs,0,2,0,52,0,1,48,0,0,,
west virginia divorce cost,/states/west-virginia-lawyer-costs,0,2,0,55,0,0,,0,1,52,-100.0
what do attorneys charge per hour,/states/idaho-lawyer-costs,0,2,0,6,0,2,6,0,0,,
what do elder law attorneys charge,/states/minnesota-lawyer-costs,0,2,0,93.5,0,1,92,0,1,95,0.0
what does a lawyer cost,/states/new-york-lawyer-costs,0,2,0,49.5,0,1,22,0,0,,
what does a personal injury lawyer cost,/pages/personal-injury-lawyer-cost,0,2,0,57.5,0,2,57.5,0,0,,
what does a real estate lawyer cost,/states/wisconsin-lawyer-costs,0,2,0,90.5,0,1,89,0,1,92,0.0
what does contingency fee mean,/pages/contingency-fee-explained,0,2,0,79.5,0,2,79.5,0,0,,
what if i can t afford a lawyer,/pages/can-i-afford-a-lawyer,0,2,0,77.5,0,0,,0,0,,
what is a contingency fee lawyer,/pages/contingency-fee-explained,0,2,0,86.5,0,2,86.5,0,0,,
what is a legal fee,/pages/legal-fee-calculator,0,2,0,86.5,0,0,,0,2,86.5,-100.0
what is a typical lawyer fee,/states/new-york-lawyer-costs,0,2,0,47.5,0,0,,0,0,,
what is the average cost of a criminal defense attorney,/states/new-york-lawyer-costs,0,2,0,49,0,1,41,0,1,57,0.0
what is the average cost of a lawyer,/pages/how-much-does-a-lawyer-cost,0,2,0,79,0,1,69,0,1,89,0.0
what is the average cost of a lawyer,/states/new-york-lawyer-costs,0,2,0,25.5,0,0,,0,1,31,-100.0
what is the average cost of a personal injury lawyer,/states/new-york-lawyer-costs,0,2,0,77.5,0,0,,0,1,65,-100.0
what is the average percentage for attorney fees,/states/indiana-lawyer-costs,0,2,0,72.5,0,1,79,0,1,66,0.0
what is the average percentage for attorney fees,/states/nevada-lawyer-costs,0,2,0,8,0,2,8,0,0,,
what is the average retainer fee for a divorce lawyer,/states/oregon-lawyer-costs,0,2,0,11,0,2,11,0,0,,
what is the going rate for attorney fees,/states/colorado-lawyer-costs,0,2,0,12.5,0,1,8,0,0,,
what is the going rate for attorney fees,/states/connecticut-lawyer-costs,0,2,0,10,0,2,10,0,0,,
who pays for a succession in louisiana,/states/louisiana-lawyer-costs,0,2,0,2,0,2,2,0,0,,
who pays for court appointed attorneys,/states/new-york-lawyer-costs,0,2,0,88.5,0,1,79,0,1,98,0.0
wisconsin lawyers,/states/wisconsin-lawyer-costs,0,2,0,3.5,0,0,,0,0,,
wisconsin real estate attorney,/states/wisconsin-lawyer-costs,0,2,0,2,0,2,2,0,0,,
woods and woods fees,/states/virginia-lawyer-costs,0,2,0,45,0,0,,0,1,46,-100.0
workers comp lawyer cost,/states/missouri-lawyer-costs,0,2,0,41,0,0,,0,1,40,-100.0
wrongful termination lawyer fees,/pages/employment-lawyer-cost,0,2,0,65,0,0,,0,1,58,-100.0
wv bar exam fee,/states/west-virginia-lawyer-costs,0,2,0,49.5,0,0,,0,2,49.5,-100.0
wyoming bar exam fee,/states/wyoming-lawyer-costs,0,2,0,42.5,0,0,,0,2,42.5,-100.0
yes,/states/connecticut-lawyer-costs,0,2,0,8,0,2,8,0,0,,
yes,/states/delaware-lawyer-costs,0,2,0,4.5,0,0,,0,2,4.5,-100.0
¿cuánto cuesta un abogado penalista?,/pages/criminal-defense-lawyer-cost,0,2,0,97,0,1,97,0,1,97,0.0
average lawyer retainer fee,/states/arizona-lawyer-costs,1,1,1,15,0,0,,0,0,,
family lawyer prices,/states/oregon-lawyer-costs,1,1,1,7,0,0,,0,0,,
how much do lawyers charge per case,/states/maryland-lawyer-costs,1,1,1,14,0,0,,1,1,14,-100.0
how much does a family court lawyer cost,/states/oregon-lawyer-costs,1,1,1,8,1,1,8,0,0,,
how much does a lawyer cost for a misdemeanor,/states/tennessee-lawyer-costs,1,1,1,10,1,1,10,0,0,,
how much does a misdemeanor defense attorney cost,/states/kentucky-lawyer-costs,1,1,1,11,1,1,11,0,0,,
how much is an attorney,/states/north-carolina-lawyer-costs,1,1,1,1,0,0,,1,1,1,-100.0
how much will they charge me?,/states/tennessee-lawyer-costs,1,1,1,3,1,1,3,0,0,,
is he expensive,/states/delaware-lawyer-costs,1,1,1,4,1,1,4,0,0,,
lawyers in holly springs ms,/states/mississippi-lawyer-costs,1,1,1,6,0,0,,0,0,,
straightforward,/states/west-virginia-lawyer-costs,1,1,1,8,1,1,8,0,0,,
what is the average cost of a lawyer,/states/west-virginia-lawyer-costs,1,1,1,7,0,0,,1,1,7,-100.0
$400,/states/south-dakota-lawyer-costs,0,1,0,9,0,0,,0,1,9,-100.0
$6000,/states/new-jersey-lawyer-costs,0,1,0,3,0,1,3,0,0,,
$70000,/states/hawaii-lawyer-costs,0,1,0,3,0,1,3,0,0,,
1500,/pages/lawyer-cost-calculator,0,1,0,6,0,0,,0,1,6,-100.0
3 year,/states/maryland-lawyer-costs,0,1,0,5,0,1,5,0,0,,
5000,/states/montana-lawyer-costs,0,1,0,5,0,1,5,0,0,,
a.r.s. 12-349,/states/arizona-lawyer-costs,0,1,0,58,0,0,,0,1,58,-100.0
abdin law,/pages/immigration-lawyer-cost,0,1,0,4,0,1,4,0,0,,
accident lawyers in new york,/states/new-york-lawyer-costs,0,1,0,2,0,1,2,0,0,,
active dispute,/states/maryland-lawyer-costs,0,1,0,1,0,1,1,0,0,,
adv fees,/states/arizona-lawyer-costs,0,1,0,99,0,0,,0,0,,
adv fees,/states/california-lawyer-costs,0,1,0,89,0,0,,0,0,,
adv fees,/states/south-carolina-lawyer-costs,0,1,0,61,0,0,,0,0,,
adv fees,/states/virginia-lawyer-costs,0,1,0,78,0,0,,0,0,,
adv fees,/states/washington-lawyer-costs,0,1,0,94,0,0,,0,0,,
advocate charges,/states/iowa-lawyer-costs,0,1,0,8,0,0,,0,1,8,-100.0
advocate consultation fees,/pages/lawyer-consultation-fee,0,1,0,89,0,0,,0,1,89,-100.0
advocate consultation fees,/states/pennsylvania-lawyer-costs,0,1,0,77,0,1,77,0,0,,
advocate fee,/states/arizona-lawyer-costs,0,1,0,10,0,1,10,0,0,,
advocate fees,/states/maryland-lawyer-costs,0,1,0,80,0,1,80,0,0,,
advocate fees,/states/massachusetts-lawyer-costs,0,1,0,94,0,1,94,0,0,,
advocate fees chart,/states/new-jersey-lawyer-costs,0,1,0,7,0,0,,0,0,,
advocate fees chart,/states/new-york-lawyer-costs,0,1,0,6,0,0,,0,0,,
advocate fees for bail,/states/indiana-lawyer-costs,0,1,0,50,0,1,50,0,0,,
affidavit in support of attorney fees,/states/new-york-lawyer-costs,0,1,0,98,0,0,,0,1,98,-100.0
affordable criminal lawyers in tucson az,/states/arizona-lawyer-costs,0,1,0,3,0,1,3,0,0,,
affordable family law attorney portland oregon,/states/oregon-lawyer-costs,0,1,0,6,0,1,6,0,0,,
affordable family lawyers louisville ky,/states/kentucky-lawyer-costs,0,1,0,6,0,1,6,0,0,,
affordable legal fees,/states/new-york-lawyer-costs,0,1,0,38,0,0,,0,1,38,-100.0
affordable legal fees consultation,/pages/lawyer-consultation-fee,0,1,0,85,0,1,85,0,0,,
affordable product liability lawyer fee comparisons,/pages/personal-injury-lawyer-cost,0,1,0,50,0,1,50,0,0,,
alaska lawyers,/states/alaska-lawyer-costs,0,1,0,2,0,1,2,0,0,,
alaska medical malpractice attorney,/states/alaska-lawyer-costs,0,1,0,7,0,0,,0,1,7,-100.0
alimony in hawaii,/states/hawaii-lawyer-costs,0,1,0,2,0,1,2,0,0,,
all together,/states/virginia-lawyer-costs,0,1,0,3,0,1,3,0,0,,
amerikada avukatlık masrafları,/states/,0,1,0,75,0,0,,0,1,75,-100.0
amicus attorney cost,/states/new-york-lawyer-costs,0,1,0,72,0,0,,0,1,72,-100.0
anchorage,/states/alaska-lawyer-costs,0,1,0,1,0,1,1,0,0,,
and how much they cost,/states/wyoming-lawyer-costs,0,1,0,3,0,1,3,0,0,,
anne taylor idaho,/states/idaho-lawyer-costs,0,1,0,6,0,1,6,0,0,,
appeal attorney cost,/states/nevada-lawyer-costs,0,1,0,8,0,0,,0,1,8,-100.0
appeal lawyer cost,/states/new-york-lawyer-costs,0,1,0,28,0,1,28,0,0,,
appleton real estate attorney,/states/wisconsin-lawyer-costs,0,1,0,4,0,0,,0,1,4,-100.0
aranceles de abogados,/,0,1,0,80,0,1,80,0,0,,
are attorney consultations free,/pages/lawyer-consultation-fee,0,1,0,92,0,0,,0,0,,
are lawyer fees included in closing costs,/states/massachusetts-lawyer-costs,0,1,0,98,0,0,,0,1,98,-100.0
are lawyers expensive,/states/idaho-lawyer-costs,0,1,0,1,0,1,1,0,0,,
are they expensive,/states/new-jersey-lawyer-costs,0,1,0,6,0,1,6,0,0,,
arizona business lawyers,/pages/business-lawyer-cost,0,1,0,2,0,1,2,0,0,,
arizona criminal defense attorney,/states/arizona-lawyer-costs,0,1,0,2,0,1,2,0,0,,
arizona dui lawyer cost,/states/arizona-lawyer-costs,0,1,0,96,0,0,,0,1,96,-100.0
arizona lawyers,/states/arizona-lawyer-costs,0,1,0,2,0,1,2,0,0,,
arkansas divorce lawyer,/states/arkansas-lawyer-costs,0,1,0,2,0,1,2,0,0,,
arkansas divorce lawyers,/states/arkansas-lawyer-costs,0,1,0,2,0,1,2,0,0,,
arkansas family law attorney,/states/arkansas-lawyer-costs,0,1,0,2,0,1,2,0,0,,
arkansas probate attorney fees,/states/arkansas-lawyer-costs,0,1,0,60,0,0,,0,0,,
arlington heights,/states/illinois-lawyer-costs,0,1,0,8,0,1,8,0,0,,
ars 12-349,/states/arizona-lawyer-costs,0,1,0,52,0,0,,0,1,52,-100.0
ars 25 324,/states/arizona-lawyer-costs,0,1,0,42,0,0,,0,1,42,-100.0
ask a lawyer on call reviews,/pages/how-much-does-a-lawyer-cost,0,1,0,3,0,1,3,0,0,,
attorney,/,0,1,0,3,0,1,3,0,0,,
attorney,/pages/hourly-vs-flat-fee-lawyer,0,1,0,3,0,1,3,0,0,,
attorney,/states/hawaii-lawyer-costs,0,1,0,6,0,1,6,0,0,,
attorney appearance fee,/states/arizona-lawyer-costs,0,1,0,11,0,0,,0,0,,
attorney appearance fee,/states/mississippi-lawyer-costs,0,1,0,10,0,0,,0,0,,
attorney appearance fee,/states/oregon-lawyer-costs,0,1,0,10,0,0,,0,0,,
attorney average hourly rate,/states/tennessee-lawyer-costs,0,1,0,31,0,1,31,0,0,,
attorney batesville ms,/states/mississippi-lawyer-costs,0,1,0,4,0,0,,0,0,,
attorney billing,/states/indiana-lawyer-costs,0,1,0,8,0,1,8,0,0,,
attorney business law,/pages/business-lawyer-cost,0,1,0,2,0,1,2,0,0,,
attorney charges,/states/alaska-lawyer-costs,0,1,0,9,0,0,,0,1,9,-100.0
attorney charges,/states/arkansas-lawyer-costs,0,1,0,11,0,0,,0,1,11,-100.0
attorney charges,/states/kansas-lawyer-costs,0,1,0,11,0,1,11,0,0,,
attorney charges,/states/kentucky-lawyer-costs,0,1,0,11,0,0,,0,1,11,-100.0
attorney charges,/states/massachusetts-lawyer-costs,0,1,0,12,0,0,,0,1,12,-100.0
attorney charges,/states/minnesota-lawyer-costs,0,1,0,11,0,0,,0,1,11,-100.0
attorney charges,/states/mississippi-lawyer-costs,0,1,0,11,0,0,,0,1,11,-100.0
attorney charges,/states/new-hampshire-lawyer-costs,0,1,0,11,0,0,,0,1,11,-100.0
attorney charges,/states/west-virginia-lawyer-costs,0,1,0,10,0,0,,0,1,10,-100.0
attorney charges per hour,/states/connecticut-lawyer-costs,0,1,0,10,0,0,,0,1,10,-100.0
attorney charges per hour,/states/idaho-lawyer-costs,0,1,0,8,0,1,8,0,0,,
attorney charges per hour,/states/maryland-lawyer-costs,0,1,0,10,0,0,,0,1,10,-100.0
attorney charges per hour,/states/massachusetts-lawyer-costs,0,1,0,10,0,0,,0,1,10,-100.0
attorney charges per hour,/states/michigan-lawyer-costs,0,1,0,11,0,0,,0,1,11,-100.0
attorney charges per hour,/states/nevada-lawyer-costs,0,1,0,10,0,0,,0,1,10,-100.0
attorney charges per hour,/states/oklahoma-lawyer-costs,0,1,0,9,0,0,,0,1,9,-100.0
attorney consultant cost,/pages/how-much-does-a-lawyer-cost,0,1,0,40,0,0,,0,0,,
attorney consultation fee,/states/alaska-lawyer-costs,0,1,0,12,0,0,,0,1,12,-100.0
attorney consultation fee,/states/nevada-lawyer-costs,0,1,0,9,0,1,9,0,0,,
attorney consultation fee,/states/new-hampshire-lawyer-costs,0,1,0,13,0,1,13,0,0,,
attorney consultation fee,/states/south-carolina-lawyer-costs,0,1,0,11,0,1,11,0,0,,
attorney consultation fee,/states/utah-lawyer-costs,0,1,0,9,0,1,9,0,0,,
attorney consultation fees,/states/california-lawyer-costs,0,1,0,50,0,0,,0,1,50,-100.0
attorney cost,/,0,1,0,96,0,0,,0,1,96,-100.0
attorney cost,/states/arkansas-lawyer-costs,0,1,0,12,0,1,12,0,0,,
attorney cost,/states/iowa-lawyer-costs,0,1,0,12,0,0,,0,1,12,-100.0
attorney cost,/states/louisiana-lawyer-costs,0,1,0,10,0,0,,0,1,10,-100.0
attorney cost,/states/maine-lawyer-costs,0,1,0,13,0,0,,0,0,,
attorney cost,/states/maryland-lawyer-costs,0,1,0,38,0,1,38,0,0,,
attorney cost,/states/new-mexico-lawyer-costs,0,1,0,11,0,0,,0,1,11,-100.0
attorney cost,/states/north-dakota-lawyer-costs,0,1,0,9,0,0,,0,1,9,-100.0
attorney cost,/states/ohio-lawyer-costs,0,1,0,33,0,0,,0,0,,
attorney cost,/states/washington-lawyer-costs,0,1,0,97,0,1,97,0,0,,
attorney cost per hour,/states/alaska-lawyer-costs,0,1,0,8,0,0,,0,1,8,-100.0
attorney cost per hour,/states/arkansas-lawyer-costs,0,1,0,6,0,1,6,0,0,,
attorney cost per hour,/states/colorado-lawyer-costs,0,1,0,8,0,1,8,0,0,,
attorney cost per hour,/states/idaho-lawyer-costs,0,1,0,9,0,1,9,0,0,,
attorney cost per hour,/states/missouri-lawyer-costs,0,1,0,95,0,0,,0,0,,
attorney cost per hour,/states/oregon-lawyer-costs,0,1,0,5,0,1,5,0,0,,
attorney cost per hour,/states/south-carolina-lawyer-costs,0,1,0,70,0,0,,0,0,,
attorney cost per hour,/states/utah-lawyer-costs,0,1,0,9,0,0,,0,0,,
attorney costs,/,0,1,0,85,0,0,,0,1,85,-100.0
attorney costs,/states/alabama-lawyer-costs,0,1,0,68,0,0,,0,1,68,-100.0
attorney costs,/states/arizona-lawyer-costs,0,1,0,9,0,1,9,0,0,,
attorney costs,/states/colorado-lawyer-costs,0,1,0,42,0,0,,0,0,,
attorney costs,/states/florida-lawyer-costs,0,1,0,99,0,0,,0,0,,
attorney costs,/states/indiana-lawyer-costs,0,1,0,8,0,1,8,0,0,,
attorney costs,/states/iowa-lawyer-costs,0,1,0,14,0,0,,0,0,,
attorney costs,/states/michigan-lawyer-costs,0,1,0,10,0,1,10,0,0,,
attorney costs,/states/mississippi-lawyer-costs,0,1,0,40,0,0,,0,1,40,-100.0
attorney costs,/states/missouri-lawyer-costs,0,1,0,100,0,1,100,0,0,,
attorney costs,/states/oregon-lawyer-costs,0,1,0,11,0,1,11,0,0,,
attorney costs,/states/pennsylvania-lawyer-costs,0,1,0,8,0,1,8,0,0,,
attorney costs,/states/texas-lawyer-costs,0,1,0,40,0,0,,0,1,40,-100.0
attorney costs,/states/utah-lawyer-costs,0,1,0,56,0,0,,0,1,56,-100.0
attorney costs,/states/virginia-lawyer-costs,0,1,0,36,0,0,,0,0,,
attorney detroit,/states/michigan-lawyer-costs,0,1,0,2,0,1,2,0,0,,
attorney dui near me,/pages/dui-lawyer-cost,0,1,0,4,0,1,4,0,0,,
attorney erie pa,/states/pennsylvania-lawyer-costs,0,1,0,3,0,1,3,0,0,,
attorney fayetteville ar,/states/arkansas-lawyer-costs,0,1,0,4,0,1,4,0,0,,
attorney fee,/states/colorado-lawyer-costs,0,1,0,25,0,0,,0,0,,
attorney fee,/states/nevada-lawyer-costs,0,1,0,12,0,1,12,0,0,,
attorney fee,/states/washington-lawyer-costs,0,1,0,19,0,0,,0,1,19,-100.0
attorney fee for will preparation,/states/new-york-lawyer-costs,0,1,0,56,0,0,,0,1,56,-100.0
attorney fee per hour,/states/new-york-lawyer-costs,0,1,0,28,0,0,,0,1,28,-100.0
attorney fee per hour,/states/west-virginia-lawyer-costs,0,1,0,7,0,1,7,0,0,,
attorney fee schedule,/states/massachusetts-lawyer-costs,0,1,0,83,0,1,83,0,0,,
attorney fee schedule,/states/missouri-lawyer-costs,0,1,0,16,0,0,,0,0,,
attorney fee schedule,/states/new-jersey-lawyer-costs,0,1,0,11,0,1,11,0,0,,
attorney fee schedule,/states/south-carolina-lawyer-costs,0,1,0,9,0,0,,0,1,9,-100.0
attorney fee schedule,/states/utah-lawyer-costs,0,1,0,8,0,0,,0,1,8,-100.0
attorney fee structure,/states/new-york-lawyer-costs,0,1,0,39,0,1,39,0,0,,
attorney fees,/states/arkansas-lawyer-costs,0,1,0,23,0,1,23,0,0,,
attorney fees,/states/indiana-lawyer-costs,0,1,0,8,0,1,8,0,0,,
attorney fees,/states/kansas-lawyer-costs,0,1,0,14,0,1,14,0,0,,
attorney fees,/states/kentucky-lawyer-costs,0,1,0,43,0,0,,0,1,43,-100.0
attorney fees,/states/maryland-lawyer-costs,0,1,0,11,0,1,11,0,0,,
attorney fees,/states/new-hampshire-lawyer-costs,0,1,0,12,0,0,,0,1,12,-100.0
attorney fees,/states/pennsylvania-lawyer-costs,0,1,0,46,0,0,,0,1,46,-100.0
attorney fees,/states/south-dakota-lawyer-costs,0,1,0,10,0,1,10,0,0,,
attorney fees and costs,/states/colorado-lawyer-costs,0,1,0,47,0,0,,0,0,,
attorney fees and costs,/states/new-york-lawyer-costs,0,1,0,53,0,0,,0,0,,
attorney fees and costs,/states/wisconsin-lawyer-costs,0,1,0,97,0,0,,0,1,97,-100.0
attorney fees average,/states/maine-lawyer-costs,0,1,0,12,0,0,,0,0,,
attorney fees average,/states/massachusetts-lawyer-costs,0,1,0,47,0,0,,0,1,47,-100.0
attorney fees average,/states/tennessee-lawyer-costs,0,1,0,79,0,0,,0,1,79,-100.0
attorney fees average,/states/utah-lawyer-costs,0,1,0,85,0,1,85,0,0,,
attorney fees average,/states/wisconsin-lawyer-costs,0,1,0,60,0,0,,0,1,60,-100.0
attorney fees for estate planning,/pages/estate-planning-lawyer-cost,0,1,0,98,0,0,,0,0,,
attorney fees for house closing in ct,/states/connecticut-lawyer-costs,0,1,0,58,0,0,,0,0,,
attorney fees in new jersey,/states/new-jersey-lawyer-costs,0,1,0,1,0,1,1,0,0,,
attorney fees near me,/states/new-york-lawyer-costs,0,1,0,10,0,1,10,0,0,,
attorney fees or attorneys fees,/states/new-york-lawyer-costs,0,1,0,81,0,0,,0,1,81,-100.0
attorney fees per hour,/states/hawaii-lawyer-costs,0,1,0,10,0,1,10,0,0,,
attorney fees per hour,/states/nevada-lawyer-costs,0,1,0,8,0,1,8,0,0,,
attorney fees per hour,/states/new-york-lawyer-costs,0,1,0,27,0,1,27,0,0,,
attorney fees per hour,/states/oklahoma-lawyer-costs,0,1,0,13,0,0,,0,1,13,-100.0
attorney fees per hour,/states/south-carolina-lawyer-costs,0,1,0,11,0,0,,0,1,11,-100.0
attorney for felony charges,/states/texas-lawyer-costs,0,1,0,2,0,1,2,0,0,,
attorney grand island ne,/states/nebraska-lawyer-costs,0,1,0,10,0,1,10,0,0,,
attorney hernando ms,/states/mississippi-lawyer-costs,0,1,0,3,0,0,,0,0,,
attorney honolulu,/states/hawaii-lawyer-costs,0,1,0,6,0,1,6,0,0,,
attorney hourly fee,/states/maryland-lawyer-costs,0,1,0,78,0,0,,0,0,,
attorney hourly fee,/states/missouri-lawyer-costs,0,1,0,9,0,1,9,0,0,,
attorney hourly fees,/states/new-york-lawyer-costs,0,1,0,37,0,0,,0,0,,
attorney hourly fees,/states/utah-lawyer-costs,0,1,0,11,0,1,11,0,0,,
attorney hourly pay,/states/tennessee-lawyer-costs,0,1,0,10,0,1,10,0,0,,
attorney hourly rate,/states/arizona-lawyer-costs,0,1,0,11,0,1,11,0,0,,
attorney hourly rate,/states/hawaii-lawyer-costs,0,1,0,10,0,1,10,0,0,,
attorney hourly rate,/states/maryland-lawyer-costs,0,1,0,12,0,1,12,0,0,,
attorney hourly rate,/states/nevada-lawyer-costs,0,1,0,10,0,0,,0,1,10,-100.0
attorney hourly rate,/states/north-dakota-lawyer-costs,0,1,0,9,0,1,9,0,0,,
attorney hourly rate,/states/oklahoma-lawyer-costs,0,1,0,10,0,1,10,0,0,,
attorney hourly rate,/states/south-carolina-lawyer-costs,0,1,0,9,0,0,,0,1,9,-100.0
attorney hourly rates,/states/massachusetts-lawyer-costs,0,1,0,29,0,0,,0,1,29,-100.0
attorney hourly rates,/states/missouri-lawyer-costs,0,1,0,7,0,1,7,0,0,,
attorney hourly rates,/states/washington-lawyer-costs,0,1,0,9,0,1,9,0,0,,
attorney how much does it cost,/states/south-carolina-lawyer-costs,0,1,0,9,0,0,,0,1,9,-100.0
attorney in charlottesville va,/states/virginia-lawyer-costs,0,1,0,4,0,1,4,0,0,,
attorney in jersey city,/states/new-jersey-lawyer-costs,0,1,0,4,0,1,4,0,0,,
attorney in memphis tn,/states/tennessee-lawyer-costs,0,1,0,4,0,0,,0,1,4,-100.0
attorney in minnesota,/states/minnesota-lawyer-costs,0,1,0,2,0,1,2,0,0,,
attorney in morristown tn,/states/tennessee-lawyer-costs,0,1,0,4,0,0,,0,1,4,-100.0
attorney in north dakota,/states/north-dakota-lawyer-costs,0,1,0,4,0,1,4,0,0,,
attorney in vancouver washington,/states/washington-lawyer-costs,0,1,0,4,0,1,4,0,0,,
attorney lafayette tn,/states/tennessee-lawyer-costs,0,1,0,10,0,0,,0,1,10,-100.0
attorney legal fees,/states/illinois-lawyer-costs,0,1,0,37,0,0,,0,1,37,-100.0
attorney legal fees,/states/louisiana-lawyer-costs,0,1,0,8,0,0,,0,1,8,-100.0
attorney manchester nh,/states/new-hampshire-lawyer-costs,0,1,0,4,0,1,4,0,0,,
attorney mississippi,/states/mississippi-lawyer-costs,0,1,0,2,0,1,2,0,0,,
attorney mobile alabama,/states/alabama-lawyer-costs,0,1,0,5,0,0,,0,0,,
attorney morgantown wv,/states/west-virginia-lawyer-costs,0,1,0,6,0,0,,0,1,6,-100.0
attorney nester utah,/states/utah-lawyer-costs,0,1,0,2,0,0,,0,1,2,-100.0
attorney new orleans,/states/louisiana-lawyer-costs,0,1,0,3,0,0,,0,1,3,-100.0
attorney nicholasville ky,/states/kentucky-lawyer-costs,0,1,0,4,0,0,,0,1,4,-100.0
attorney northampton ma,/states/massachusetts-lawyer-costs,0,1,0,4,0,1,4,0,0,,
attorney on retainer cost,/states/arizona-lawyer-costs,0,1,0,39,0,0,,0,1,39,-100.0
attorney per hour rate,/states/wisconsin-lawyer-costs,0,1,0,11,0,0,,0,1,11,-100.0
attorney price,/states/arizona-lawyer-costs,0,1,0,11,0,0,,0,0,,
attorney price,/states/indiana-lawyer-costs,0,1,0,6,0,1,6,0,0,,
attorney price,/states/louisiana-lawyer-costs,0,1,0,8,0,1,8,0,0,,
attorney price,/states/michigan-lawyer-costs,0,1,0,8,0,1,8,0,0,,
attorney price,/states/minnesota-lawyer-costs,0,1,0,9,0,0,,0,1,9,-100.0
attorney price,/states/tennessee-lawyer-costs,0,1,0,91,0,0,,0,1,91,-100.0
attorney price,/states/virginia-lawyer-costs,0,1,0,15,0,0,,0,0,,
attorney price,/states/washington-lawyer-costs,0,1,0,12,0,0,,0,1,12,-100.0
attorney price,/states/west-virginia-lawyer-costs,0,1,0,92,0,1,92,0,0,,
attorney prices,/pages/how-much-does-a-lawyer-cost,0,1,0,74,0,0,,0,0,,
attorney prices,/states/alabama-lawyer-costs,0,1,0,80,0,0,,0,1,80,-100.0
attorney prices,/states/colorado-lawyer-costs,0,1,0,19,0,0,,0,0,,
attorney prices,/states/illinois-lawyer-costs,0,1,0,94,0,0,,0,1,94,-100.0
attorney prices,/states/indiana-lawyer-costs,0,1,0,9,0,0,,0,0,,
attorney prices,/states/mississippi-lawyer-costs,0,1,0,8,0,0,,0,1,8,-100.0
attorney prices,/states/oregon-lawyer-costs,0,1,0,12,0,0,,0,1,12,-100.0
attorney prices,/states/pennsylvania-lawyer-costs,0,1,0,10,0,0,,0,1,10,-100.0
attorney prices,/states/tennessee-lawyer-costs,0,1,0,77,0,0,,0,1,77,-100.0
attorney prices,/states/texas-lawyer-costs,0,1,0,95,0,0,,0,1,95,-100.0
attorney prices,/states/washington-lawyer-costs,0,1,0,81,0,0,,0,1,81,-100.0
attorney prices,/states/west-virginia-lawyer-costs,0,1,0,81,0,1,81,0,0,,
attorney pricing,/states/alabama-lawyer-costs,0,1,0,81,0,0,,0,0,,
attorney pricing,/states/illinois-lawyer-costs,0,1,0,98,0,1,98,0,0,,
attorney pricing,/states/maryland-lawyer-costs,0,1,0,85,0,1,85,0,0,,
attorney pricing,/states/minnesota-lawyer-costs,0,1,0,11,0,0,,0,1,11,-100.0
attorney pricing,/states/mississippi-lawyer-costs,0,1,0,63,0,0,,0,1,63,-100.0
attorney pricing,/states/new-jersey-lawyer-costs,0,1,0,8,0,1,8,0,0,,
attorney rate,/states/colorado-lawyer-costs,0,1,0,35,0,0,,0,0,,
attorney rate,/states/illinois-lawyer-costs,0,1,0,80,0,1,80,0,0,,
attorney rate,/states/minnesota-lawyer-costs,0,1,0,11,0,1,11,0,0,,
attorney rate,/states/missouri-lawyer-costs,0,1,0,33,0,1,33,0,0,,
attorney rates,/pages/how-much-does-a-lawyer-cost,0,1,0,78,0,0,,0,0,,
attorney rates,/states/alabama-lawyer-costs,0,1,0,39,0,0,,0,0,,
attorney rates,/states/arizona-lawyer-costs,0,1,0,11,0,0,,0,0,,
attorney rates,/states/connecticut-lawyer-costs,0,1,0,13,0,0,,0,0,,
attorney rates,/states/florida-lawyer-costs,0,1,0,9,0,0,,0,1,9,-100.0
attorney rates,/states/georgia-lawyer-costs,0,1,0,11,0,1,11,0,0,,
attorney rates,/states/illinois-lawyer-costs,0,1,0,17,0,1,17,0,0,,
attorney rates,/states/kentucky-lawyer-costs,0,1,0,88,0,0,,0,1,88,-100.0
attorney rates,/states/massachusetts-lawyer-costs,0,1,0,9,0,0,,0,1,9,-100.0
attorney rates,/states/michigan-lawyer-costs,0,1,0,7,0,1,7,0,0,,
attorney rates,/states/nevada-lawyer-costs,0,1,0,9,0,1,9,0,0,,
attorney rates,/states/new-jersey-lawyer-costs,0,1,0,11,0,0,,0,0,,
attorney rates,/states/oklahoma-lawyer-costs,0,1,0,8,0,0,,0,1,8,-100.0
attorney rates,/states/utah-lawyer-costs,0,1,0,68,0,1,68,0,0,,
attorney rates,/states/west-virginia-lawyer-costs,0,1,0,7,0,0,,0,1,7,-100.0
attorney rates per hour,/states/connecticut-lawyer-costs,0,1,0,8,0,0,,0,1,8,-100.0
attorney rates per hour,/states/delaware-lawyer-costs,0,1,0,8,0,1,8,0,0,,
attorney rates per hour,/states/maryland-lawyer-costs,0,1,0,10,0,0,,0,1,10,-100.0
attorney rates per hour,/states/massachusetts-lawyer-costs,0,1,0,9,0,0,,0,1,9,-100.0
attorney rates per hour,/states/minnesota-lawyer-costs,0,1,0,12,0,0,,0,0,,
attorney rates per hour,/states/nevada-lawyer-costs,0,1,0,8,0,0,,0,0,,
attorney rates per hour,/states/washington-lawyer-costs,0,1,0,11,0,0,,0,0,,
attorney retainer fee average,/states/tennessee-lawyer-costs,0,1,0,63,0,1,63,0,0,,
attorney retainer fee average,/states/vermont-lawyer-costs,0,1,0,10,0,0,,0,1,10,-100.0
attorney salary hawaii,/states/hawaii-lawyer-costs,0,1,0,38,0,0,,0,1,38,-100.0
attorney vineland nj,/states/new-jersey-lawyer-costs,0,1,0,5,0,1,5,0,0,,
attorney website cost,/states/california-lawyer-costs,0,1,0,96,0,0,,0,1,96,-100.0
attorney's fees or attorneys fees,/states/new-york-lawyer-costs,0,1,0,85,0,0,,0,1,85,-100.0
attorneys altoona pa,/states/pennsylvania-lawyer-costs,0,1,0,3,0,1,3,0,0,,
attorneys bentonville ar,/states/arkansas-lawyer-costs,0,1,0,3,0,1,3,0,0,,
attorneys bethlehem pa,/states/pennsylvania-lawyer-costs,0,1,0,4,0,1,4,0,0,,
attorneys charge,/states/new-york-lawyer-costs,0,1,0,43,0,1,43,0,0,,
attorneys charges,/states/arkansas-lawyer-costs,0,1,0,11,0,0,,0,1,11,-100.0
attorneys charges,/states/kansas-lawyer-costs,0,1,0,11,0,0,,0,1,11,-100.0
attorneys charges,/states/kentucky-lawyer-costs,0,1,0,13,0,0,,0,1,13,-100.0
attorneys charges,/states/maine-lawyer-costs,0,1,0,10,0,0,,0,1,10,-100.0
attorneys charges,/states/mississippi-lawyer-costs,0,1,0,12,0,0,,0,1,12,-100.0
attorneys charges,/states/new-mexico-lawyer-costs,0,1,0,11,0,0,,0,1,11,-100.0
attorneys charges,/states/new-york-lawyer-costs,0,1,0,18,0,1,18,0,0,,
attorneys charges,/states/north-dakota-lawyer-costs,0,1,0,5,0,0,,0,1,5,-100.0
attorneys charges,/states/rhode-island-lawyer-costs,0,1,0,9,0,0,,0,1,9,-100.0
attorneys charges,/states/south-dakota-lawyer-costs,0,1,0,11,0,0,,0,1,11,-100.0
attorneys charges,/states/vermont-lawyer-costs,0,1,0,9,0,0,,0,1,9,-100.0
attorneys conroe tx,/states/texas-lawyer-costs,0,1,0,8,0,1,8,0,0,,
attorneys cost,/states/pennsylvania-lawyer-costs,0,1,0,9,0,0,,0,1,9,-100.0
attorneys cost,/states/texas-lawyer-costs,0,1,0,40,0,0,,0,0,,
attorneys cost,/states/virginia-lawyer-costs,0,1,0,18,0,0,,0,0,,
attorneys cost,/states/washington-lawyer-costs,0,1,0,11,0,1,11,0,0,,
attorneys cost,/states/wisconsin-lawyer-costs,0,1,0,100,0,0,,0,0,,
attorneys cost,/states/wyoming-lawyer-costs,0,1,0,9,0,1,9,0,0,,
attorneys davenport iowa,/states/iowa-lawyer-costs,0,1,0,4,0,1,4,0,0,,
attorneys enterprise al,/states/alabama-lawyer-costs,0,1,0,5,0,0,,0,0,,
attorneys fees,/states/maryland-lawyer-costs,0,1,0,6,0,1,6,0,0,,
attorneys fees,/states/south-carolina-lawyer-costs,0,1,0,11,0,1,11,0,0,,
attorneys fees and costs,/states/texas-lawyer-costs,0,1,0,73,0,0,,0,0,,
attorneys greensburg pa,/states/pennsylvania-lawyer-costs,0,1,0,3,0,1,3,0,0,,
attorneys harrisburg pa,/states/pennsylvania-lawyer-costs,0,1,0,3,0,1,3,0,0,,
attorneys in abingdon va,/states/virginia-lawyer-costs,0,1,0,5,0,1,5,0,0,,
attorneys in alexandria la,/states/louisiana-lawyer-costs,0,1,0,5,0,1,5,0,0,,
attorneys in alexandria louisiana,/states/louisiana-lawyer-costs,0,1,0,4,0,0,,0,1,4,-100.0
attorneys in bentonville ar,/states/arkansas-lawyer-costs,0,1,0,4,0,1,4,0,0,,
attorneys in cleveland tn,/states/tennessee-lawyer-costs,0,1,0,4,0,0,,0,1,4,-100.0
attorneys in everett washington,/states/washington-lawyer-costs,0,1,0,7,0,1,7,0,0,,
attorneys in fairfield iowa,/states/iowa-lawyer-costs,0,1,0,4,0,0,,0,1,4,-100.0
attorneys in grand rapids michigan,/states/michigan-lawyer-costs,0,1,0,3,0,1,3,0,0,,
attorneys in harrisonburg va,/states/virginia-lawyer-costs,0,1,0,5,0,1,5,0,0,,
attorneys in kentucky,/states/kentucky-lawyer-costs,0,1,0,2,0,1,2,0,0,,
attorneys in kingsville texas,/states/texas-lawyer-costs,0,1,0,5,0,1,5,0,0,,
attorneys in michigan,/states/michigan-lawyer-costs,0,1,0,3,0,1,3,0,0,,
attorneys in pascagoula ms,/states/mississippi-lawyer-costs,0,1,0,5,0,1,5,0,0,,
attorneys in reno nv,/states/nevada-lawyer-costs,0,1,0,4,0,1,4,0,0,,
attorneys in richmond ky,/states/kentucky-lawyer-costs,0,1,0,4,0,1,4,0,0,,
attorneys in ruidoso nm,/states/new-mexico-lawyer-costs,0,1,0,4,0,1,4,0,0,,
attorneys in san angelo,/states/texas-lawyer-costs,0,1,0,3,0,1,3,0,0,,
attorneys in south carolina,/states/south-carolina-lawyer-costs,0,1,0,2,0,1,2,0,0,,
attorneys in washington state,/states/washington-lawyer-costs,0,1,0,4,0,1,4,0,0,,
attorneys laurel ms,/states/mississippi-lawyer-costs,0,1,0,6,0,0,,0,0,,
attorneys massachusetts,/states/massachusetts-lawyer-costs,0,1,0,2,0,1,2,0,0,,
attorneys mount vernon wa,/states/washington-lawyer-costs,0,1,0,4,0,1,4,0,0,,
attorneys near me,/pages/hourly-vs-flat-fee-lawyer,0,1,0,4,0,1,4,0,0,,
attorneys nyc,/states/new-york-lawyer-costs,0,1,0,2,0,1,2,0,0,,
attorneys okc,/states/oklahoma-lawyer-costs,0,1,0,3,0,1,3,0,0,,
attorneys on retainer cost,/states/kentucky-lawyer-costs,0,1,0,29,0,0,,0,0,,
attorneys st louis,/states/missouri-lawyer-costs,0,1,0,3,0,0,,0,0,,
attorneys tuscaloosa,/states/alabama-lawyer-costs,0,1,0,6,0,0,,0,0,,
attorneys uniontown pa,/states/pennsylvania-lawyer-costs,0,1,0,4,0,1,4,0,0,,
attorneys wilkes barre pa,/states/pennsylvania-lawyer-costs,0,1,0,2,0,1,2,0,0,,
atty fee,/states/colorado-lawyer-costs,0,1,0,8,0,0,,0,1,8,-100.0
auxvasse mo,/states/missouri-lawyer-costs,0,1,0,7,0,1,7,0,0,,
average,/states/massachusetts-lawyer-costs,0,1,0,3,0,1,3,0,0,,
average attorney cost,/pages/how-much-does-a-lawyer-cost,0,1,0,84,0,0,,0,1,84,-100.0
average attorney cost,/states/illinois-lawyer-costs,0,1,0,89,0,1,89,0,0,,
average attorney cost,/states/south-dakota-lawyer-costs,0,1,0,11,0,0,,0,1,11,-100.0
average attorney cost,/states/utah-lawyer-costs,0,1,0,38,0,1,38,0,0,,
average attorney cost per hour,/states/minnesota-lawyer-costs,0,1,0,9,0,1,9,0,0,,
average attorney cost per hour,/states/north-dakota-lawyer-costs,0,1,0,10,0,0,,0,1,10,-100.0
average attorney fee,/states/california-lawyer-costs,0,1,0,64,0,0,,0,0,,
average attorney fee,/states/idaho-lawyer-costs,0,1,0,11,0,0,,0,1,11,-100.0
average attorney fee,/states/west-virginia-lawyer-costs,0,1,0,7,0,1,7,0,0,,
average attorney fees,/states/arkansas-lawyer-costs,0,1,0,12,0,0,,0,1,12,-100.0
average attorney fees,/states/maryland-lawyer-costs,0,1,0,9,0,0,,0,1,9,-100.0
average attorney fees,/states/nevada-lawyer-costs,0,1,0,12,0,1,12,0,0,,
average attorney fees,/states/new-hampshire-lawyer-costs,0,1,0,8,0,0,,0,1,8,-100.0
average attorney fees,/states/south-dakota-lawyer-costs,0,1,0,12,0,1,12,0,0,,
average attorney fees,/states/utah-lawyer-costs,0,1,0,64,0,0,,0,1,64,-100.0
average attorney fees by state,/pages/how-much-does-a-lawyer-cost,0,1,0,80,0,0,,0,0,,
average attorney fees for civil case,/states/alaska-lawyer-costs,0,1,0,1,0,0,,0,1,1,-100.0
average attorney fees for civil case,/states/arkansas-lawyer-costs,0,1,0,12,0,1,12,0,0,,
average attorney fees for civil case,/states/california-lawyer-costs,0,1,0,19,0,1,19,0,0,,
average attorney fees for civil case,/states/kansas-lawyer-costs,0,1,0,8,0,1,8,0,0,,
average attorney fees for civil case,/states/kentucky-lawyer-costs,0,1,0,9,0,0,,0,1,9,-100.0
average attorney fees for civil case,/states/maryland-lawyer-costs,0,1,0,62,0,0,,0,0,,
average attorney fees for civil case,/states/mississippi-lawyer-costs,0,1,0,9,0,1,9,0,0,,
average attorney fees for civil case,/states/nevada-lawyer-costs,0,1,0,52,0,1,52,0,0,,
average attorney fees for civil case,/states/new-mexico-lawyer-costs,0,1,0,11,0,0,,0,1,11,-100.0
average attorney fees for civil case,/states/south-dakota-lawyer-costs,0,1,0,12,0,0,,0,1,12,-100.0
average attorney hourly rate,/states/new-hampshire-lawyer-costs,0,1,0,12,0,1,12,0,0,,
average attorney hourly rate,/states/washington-lawyer-costs,0,1,0,49,0,0,,0,0,,
average attorney rate,/states/missouri-lawyer-costs,0,1,0,59,0,0,,0,0,,
average attorney rate,/states/new-york-lawyer-costs,0,1,0,25,0,0,,0,1,25,-100.0
average attorney retainer fee,/states/iowa-lawyer-costs,0,1,0,9,0,0,,0,1,9,-100.0
average attorney retainer fee,/states/new-york-lawyer-costs,0,1,0,16,0,1,16,0,0,,
average attorney retainer fee,/states/washington-lawyer-costs,0,1,0,51,0,1,51,0,0,,
average consultation fee for lawyer,/pages/lawyer-consultation-fee,0,1,0,28,0,1,28,0,0,,
average consultation fee for lawyer,/states/colorado-lawyer-costs,0,1,0,34,0,0,,0,0,,
average consultation fee for lawyer,/states/nevada-lawyer-costs,0,1,0,12,0,1,12,0,0,,
average cost,/pages/criminal-defense-lawyer-cost,0,1,0,13,0,1,13,0,0,,
average cost,/states/massachusetts-lawyer-costs,0,1,0,2,0,1,2,0,0,,
average cost construction injury attorney services,/pages/personal-injury-lawyer-cost,0,1,0,65,0,1,65,0,0,,
average cost for a criminal attorney,/states/new-york-lawyer-costs,0,1,0,86,0,0,,0,0,,
average cost for a criminal defense attorney,/states/new-york-lawyer-costs,0,1,0,30,0,1,30,0,0,,
average cost for a defense attorney,/states/pennsylvania-lawyer-costs,0,1,0,12,0,0,,0,1,12,-100.0
average cost for a lawyer,/states/arizona-lawyer-costs,0,1,0,12,0,1,12,0,0,,
average cost for a lawyer,/states/arkansas-lawyer-costs,0,1,0,12,0,0,,0,1,12,-100.0
average cost for a lawyer,/states/california-lawyer-costs,0,1,0,64,0,0,,0,0,,
average cost for a lawyer,/states/texas-lawyer-costs,0,1,0,85,0,0,,0,0,,
average cost for a lawyer,/states/wisconsin-lawyer-costs,0,1,0,12,0,1,12,0,0,,
average cost for an attorney,/pages/how-much-does-a-lawyer-cost,0,1,0,93,0,1,93,0,0,,
average cost for an attorney,/states/arizona-lawyer-costs,0,1,0,10,0,1,10,0,0,,
average cost for an attorney,/states/new-mexico-lawyer-costs,0,1,0,8,0,1,8,0,0,,
average cost for an attorney,/states/south-carolina-lawyer-costs,0,1,0,13,0,0,,0,0,,
average cost for an attorney,/states/virginia-lawyer-costs,0,1,0,1,0,1,1,0,0,,
average cost for an attorney,/states/washington-lawyer-costs,0,1,0,1,0,0,,0,1,1,-100.0
average cost for criminal defense attorney,/states/alabama-lawyer-costs,0,1,0,10,0,0,,0,1,10,-100.0
average cost for criminal defense attorney,/states/north-dakota-lawyer-costs,0,1,0,8,0,0,,0,1,8,-100.0
average cost for criminal defense attorney,/states/south-carolina-lawyer-costs,0,1,0,10,0,0,,0,1,10,-100.0
average cost for criminal defense lawyer,/pages/criminal-defense-lawyer-cost,0,1,0,56,0,0,,0,1,56,-100.0
average cost for divorce via mediation in oregon,/states/oregon-lawyer-costs,0,1,0,27,0,1,27,0,0,,
average cost for dui attorney,/states/new-york-lawyer-costs,0,1,0,66,0,0,,0,1,66,-100.0
average cost for dui lawyer,/pages/dui-lawyer-cost,0,1,0,76,0,1,76,0,0,,
average cost for dui lawyer,/states/new-york-lawyer-costs,0,1,0,57,0,0,,0,1,57,-100.0
average cost for estate planning,/pages/estate-planning-lawyer-cost,0,1,0,75,0,0,,0,0,,
average cost for family law attorney,/states/oregon-lawyer-costs,0,1,0,10,0,1,10,0,0,,
average cost for lawyer,/states/california-lawyer-costs,0,1,0,91,0,0,,0,0,,
average cost for lawyer,/states/north-carolina-lawyer-costs,0,1,0,87,0,0,,0,0,,
average cost for lawyer,/states/south-carolina-lawyer-costs,0,1,0,75,0,0,,0,0,,
average cost for lawyer,/states/west-virginia-lawyer-costs,0,1,0,8,0,1,8,0,0,,
average cost for lawyer,/states/wisconsin-lawyer-costs,0,1,0,65,0,0,,0,0,,
average cost for real estate attorney,/pages/real-estate-lawyer-cost,0,1,0,99,0,1,99,0,0,,
average cost for will and estate planning near me,/states/minnesota-lawyer-costs,0,1,0,12,0,0,,0,1,12,-100.0
average cost of a criminal defense attorney,/states/new-york-lawyer-costs,0,1,0,38,0,0,,0,1,38,-100.0
average cost of a criminal defense lawyer,/pages/criminal-defense-lawyer-cost,0,1,0,98,0,0,,0,0,,
average cost of a criminal defense lawyer,/states/south-dakota-lawyer-costs,0,1,0,7,0,1,7,0,0,,
average cost of a criminal trial,/pages/criminal-defense-lawyer-cost,0,1,0,45,0,0,,0,1,45,-100.0
average cost of a custody lawyer,/states/new-york-lawyer-costs,0,1,0,69,0,0,,0,1,69,-100.0
average cost of a defense attorney,/pages/criminal-defense-lawyer-cost,0,1,0,84,0,0,,0,0,,
average cost of a defense attorney,/states/south-carolina-lawyer-costs,0,1,0,12,0,1,12,0,0,,
average cost of a dui lawyer,/pages/dui-lawyer-cost,0,1,0,67,0,1,67,0,0,,
average cost of a family lawyer,/states/new-york-lawyer-costs,0,1,0,77,0,0,,0,1,77,-100.0
average cost of a family lawyer,/states/vermont-lawyer-costs,0,1,0,10,0,1,10,0,0,,
average cost of a lawyer,/pages/can-i-afford-a-lawyer,0,1,0,55,0,1,55,0,0,,
average cost of a lawyer,/pages/lawyer-cost-calculator,0,1,0,93,0,1,93,0,0,,
average cost of a lawyer,/states/delaware-lawyer-costs,0,1,0,8,0,1,8,0,0,,
average cost of a lawyer,/states/nevada-lawyer-costs,0,1,0,7,0,0,,0,1,7,-100.0
average cost of a lawyer,/states/new-jersey-lawyer-costs,0,1,0,11,0,0,,0,1,11,-100.0
average cost of a lawyer,/states/rhode-island-lawyer-costs,0,1,0,1,0,1,1,0,0,,
average cost of a lawyer,/states/texas-lawyer-costs,0,1,0,94,0,1,94,0,0,,
average cost of a lawyer,/states/utah-lawyer-costs,0,1,0,82,0,0,,0,1,82,-100.0
average cost of a lawyer,/states/washington-lawyer-costs,0,1,0,12,0,1,12,0,0,,
average cost of a lawyer,/states/west-virginia-lawyer-costs,0,1,0,8,0,1,8,0,0,,
average cost of a lawyer per hour,/states/arkansas-lawyer-costs,0,1,0,9,0,0,,0,1,9,-100.0
average cost of a lawyer per hour,/states/illinois-lawyer-costs,0,1,0,97,0,1,97,0,0,,
average cost of a lawyer per hour,/states/indiana-lawyer-costs,0,1,0,10,0,1,10,0,0,,
average cost of a lawyer per hour,/states/kentucky-lawyer-costs,0,1,0,6,0,0,,0,0,,
average cost of a lawyer per hour,/states/maine-lawyer-costs,0,1,0,10,0,0,,0,1,10,-100.0
average cost of a lawyer per hour,/states/massachusetts-lawyer-costs,0,1,0,10,0,0,,0,1,10,-100.0
average cost of a lawyer per hour,/states/michigan-lawyer-costs,0,1,0,10,0,1,10,0,0,,
average cost of a lawyer per hour,/states/nevada-lawyer-costs,0,1,0,9,0,1,9,0,0,,
average cost of a lawyer per hour,/states/north-dakota-lawyer-costs,0,1,0,6,0,0,,0,1,6,-100.0
average cost of a lawyer per hour,/states/tennessee-lawyer-costs,0,1,0,33,0,1,33,0,0,,
average cost of a lawyer per hour,/states/west-virginia-lawyer-costs,0,1,0,9,0,1,9,0,0,,
average cost of an attorney,/states/illinois-lawyer-costs,0,1,0,92,0,1,92,0,0,,
average cost of an attorney,/states/indiana-lawyer-costs,0,1,0,5,0,1,5,0,0,,
average cost of an attorney,/states/iowa-lawyer-costs,0,1,0,12,0,0,,0,1,12,-100.0
average cost of an attorney,/states/kansas-lawyer-costs,0,1,0,11,0,0,,0,1,11,-100.0
average cost of an attorney,/states/missouri-lawyer-costs,0,1,0,12,0,1,12,0,0,,
average cost of an attorney,/states/oregon-lawyer-costs,0,1,0,7,0,1,7,0,0,,
average cost of an attorney,/states/pennsylvania-lawyer-costs,0,1,0,12,0,1,12,0,0,,
average cost of an attorney,/states/rhode-island-lawyer-costs,0,1,0,6,0,0,,0,1,6,-100.0
average cost of an attorney,/states/south-carolina-lawyer-costs,0,1,0,77,0,1,77,0,0,,
average cost of an attorney,/states/tennessee-lawyer-costs,0,1,0,39,0,1,39,0,0,,
average cost of an attorney per hour,/pages/how-much-does-a-lawyer-cost,0,1,0,95,0,0,,0,0,,
average cost of an attorney per hour,/states/connecticut-lawyer-costs,0,1,0,10,0,0,,0,1,10,-100.0
average cost of an attorney per hour,/states/illinois-lawyer-costs,0,1,0,44,0,0,,0,1,44,-100.0
average cost of an attorney per hour,/states/oklahoma-lawyer-costs,0,1,0,8,0,1,8,0,0,,
average cost of an attorney per hour,/states/pennsylvania-lawyer-costs,0,1,0,12,0,1,12,0,0,,
average cost of an attorney per hour,/states/south-carolina-lawyer-costs,0,1,0,46,0,0,,0,1,46,-100.0
average cost of an immigration lawyer,/states/new-york-lawyer-costs,0,1,0,85,0,0,,0,1,85,-100.0
average cost of attorney,/states/alabama-lawyer-costs,0,1,0,13,0,0,,0,0,,
average cost of attorney,/states/illinois-lawyer-costs,0,1,0,90,0,1,90,0,0,,
average cost of attorney,/states/oregon-lawyer-costs,0,1,0,11,0,1,11,0,0,,
average cost of attorney,/states/tennessee-lawyer-costs,0,1,0,95,0,1,95,0,0,,
average cost of attorney,/states/utah-lawyer-costs,0,1,0,65,0,1,65,0,0,,
average cost of attorney,/states/wisconsin-lawyer-costs,0,1,0,38,0,1,38,0,0,,
average cost of attorney fees,/pages/how-much-does-a-lawyer-cost,0,1,0,98,0,0,,0,0,,
average cost of attorney fees,/states/colorado-lawyer-costs,0,1,0,80,0,0,,0,0,,
average cost of attorney fees,/states/new-york-lawyer-costs,0,1,0,72,0,0,,0,0,,
average cost of attorney fees,/states/texas-lawyer-costs,0,1,0,97,0,1,97,0,0,,
average cost of bankruptcy lawyer,/pages/bankruptcy-lawyer-cost,0,1,0,70,0,1,70,0,0,,
average cost of bankruptcy lawyer in california,/pages/bankruptcy-lawyer-cost,0,1,0,56,0,1,56,0,0,,
average cost of child custody lawyer,/states/massachusetts-lawyer-costs,0,1,0,98,0,1,98,0,0,,
average cost of child custody lawyer wisconsin,/states/wisconsin-lawyer-costs,0,1,0,98,0,0,,0,0,,
average cost of custody lawyer,/states/south-dakota-lawyer-costs,0,1,0,11,0,1,11,0,0,,
average cost of defense attorney,/states/ohio-lawyer-costs,0,1,0,11,0,0,,0,1,11,-100.0
average cost of divorce attorney,/states/arizona-lawyer-costs,0,1,0,59,0,0,,0,1,59,-100.0
average cost of divorce in alabama,/states/alabama-lawyer-costs,0,1,0,70,0,0,,0,1,70,-100.0
average cost of divorce in kansas,/states/kansas-lawyer-costs,0,1,0,40,0,0,,0,0,,
average cost of divorce lawyer,/pages/divorce-lawyer-cost,0,1,0,96,0,0,,0,1,96,-100.0
average cost of dui attorney,/pages/dui-lawyer-cost,0,1,0,69,0,1,69,0,0,,
average cost of dui attorney,/states/new-york-lawyer-costs,0,1,0,52,0,0,,0,1,52,-100.0
average cost of dui lawyer,/states/new-york-lawyer-costs,0,1,0,47,0,0,,0,1,47,-100.0
average cost of family court lawyer,/states/kentucky-lawyer-costs,0,1,0,11,0,1,11,0,0,,
average cost of lawyer,/states/alabama-lawyer-costs,0,1,0,12,0,0,,0,1,12,-100.0
average cost of lawyer,/states/california-lawyer-costs,0,1,0,76,0,0,,0,0,,
average cost of lawyer,/states/illinois-lawyer-costs,0,1,0,86,0,1,86,0,0,,
average cost of lawyer,/states/indiana-lawyer-costs,0,1,0,11,0,1,11,0,0,,
average cost of lawyer,/states/kentucky-lawyer-costs,0,1,0,1,0,0,,0,1,1,-100.0
average cost of lawyer,/states/maine-lawyer-costs,0,1,0,11,0,0,,0,0,,
average cost of lawyer,/states/new-jersey-lawyer-costs,0,1,0,13,0,0,,0,0,,
average cost of lawyer,/states/new-york-lawyer-costs,0,1,0,23,0,0,,0,0,,
average cost of lawyer,/states/pennsylvania-lawyer-costs,0,1,0,12,0,1,12,0,0,,
average cost of lawyer,/states/south-carolina-lawyer-costs,0,1,0,91,0,1,91,0,0,,
average cost of lawyer,/states/utah-lawyer-costs,0,1,0,64,0,1,64,0,0,,
average cost of lawyer for misdemeanor,/pages/criminal-defense-lawyer-cost,0,1,0,46,0,0,,0,1,46,-100.0
average cost of lawyer per hour,/states/idaho-lawyer-costs,0,1,0,9,0,1,9,0,0,,
average cost of lawyer per hour,/states/iowa-lawyer-costs,0,1,0,1,0,1,1,0,0,,
average cost of lawyer per hour,/states/michigan-lawyer-costs,0,1,0,11,0,1,11,0,0,,
average cost of lawyer per hour,/states/wyoming-lawyer-costs,0,1,0,11,0,0,,0,1,11,-100.0
average cost of services,/states/oregon-lawyer-costs,0,1,0,2,0,1,2,0,0,,
average cost of traffic attorney,/states/new-york-lawyer-costs,0,1,0,71,0,0,,0,1,71,-100.0
average cost of traffic lawyer,/states/new-york-lawyer-costs,0,1,0,93,0,0,,0,1,93,-100.0
average cost per hour for an attorney,/states/north-dakota-lawyer-costs,0,1,0,11,0,1,11,0,0,,
average cost per hour for lawyer,/states/new-york-lawyer-costs,0,1,0,48,0,0,,0,0,,
average cost to retain a lawyer,/states/arizona-lawyer-costs,0,1,0,5,0,0,,0,1,5,-100.0
average cost?,/states/tennessee-lawyer-costs,0,1,0,7,0,1,7,0,0,,
average court costs,/states/missouri-lawyer-costs,0,1,0,12,0,1,12,0,0,,
average court costs,/states/utah-lawyer-costs,0,1,0,6,0,1,6,0,0,,
average court fees,/states/vermont-lawyer-costs,0,1,0,10,0,0,,0,0,,
average dui lawyer fees,/pages/dui-lawyer-cost,0,1,0,69,0,0,,0,1,69,-100.0
average family lawyer cost,/states/new-york-lawyer-costs,0,1,0,28,0,1,28,0,0,,
average family lawyer hourly rate,/states/oregon-lawyer-costs,0,1,0,10,0,1,10,0,0,,
average hourly attorney fee,/states/missouri-lawyer-costs,0,1,0,85,0,0,,0,0,,
average hourly attorney fees,/pages/how-much-does-a-lawyer-cost,0,1,0,84,0,0,,0,1,84,-100.0
average hourly attorney fees,/states/illinois-lawyer-costs,0,1,0,91,0,1,91,0,0,,
average hourly attorney fees,/states/missouri-lawyer-costs,0,1,0,72,0,0,,0,0,,
average hourly attorney rate,/states/new-york-lawyer-costs,0,1,0,9,0,1,9,0,0,,
average hourly fee for attorneys,/states/colorado-lawyer-costs,0,1,0,95,0,0,,0,0,,
average hourly fee for attorneys,/states/connecticut-lawyer-costs,0,1,0,85,0,1,85,0,0,,
average hourly fee for attorneys,/states/missouri-lawyer-costs,0,1,0,96,0,0,,0,0,,
average hourly lawyer fee,/states/new-york-lawyer-costs,0,1,0,35,0,0,,0,0,,
average hourly lawyer fee,/states/oregon-lawyer-costs,0,1,0,41,0,0,,0,0,,
average hourly lawyer rate,/states/indiana-lawyer-costs,0,1,0,1,0,1,1,0,0,,
average hourly rate attorney,/states/missouri-lawyer-costs,0,1,0,71,0,0,,0,0,,
average hourly rate attorney,/states/new-york-lawyer-costs,0,1,0,79,0,1,79,0,0,,
average hourly rate attorney,/states/washington-lawyer-costs,0,1,0,89,0,0,,0,0,,
average hourly rate attorney north carolina 2025,/states/north-carolina-lawyer-costs,0,1,0,7,0,0,,0,0,,
average hourly rate for a lawyer,/states/nevada-lawyer-costs,0,1,0,12,0,0,,0,1,12,-100.0
average hourly rate for divorce attorney,/states/idaho-lawyer-costs,0,1,0,5,0,1,5,0,0,,
average hourly rate for lawyer,/states/massachusetts-lawyer-costs,0,1,0,46,0,1,46,0,0,,
average hourly rate for lawyers,/states/kansas-lawyer-costs,0,1,0,20,0,0,,0,0,,
average hourly rate for lawyers,/states/maryland-lawyer-costs,0,1,0,91,0,0,,0,0,,
average hourly rate lawyer,/states/connecticut-lawyer-costs,0,1,0,77,0,0,,0,0,,
average hourly rate lawyer,/states/idaho-lawyer-costs,0,1,0,69,0,0,,0,0,,
average hourly rate lawyer,/states/new-york-lawyer-costs,0,1,0,27,0,0,,0,0,,
average hourly rate lawyer,/states/ohio-lawyer-costs,0,1,0,76,0,1,76,0,0,,
average hourly rate of a lawyer,/states/colorado-lawyer-costs,0,1,0,31,0,0,,0,0,,
average lawyer billing rate,/states/kansas-lawyer-costs,0,1,0,15,0,0,,0,1,15,-100.0
average lawyer consultation fee,/pages/how-much-does-a-lawyer-cost,0,1,0,80,0,0,,0,1,80,-100.0
average lawyer consultation fee,/states/colorado-lawyer-costs,0,1,0,9,0,1,9,0,0,,
average lawyer consultation fee,/states/pennsylvania-lawyer-costs,0,1,0,12,0,0,,0,1,12,-100.0
average lawyer cost,/states/alaska-lawyer-costs,0,1,0,12,0,0,,0,0,,
average lawyer cost,/states/arkansas-lawyer-costs,0,1,0,9,0,0,,0,1,9,-100.0
average lawyer cost,/states/massachusetts-lawyer-costs,0,1,0,91,0,0,,0,1,91,-100.0
average lawyer cost,/states/new-hampshire-lawyer-costs,0,1,0,12,0,0,,0,1,12,-100.0
average lawyer cost,/states/oregon-lawyer-costs,0,1,0,12,0,1,12,0,0,,
average lawyer cost,/states/south-dakota-lawyer-costs,0,1,0,11,0,0,,0,1,11,-100.0
average lawyer cost,/states/virginia-lawyer-costs,0,1,0,85,0,0,,0,0,,
average lawyer cost for dui,/states/new-york-lawyer-costs,0,1,0,48,0,0,,0,1,48,-100.0
average lawyer cost for misdemeanor,/states/south-dakota-lawyer-costs,0,1,0,9,0,0,,0,0,,
average lawyer cost per hour,/states/alaska-lawyer-costs,0,1,0,10,0,0,,0,0,,
average lawyer cost per hour,/states/arizona-lawyer-costs,0,1,0,13,0,0,,0,1,13,-100.0
average lawyer cost per hour,/states/arkansas-lawyer-costs,0,1,0,9,0,0,,0,1,9,-100.0
average lawyer cost per hour,/states/colorado-lawyer-costs,0,1,0,11,0,0,,0,1,11,-100.0
average lawyer cost per hour,/states/kansas-lawyer-costs,0,1,0,12,0,0,,0,1,12,-100.0
average lawyer cost per hour,/states/kentucky-lawyer-costs,0,1,0,11,0,1,11,0,0,,
average lawyer cost per hour,/states/missouri-lawyer-costs,0,1,0,12,0,1,12,0,0,,
average lawyer cost per hour,/states/nevada-lawyer-costs,0,1,0,12,0,0,,0,0,,
average lawyer cost per hour,/states/north-dakota-lawyer-costs,0,1,0,13,0,0,,0,0,,
average lawyer cost per hour,/states/south-carolina-lawyer-costs,0,1,0,11,0,0,,0,1,11,-100.0
average lawyer cost per hour,/states/tennessee-lawyer-costs,0,1,0,32,0,1,32,0,0,,
average lawyer cost per hour,/states/washington-lawyer-costs,0,1,0,60,0,0,,0,1,60,-100.0
average lawyer cost per hour,/states/wisconsin-lawyer-costs,0,1,0,11,0,0,,0,0,,
average lawyer costs,/states/maryland-lawyer-costs,0,1,0,9,0,1,9,0,0,,
average lawyer costs,/states/massachusetts-lawyer-costs,0,1,0,8,0,1,8,0,0,,
average lawyer costs,/states/south-carolina-lawyer-costs,0,1,0,55,0,0,,0,1,55,-100.0
average lawyer costs,/states/tennessee-lawyer-costs,0,1,0,81,0,0,,0,1,81,-100.0
average lawyer fee,/,0,1,0,92,0,0,,0,1,92,-100.0
average lawyer fee,/states/california-lawyer-costs,0,1,0,71,0,0,,0,0,,
average lawyer fee,/states/minnesota-lawyer-costs,0,1,0,12,0,0,,0,1,12,-100.0
average lawyer fee,/states/nevada-lawyer-costs,0,1,0,87,0,1,87,0,0,,
average lawyer fee,/states/tennessee-lawyer-costs,0,1,0,69,0,0,,0,1,69,-100.0
average lawyer fee per hour,/states/arizona-lawyer-costs,0,1,0,11,0,0,,0,1,11,-100.0
average lawyer fee per hour,/states/iowa-lawyer-costs,0,1,0,10,0,1,10,0,0,,
average lawyer fee per hour,/states/new-hampshire-lawyer-costs,0,1,0,11,0,0,,0,1,11,-100.0
average lawyer fee per hour,/states/north-dakota-lawyer-costs,0,1,0,10,0,0,,0,0,,
average lawyer fee per hour,/states/south-dakota-lawyer-costs,0,1,0,8,0,0,,0,1,8,-100.0
average lawyer fee per hour,/states/washington-lawyer-costs,0,1,0,53,0,1,53,0,0,,
average lawyer fees,/states/illinois-lawyer-costs,0,1,0,41,0,0,,0,1,41,-100.0
average lawyer fees,/states/maine-lawyer-costs,0,1,0,8,0,1,8,0,0,,
average lawyer fees,/states/wisconsin-lawyer-costs,0,1,0,37,0,0,,0,1,37,-100.0
average lawyer hourly rate,/pages/how-much-does-a-lawyer-cost,0,1,0,70,0,0,,0,1,70,-100.0
average lawyer hourly rate,/states/maine-lawyer-costs,0,1,0,1,0,1,1,0,0,,
average lawyer hourly rate,/states/nevada-lawyer-costs,0,1,0,57,0,0,,0,1,57,-100.0
average lawyer hourly rate,/states/new-hampshire-lawyer-costs,0,1,0,12,0,0,,0,1,12,-100.0
average lawyer hourly rate,/states/tennessee-lawyer-costs,0,1,0,1,0,0,,0,1,1,-100.0
average lawyer hourly rate,/states/west-virginia-lawyer-costs,0,1,0,11,0,0,,0,1,11,-100.0
average lawyer price,/,0,1,0,96,0,1,96,0,0,,
average lawyer price,/states/maryland-lawyer-costs,0,1,0,92,0,0,,0,0,,
average lawyer price,/states/massachusetts-lawyer-costs,0,1,0,12,0,1,12,0,0,,
average lawyer price,/states/virginia-lawyer-costs,0,1,0,84,0,0,,0,0,,
average lawyer rate,/states/connecticut-lawyer-costs,0,1,0,11,0,1,11,0,0,,
average lawyer rate,/states/new-mexico-lawyer-costs,0,1,0,12,0,1,12,0,0,,
average lawyer rate,/states/new-york-lawyer-costs,0,1,0,21,0,0,,0,1,21,-100.0
average lawyer rate,/states/washington-lawyer-costs,0,1,0,30,0,0,,0,1,30,-100.0
average lawyer rates,/,0,1,0,77,0,0,,0,0,,
average lawyer rates,/pages/how-much-does-a-lawyer-cost,0,1,0,72,0,0,,0,0,,
average lawyer rates,/states/georgia-lawyer-costs,0,1,0,76,0,0,,0,1,76,-100.0
average lawyer rates,/states/idaho-lawyer-costs,0,1,0,70,0,1,70,0,0,,
average lawyer rates,/states/illinois-lawyer-costs,0,1,0,78,0,1,78,0,0,,
average lawyer rates,/states/new-jersey-lawyer-costs,0,1,0,4,0,0,,0,0,,
average lawyer rates,/states/new-york-lawyer-costs,0,1,0,15,0,0,,0,0,,
average lawyer rates,/states/tennessee-lawyer-costs,0,1,0,85,0,1,85,0,0,,
average lawyer retainer fee,/states/connecticut-lawyer-costs,0,1,0,11,0,1,11,0,0,,
average lawyer retainer fee,/states/washington-lawyer-costs,0,1,0,7,0,1,7,0,0,,
average lawyer retainer fee,/states/wisconsin-lawyer-costs,0,1,0,1,0,1,1,0,0,,
average lawyer salary colorado,/states/colorado-lawyer-costs,0,1,0,39,0,1,39,0,0,,
average legal costs,/states/connecticut-lawyer-costs,0,1,0,73,0,0,,0,0,,
average legal costs,/states/new-york-lawyer-costs,0,1,0,47,0,0,,0,0,,
average legal costs for small business,/pages/business-lawyer-cost,0,1,0,74,0,0,,0,1,74,-100.0
average legal expense for small business,/pages/business-lawyer-cost,0,1,0,69,0,1,69,0,0,,
average legal fees,/states/alabama-lawyer-costs,0,1,0,39,0,0,,0,0,,
average legal fees,/states/connecticut-lawyer-costs,0,1,0,86,0,1,86,0,0,,
average legal fees,/states/nevada-lawyer-costs,0,1,0,28,0,1,28,0,0,,
average legal fees,/states/tennessee-lawyer-costs,0,1,0,88,0,1,88,0,0,,
average legal fees for small business,/states/massachusetts-lawyer-costs,0,1,0,94,0,0,,0,1,94,-100.0
average price for a lawyer,/states/florida-lawyer-costs,0,1,0,70,0,0,,0,0,,
average price for a lawyer,/states/ohio-lawyer-costs,0,1,0,1,0,1,1,0,0,,
average price for a lawyer,/states/west-virginia-lawyer-costs,0,1,0,9,0,0,,0,1,9,-100.0
average price for dui lawyer,/states/new-york-lawyer-costs,0,1,0,47,0,0,,0,1,47,-100.0
average price of a lawyer,/states/georgia-lawyer-costs,0,1,0,24,0,0,,0,0,,
average price of a lawyer,/states/michigan-lawyer-costs,0,1,0,12,0,0,,0,0,,
average price of a lawyer,/states/rhode-island-lawyer-costs,0,1,0,9,0,1,9,0,0,,
average retainer cost,/states/nevada-lawyer-costs,0,1,0,6,0,1,6,0,0,,
average retainer fee,/states/minnesota-lawyer-costs,0,1,0,11,0,0,,0,1,11,-100.0
average retainer fee,/states/pennsylvania-lawyer-costs,0,1,0,1,0,0,,0,1,1,-100.0
average retainer fee,/states/south-dakota-lawyer-costs,0,1,0,12,0,0,,0,1,12,-100.0
average retainer fee,/states/wisconsin-lawyer-costs,0,1,0,12,0,0,,0,1,12,-100.0
average retainer fee for attorney,/states/wisconsin-lawyer-costs,0,1,0,10,0,1,10,0,0,,
average retainer fee for family lawyer,/states/arkansas-lawyer-costs,0,1,0,12,0,1,12,0,0,,
average retainer fee for lawyer,/states/connecticut-lawyer-costs,0,1,0,11,0,1,11,0,0,,
average retainer fee for lawyer,/states/wisconsin-lawyer-costs,0,1,0,12,0,0,,0,1,12,-100.0
average retainer for divorce lawyer,/states/rhode-island-lawyer-costs,0,1,0,1,0,1,1,0,0,,
average settlement for an asbestos claim,/pages/mesothelioma-settlement-calculator,0,1,0,92,0,0,,0,0,,
avg cost,/states/new-mexico-lawyer-costs,0,1,0,1,0,1,1,0,0,,
avg rate,/states/massachusetts-lawyer-costs,0,1,0,3,0,1,3,0,0,,
az criminal defense attorney,/states/arizona-lawyer-costs,0,1,0,3,0,1,3,0,0,,
baltimore lawyers,/states/maryland-lawyer-costs,0,1,0,6,0,0,,0,1,6,-100.0
baltimore real estate attorney,/states/maryland-lawyer-costs,0,1,0,2,0,1,2,0,0,,
bankruptcy chapter 7 lawyer cost,/pages/bankruptcy-lawyer-cost,0,1,0,88,0,0,,0,0,,
bankruptcy lawyer costs,/pages/bankruptcy-lawyer-cost,0,1,0,46,0,1,46,0,0,,
bankruptcy lawyer price,/pages/bankruptcy-lawyer-cost,0,1,0,50,0,0,,0,1,50,-100.0
bar association fees,/states/arkansas-lawyer-costs,0,1,0,9,0,0,,0,1,9,-100.0
bar exam cost ohio,/states/ohio-lawyer-costs,0,1,0,46,0,0,,0,1,46,-100.0
bar fees,/states/connecticut-lawyer-costs,0,1,0,10,0,1,10,0,0,,
bar fees,/states/kentucky-lawyer-costs,0,1,0,10,0,1,10,0,0,,
barrister cost,/states/connecticut-lawyer-costs,0,1,0,71,0,0,,0,1,71,-100.0
barrister cost,/states/indiana-lawyer-costs,0,1,0,48,0,1,48,0,0,,
barrister cost,/states/iowa-lawyer-costs,0,1,0,90,0,0,,0,1,90,-100.0
barrister cost,/states/mississippi-lawyer-costs,0,1,0,85,0,0,,0,1,85,-100.0
barrister cost,/states/texas-lawyer-costs,0,1,0,67,0,0,,0,0,,
barrister costs,/states/california-lawyer-costs,0,1,0,91,0,1,91,0,0,,
barrister costs,/states/iowa-lawyer-costs,0,1,0,86,0,1,86,0,0,,
barrister costs,/states/mississippi-lawyer-costs,0,1,0,89,0,0,,0,1,89,-100.0
barrister fee,/states/iowa-lawyer-costs,0,1,0,67,0,1,67,0,0,,
barrister fee,/states/texas-lawyer-costs,0,1,0,71,0,0,,0,1,71,-100.0
barrister fees,/states/california-lawyer-costs,0,1,0,90,0,0,,0,1,90,-100.0
barrister fees,/states/connecticut-lawyer-costs,0,1,0,74,0,0,,0,1,74,-100.0
barrister fees,/states/new-york-lawyer-costs,0,1,0,36,0,0,,0,1,36,-100.0
barrister hourly rate,/states/california-lawyer-costs,0,1,0,70,0,0,,0,0,,
barrister hourly rate,/states/iowa-lawyer-costs,0,1,0,97,0,0,,0,1,97,-100.0
barrister hourly rate,/states/kentucky-lawyer-costs,0,1,0,66,0,0,,0,1,66,-100.0
barrister hourly rate,/states/new-york-lawyer-costs,0,1,0,39,0,0,,0,1,39,-100.0
barrister hourly rate,/states/vermont-lawyer-costs,0,1,0,89,0,0,,0,1,89,-100.0
barrister legal aid rates,/states/iowa-lawyer-costs,0,1,0,61,0,1,61,0,0,,
barrister price,/states/illinois-lawyer-costs,0,1,0,69,0,1,69,0,0,,
barrister price,/states/texas-lawyer-costs,0,1,0,78,0,1,78,0,0,,
barristers fees,/states/california-lawyer-costs,0,1,0,98,0,1,98,0,0,,
barristers fees,/states/illinois-lawyer-costs,0,1,0,88,0,1,88,0,0,,
barristers fees,/states/new-jersey-lawyer-costs,0,1,0,67,0,0,,0,1,67,-100.0
barristers fees,/states/new-york-lawyer-costs,0,1,0,35,0,0,,0,1,35,-100.0
barristers fees,/states/washington-lawyer-costs,0,1,0,91,0,1,91,0,0,,
beau powell attorney milton fl,/states/utah-lawyer-costs,0,1,0,3,0,1,3,0,0,,
berea ky,/states/kentucky-lawyer-costs,0,1,0,9,0,0,,0,1,9,-100.0
best attorney,/states/south-carolina-lawyer-costs,0,1,0,3,0,1,3,0,0,,
best business lawyer,/pages/business-lawyer-cost,0,1,0,2,0,1,2,0,0,,
best business litigation attorney,/pages/business-lawyer-cost,0,1,0,3,0,1,3,0,0,,
best child custody lawyer in st louis,/states/missouri-lawyer-costs,0,1,0,3,0,1,3,0,0,,
best criminal defense attorney in arizona,/states/arizona-lawyer-costs,0,1,0,3,0,1,3,0,0,,
best criminal defense attorney in kentucky,/states/kentucky-lawyer-costs,0,1,0,3,0,0,,0,1,3,-100.0
best criminal defense attorney in pennsylvania,/states/pennsylvania-lawyer-costs,0,1,0,3,0,1,3,0,0,,
best criminal defense attorney lexington ky,/states/kentucky-lawyer-costs,0,1,0,6,0,0,,0,1,6,-100.0
"best criminal defense lawyers in chattanooga, tn",/states/tennessee-lawyer-costs,0,1,0,3,0,0,,0,1,3,-100.0
best criminal defense lawyers in pennsylvania,/states/pennsylvania-lawyer-costs,0,1,0,3,0,1,3,0,0,,
best criminal lawyer in new jersey,/states/new-jersey-lawyer-costs,0,1,0,2,0,1,2,0,0,,
best criminal lawyers in pittsburgh pa,/states/pennsylvania-lawyer-costs,0,1,0,4,0,1,4,0,0,,
best criminal solicitors newcastle,/pages/criminal-defense-lawyer-cost,0,1,0,4,0,1,4,0,0,,
best custody lawyer in arkansas,/states/arkansas-lawyer-costs,0,1,0,2,0,1,2,0,0,,
best divorce attorney hawaii,/states/hawaii-lawyer-costs,0,1,0,5,0,1,5,0,0,,
best dui lawyer near me,/pages/dui-lawyer-cost,0,1,0,4,0,1,4,0,0,,
best employment attorney nyc,/pages/employment-lawyer-cost,0,1,0,2,0,1,2,0,0,,
best employment law solicitors,/pages/employment-lawyer-cost,0,1,0,3,0,0,,0,1,3,-100.0
best employment lawyers in nyc,/pages/employment-lawyer-cost,0,1,0,3,0,0,,0,1,3,-100.0
best family law attorney in des moines,/states/iowa-lawyer-costs,0,1,0,3,0,1,3,0,0,,
best lawyers in albuquerque,/states/new-mexico-lawyer-costs,0,1,0,3,0,1,3,0,0,,
best lawyers in boston,/states/massachusetts-lawyer-costs,0,1,0,3,0,1,3,0,0,,
best lawyers in des moines iowa,/states/iowa-lawyer-costs,0,1,0,3,0,1,3,0,0,,
"best lawyers in lexington, ky",/states/kentucky-lawyer-costs,0,1,0,3,0,1,3,0,0,,
best lawyers in utah,/states/utah-lawyer-costs,0,1,0,4,0,0,,0,0,,
best real estate attorney nj,/states/new-jersey-lawyer-costs,0,1,0,2,0,1,2,0,0,,
best-rated prenuptial agreement lawyers under $200/hr,/states/virginia-lawyer-costs,0,1,0,1,0,0,,0,1,1,-100.0
bill stanley jonesboro ar,/states/arkansas-lawyer-costs,0,1,0,5,0,1,5,0,0,,
billibg,/states/nebraska-lawyer-costs,0,1,0,3,0,1,3,0,0,,
billing rate,/states/minnesota-lawyer-costs,0,1,0,5,0,0,,0,1,5,-100.0
birmingham alabama lawyer,/states/alabama-lawyer-costs,0,1,0,9,0,0,,0,0,,
bkassist pricing,/pages/bankruptcy-lawyer-cost,0,1,0,54,0,0,,0,1,54,-100.0
black lawyers in delaware,/states/delaware-lawyer-costs,0,1,0,6,0,1,6,0,0,,
blessinger legal,/pages/immigration-lawyer-cost,0,1,0,3,0,1,3,0,0,,
boston family law attorney,/states/massachusetts-lawyer-costs,0,1,0,2,0,0,,0,1,2,-100.0
boston real estate attorney,/states/massachusetts-lawyer-costs,0,1,0,2,0,0,,0,1,2,-100.0
both,/states/mississippi-lawyer-costs,0,1,0,7,0,0,,0,1,7,-100.0
both,/states/oregon-lawyer-costs,0,1,0,2,0,1,2,0,0,,
both,/states/washington-lawyer-costs,0,1,0,3,0,0,,0,1,3,-100.0
both please,/states/tennessee-lawyer-costs,0,1,0,1,0,0,,0,1,1,-100.0
brck criminal defense attorneys,/states/texas-lawyer-costs,0,1,0,4,0,1,4,0,0,,
breeding carter law,/states/tennessee-lawyer-costs,0,1,0,3,0,1,3,0,0,,
bristol-myers squibb company litigation lawsuits settlements court rulings legal liabilities,/states/new-jersey-lawyer-costs,0,1,0,5,0,0,,0,0,,
brooklyn employment lawyer,/pages/employment-lawyer-cost,0,1,0,2,0,1,2,0,0,,
burdette law firm,/states/utah-lawyer-costs,0,1,0,7,0,1,7,0,0,,
burr law firm lexington sc,/states/south-carolina-lawyer-costs,0,1,0,4,0,0,,0,1,4,-100.0
business attorney,/pages/business-lawyer-cost,0,1,0,2,0,0,,0,1,2,-100.0
business attorney austin tx,/pages/business-lawyer-cost,0,1,0,2,0,1,2,0,0,,
business attorney cost,/states/new-york-lawyer-costs,0,1,0,27,0,1,27,0,0,,
business attorney fees,/states/kansas-lawyer-costs,0,1,0,20,0,1,20,0,0,,
business attorney in georgia,/pages/business-lawyer-cost,0,1,0,2,0,1,2,0,0,,
business attorney kansas city mo,/pages/business-lawyer-cost,0,1,0,3,0,1,3,0,0,,
business attorney san antonio texas,/pages/business-lawyer-cost,0,1,0,2,0,1,2,0,0,,
business law,/pages/business-lawyer-cost,0,1,0,4,0,1,4,0,0,,
business lawyer california,/pages/business-lawyer-cost,0,1,0,3,0,1,3,0,0,,
business lawyer consultation,/pages/business-lawyer-cost,0,1,0,2,0,1,2,0,0,,
business lawyer consultation fee,/pages/lawyer-consultation-fee,0,1,0,78,0,0,,0,1,78,-100.0
business lawyer cost,/states/kansas-lawyer-costs,0,1,0,20,0,0,,0,1,20,-100.0
business lawyer hourly rate,/states/new-york-lawyer-costs,0,1,0,16,0,1,16,0,0,,
business lawyer new jersey,/pages/business-lawyer-cost,0,1,0,2,0,1,2,0,0,,
business lawyer nh,/pages/business-lawyer-cost,0,1,0,6,0,1,6,0,0,,
business lawyer phoenix az,/pages/business-lawyer-cost,0,1,0,2,0,1,2,0,0,,
business lawyer rates,/states/new-york-lawyer-costs,0,1,0,57,0,0,,0,0,,
business lawyer rochester ny,/pages/business-lawyer-cost,0,1,0,2,0,0,,0,1,2,-100.0
business lawyer sacramento,/pages/business-lawyer-cost,0,1,0,2,0,1,2,0,0,,
business lawyer sioux falls,/pages/business-lawyer-cost,0,1,0,6,0,0,,0,1,6,-100.0
business lawyers albuquerque,/pages/business-lawyer-cost,0,1,0,2,0,1,2,0,0,,
business litigation attorney near me,/pages/business-lawyer-cost,0,1,0,2,0,1,2,0,0,,
buying a home lawyer fees,/states/new-york-lawyer-costs,0,1,0,49,0,0,,0,1,49,-100.0
calculate lawyer fees,/,0,1,0,98,0,1,98,0,0,,
calculate legal fees,/pages/lawyer-cost-calculator,0,1,0,58,0,1,58,0,0,,
calculation legal fees,/pages/legal-fee-calculator,0,1,0,66,0,0,,0,0,,
calculation of legal fees,/pages/legal-fee-calculator,0,1,0,71,0,0,,0,0,,
california dui lawyer cost,/pages/dui-lawyer-cost,0,1,0,1,0,0,,0,1,1,-100.0
california real estate attorney near me,/pages/hourly-vs-flat-fee-lawyer,0,1,0,3,0,1,3,0,0,,
california real estate attorney near me,/pages/real-estate-lawyer-cost,0,1,0,3,0,1,3,0,0,,
can a video recording be used in court,/states/utah-lawyer-costs,0,1,0,2,0,1,2,0,0,,
can you claim lawyer fees on taxes,/states/nevada-lawyer-costs,0,1,0,95,0,0,,0,1,95,-100.0
can you estimate the cost,/states/massachusetts-lawyer-costs,0,1,0,1,0,1,1,0,0,,
can you give legal advice without being a lawyer,/states/michigan-lawyer-costs,0,1,0,3,0,1,3,0,0,,
can you pay a lawyer retainer with a credit card,/states/michigan-lawyer-costs,0,1,0,2,0,1,2,0,0,,
cat lawyer fees,/states/new-york-lawyer-costs,0,1,0,37,0,1,37,0,0,,
cat lawyer fees,/states/oregon-lawyer-costs,0,1,0,76,0,0,,0,1,76,-100.0
centage charges,/pages/contingency-fee-explained,0,1,0,70,0,0,,0,1,70,-100.0
chaffee county court,/states/colorado-lawyer-costs,0,1,0,8,0,1,8,0,0,,
chapter 7 bankruptcy attorney fees,/pages/bankruptcy-lawyer-cost,0,1,0,77,0,0,,0,1,77,-100.0
chapter 7 bankruptcy lawyer fees,/pages/bankruptcy-lawyer-cost,0,1,0,83,0,0,,0,0,,
charge attorney in florida,/states/florida-lawyer-costs,0,1,0,76,0,0,,0,1,76,-100.0
charges lawyer,/states/alaska-lawyer-costs,0,1,0,40,0,0,,0,0,,
charles proctor lawyer,/states/utah-lawyer-costs,0,1,0,4,0,1,4,0,0,,
cheap business lawyer,/pages/business-lawyer-cost,0,1,0,2,0,1,2,0,0,,
"cheap criminal lawyers in memphis, tn",/states/tennessee-lawyer-costs,0,1,0,3,0,0,,0,1,3,-100.0
cheap good lawyers,/states/maryland-lawyer-costs,0,1,0,2,0,1,2,0,0,,
cheapest criminal defense lawyer,/states/south-carolina-lawyer-costs,0,1,0,5,0,0,,0,1,5,-100.0
cheapest real estate lawyer,/pages/real-estate-lawyer-cost,0,1,0,19,0,1,19,0,0,,
chen immigration,/pages/immigration-lawyer-cost,0,1,0,5,0,1,5,0,0,,
child custody attorney hourly rates in phoenix,/states/arizona-lawyer-costs,0,1,0,85,0,0,,0,1,85,-100.0
child custody lawyer baltimore,/states/maryland-lawyer-costs,0,1,0,2,0,1,2,0,0,,
child custody lawyer cost,/states/alaska-lawyer-costs,0,1,0,76,0,0,,0,0,,
child custody lawyers lexington ky,/states/kentucky-lawyer-costs,0,1,0,3,0,1,3,0,0,,
child custody lawyers louisville ky,/states/kentucky-lawyer-costs,0,1,0,3,0,1,3,0,0,,
chip siegel,/pages/dui-lawyer-cost,0,1,0,5,0,1,5,0,0,,
christopher dang attorney,/states/hawaii-lawyer-costs,0,1,0,14,0,1,14,0,0,,
citation costs,/states/new-york-lawyer-costs,0,1,0,38,0,1,38,0,0,,
civil attorney tacoma,/states/washington-lawyer-costs,0,1,0,2,0,1,2,0,0,,
civil case attorney,/states/colorado-lawyer-costs,0,1,0,2,0,0,,0,1,2,-100.0
civil case attorney fees,/states/colorado-lawyer-costs,0,1,0,56,0,0,,0,1,56,-100.0
civil case lawyer fees,/states/south-dakota-lawyer-costs,0,1,0,7,0,0,,0,1,7,-100.0
civil court attorney fees,/states/new-york-lawyer-costs,0,1,0,49,0,0,,0,0,,
civil court attorney near me,/states/colorado-lawyer-costs,0,1,0,2,0,1,2,0,0,,
civil court columbia sc,/states/south-carolina-lawyer-costs,0,1,0,3,0,1,3,0,0,,
civil court hampton va,/states/virginia-lawyer-costs,0,1,0,4,0,0,,0,1,4,-100.0
civil court jefferson county,/states/missouri-lawyer-costs,0,1,0,3,0,1,3,0,0,,
civil court lawyer cost,/states/arizona-lawyer-costs,0,1,0,8,0,1,8,0,0,,
civil court lawyer cost,/states/colorado-lawyer-costs,0,1,0,10,0,0,,0,1,10,-100.0
civil court lawyer cost,/states/new-mexico-lawyer-costs,0,1,0,8,0,1,8,0,0,,
civil court lawyer cost,/states/oklahoma-lawyer-costs,0,1,0,9,0,0,,0,1,9,-100.0
civil court lawyer fees,/states/colorado-lawyer-costs,0,1,0,95,0,1,95,0,0,,
civil court norfolk va,/states/virginia-lawyer-costs,0,1,0,6,0,0,,0,1,6,-100.0
civil lawsuit lawyer fees,/states/south-carolina-lawyer-costs,0,1,0,61,0,1,61,0,0,,
civil lawyer cost,/states/california-lawyer-costs,0,1,0,12,0,1,12,0,0,,
civil lawyer cost,/states/colorado-lawyer-costs,0,1,0,46,0,0,,0,0,,
civil lawyer cost,/states/georgia-lawyer-costs,0,1,0,8,0,1,8,0,0,,
civil lawyer cost,/states/indiana-lawyer-costs,0,1,0,4,0,1,4,0,0,,
civil lawyer cost,/states/louisiana-lawyer-costs,0,1,0,10,0,0,,0,1,10,-100.0
civil lawyer cost,/states/massachusetts-lawyer-costs,0,1,0,6,0,1,6,0,0,,
civil lawyer cost,/states/mississippi-lawyer-costs,0,1,0,46,0,1,46,0,0,,
civil lawyer cost,/states/new-hampshire-lawyer-costs,0,1,0,8,0,0,,0,0,,
civil lawyer cost,/states/oregon-lawyer-costs,0,1,0,6,0,1,6,0,0,,
civil lawyer cost,/states/south-carolina-lawyer-costs,0,1,0,82,0,1,82,0,0,,
civil lawyer cost,/states/tennessee-lawyer-costs,0,1,0,68,0,1,68,0,0,,
civil lawyer fees,/states/iowa-lawyer-costs,0,1,0,12,0,0,,0,0,,
civil lawyer fees,/states/louisiana-lawyer-costs,0,1,0,6,0,1,6,0,0,,
civil lawyer fees,/states/new-hampshire-lawyer-costs,0,1,0,2,0,1,2,0,0,,
civil lawyer fees,/states/washington-lawyer-costs,0,1,0,12,0,0,,0,0,,
civil lawyer fees,/states/west-virginia-lawyer-costs,0,1,0,13,0,0,,0,0,,
civil lawyer near me,/states/south-carolina-lawyer-costs,0,1,0,3,0,1,3,0,0,,
civil legal aid guidance,/pages/legal-aid-guide,0,1,0,85,0,0,,0,1,85,-100.0
civil litigation attorney cost,/states/arizona-lawyer-costs,0,1,0,10,0,1,10,0,0,,
civil litigation attorney cost,/states/maryland-lawyer-costs,0,1,0,11,0,1,11,0,0,,
civil litigation attorney fees,/states/new-york-lawyer-costs,0,1,0,73,0,0,,0,0,,
civil rights attorney seattle washington,/states/washington-lawyer-costs,0,1,0,4,0,1,4,0,0,,
civil rights lawyer new jersey,/states/new-jersey-lawyer-costs,0,1,0,8,0,0,,0,1,8,-100.0
civil suit lawyer cost,/states/kansas-lawyer-costs,0,1,0,5,0,1,5,0,0,,
civil suit lawyer cost,/states/new-mexico-lawyer-costs,0,1,0,10,0,0,,0,0,,
civil suit lawyer cost,/states/new-york-lawyer-costs,0,1,0,19,0,0,,0,1,19,-100.0
civil suit lawyers in maryland,/states/maryland-lawyer-costs,0,1,0,7,0,1,7,0,0,,
claims costs,/pages/small-claims-filing-fee-calculator,0,1,0,75,0,0,,0,0,,
cls fee schedule,/states/kansas-lawyer-costs,0,1,0,31,0,1,31,0,0,,
colorado,/states/colorado-lawyer-costs,0,1,0,5,0,1,5,0,0,,
colorado court filing fees,/states/colorado-lawyer-costs,0,1,0,20,0,0,,0,1,20,-100.0
colorado criminal attorney,/states/colorado-lawyer-costs,0,1,0,8,0,1,8,0,0,,
colorado defense attorneys,/states/colorado-lawyer-costs,0,1,0,5,0,1,5,0,0,,
colorado legal defense group,/states/colorado-lawyer-costs,0,1,0,3,0,1,3,0,0,,
commercial,/states/delaware-lawyer-costs,0,1,0,7,0,1,7,0,0,,
commercial business lawyer near me,/pages/business-lawyer-cost,0,1,0,2,0,1,2,0,0,,
commercial lawyer hourly rate,/states/new-york-lawyer-costs,0,1,0,7,0,1,7,0,0,,
commercial legal fees,/states/massachusetts-lawyer-costs,0,1,0,10,0,1,10,0,0,,
commercial litigation attorney near me,/pages/business-lawyer-cost,0,1,0,3,0,1,3,0,0,,
compare contingency fee structures for wrongful death lawyers in colorado,/states/colorado-lawyer-costs,0,1,0,85,0,0,,0,0,,
compare contingency fees for personal injury lawyers.,/pages/personal-injury-lawyer-cost,0,1,0,42,0,0,,0,1,42,-100.0
compare fees of workplace injury attorneys in texas,/states/texas-lawyer-costs,0,1,0,80,0,0,,0,0,,
compare the fees of premise liability attorney costs and pricing,/states/kansas-lawyer-costs,0,1,0,6,0,1,6,0,0,,
compare the fees of premise liability attorney costs and pricing,/states/new-york-lawyer-costs,0,1,0,7,0,1,7,0,0,,
compare the prices of divorce lawyers in brooklyn ny,/pages/divorce-lawyer-cost,0,1,0,46,0,0,,0,1,46,-100.0
connecticut attorney client security fund fee,/states/connecticut-lawyer-costs,0,1,0,31,0,1,31,0,0,,
connecticut real estate lawyers,/states/connecticut-lawyer-costs,0,1,0,3,0,1,3,0,0,,
consultation fee for attorney,/pages/lawyer-consultation-fee,0,1,0,72,0,0,,0,0,,
consultation fee for divorce lawyer,/pages/divorce-lawyer-cost,0,1,0,96,0,0,,0,1,96,-100.0
consultation fees,/pages/lawyer-consultation-fee,0,1,0,33,0,0,,0,1,33,-100.0
consultation fees for lawyers,/states/colorado-lawyer-costs,0,1,0,22,0,0,,0,0,,
consultation with a lawyer,/states/ohio-lawyer-costs,0,1,0,5,0,1,5,0,0,,
consultation with lawyer fee,/pages/lawyer-consultation-fee,0,1,0,73,0,0,,0,1,73,-100.0
consumer court lawyer fees,/states/new-york-lawyer-costs,0,1,0,24,0,0,,0,1,24,-100.0
consumer protection lawyer cost,/states/illinois-lawyer-costs,0,1,0,12,0,0,,0,1,12,-100.0
contested,/states/arkansas-lawyer-costs,0,1,0,8,0,1,8,0,0,,
contested,/states/kentucky-lawyer-costs,0,1,0,1,0,0,,0,1,1,-100.0
contingency based,/pages/contingency-fee-explained,0,1,0,94,0,0,,0,1,94,-100.0
contingency fee act,/pages/contingency-fee-explained,0,1,0,83,0,1,83,0,0,,
contingency fee calculator,/pages/small-claims-filing-fee-calculator,0,1,0,62,0,1,62,0,0,,
contingency fee lawyer alabama,/states/alabama-lawyer-costs,0,1,0,29,0,1,29,0,0,,
contingency fees,/pages/contingency-fee-explained,0,1,0,51,0,1,51,0,0,,
contingency fees meaning,/pages/contingency-fee-explained,0,1,0,90,0,0,,0,1,90,-100.0
contingency price,/pages/contingency-fee-explained,0,1,0,79,0,0,,0,0,,
contingency rates,/pages/contingency-fee-explained,0,1,0,42,0,1,42,0,0,,
contingency vs billable hours,/pages/contingency-fee-explained,0,1,0,29,0,1,29,0,0,,
contingent fee definition,/pages/contingency-fee-explained,0,1,0,92,0,0,,0,1,92,-100.0
contingent fees meaning,/pages/contingency-fee-explained,0,1,0,101,0,0,,0,1,101,-100.0
contingent vs billable,/pages/contingency-fee-explained,0,1,0,34,0,1,34,0,0,,
contract disputes,/states/new-york-lawyer-costs,0,1,0,9,0,1,9,0,0,,
contract lawyer,/states/indiana-lawyer-costs,0,1,0,1,0,0,,0,1,1,-100.0
contract lawyer,/states/minnesota-lawyer-costs,0,1,0,1,0,0,,0,1,1,-100.0
contract lawyer,/states/new-jersey-lawyer-costs,0,1,0,1,0,0,,0,1,1,-100.0
contract lawyer,/states/utah-lawyer-costs,0,1,0,1,0,1,1,0,0,,
contract lawyer,/states/wisconsin-lawyer-costs,0,1,0,1,0,0,,0,1,1,-100.0
contract lawyer hourly rate,/states/south-carolina-lawyer-costs,0,1,0,44,0,1,44,0,0,,
copyright attorney,/pages/hourly-vs-flat-fee-lawyer,0,1,0,2,0,1,2,0,0,,
copyright attorney near me,/pages/hourly-vs-flat-fee-lawyer,0,1,0,3,0,1,3,0,0,,
copyright lawyer,/pages/hourly-vs-flat-fee-lawyer,0,1,0,3,0,1,3,0,0,,
copyright lawyer long island,/pages/hourly-vs-flat-fee-lawyer,0,1,0,2,0,1,2,0,0,,
cost,/states/nevada-lawyer-costs,0,1,0,12,0,1,12,0,0,,
cost,/states/new-mexico-lawyer-costs,0,1,0,2,0,1,2,0,0,,
cost,/states/south-dakota-lawyer-costs,0,1,0,8,0,0,,0,1,8,-100.0
cost,/states/texas-lawyer-costs,0,1,0,7,0,1,7,0,0,,
cost,/states/west-virginia-lawyer-costs,0,1,0,2,0,1,2,0,0,,
cost attorney,/states/indiana-lawyer-costs,0,1,0,77,0,1,77,0,0,,
cost attorney,/states/louisiana-lawyer-costs,0,1,0,72,0,1,72,0,0,,
cost attorney,/states/mississippi-lawyer-costs,0,1,0,59,0,1,59,0,0,,
cost attorney,/states/oklahoma-lawyer-costs,0,1,0,69,0,1,69,0,0,,
cost comparison of leading texas personal injury attorneys,/states/texas-lawyer-costs,0,1,0,99,0,0,,0,0,,
cost for a criminal defense attorney,/states/colorado-lawyer-costs,0,1,0,20,0,0,,0,0,,
cost for a lawyer,/states/arkansas-lawyer-costs,0,1,0,10,0,1,10,0,0,,
cost for a lawyer,/states/kentucky-lawyer-costs,0,1,0,65,0,0,,0,1,65,-100.0
cost for a lawyer,/states/maine-lawyer-costs,0,1,0,10,0,0,,0,1,10,-100.0
cost for a lawyer,/states/montana-lawyer-costs,0,1,0,6,0,1,6,0,0,,
cost for a lawyer,/states/new-mexico-lawyer-costs,0,1,0,5,0,1,5,0,0,,
cost for a lawyer,/states/oklahoma-lawyer-costs,0,1,0,83,0,0,,0,1,83,-100.0
cost for a lawyer,/states/utah-lawyer-costs,0,1,0,13,0,0,,0,0,,
cost for a lawyer,/states/washington-lawyer-costs,0,1,0,87,0,0,,0,1,87,-100.0
cost for an attorney,/,0,1,0,92,0,0,,0,1,92,-100.0
cost for an attorney,/states/california-lawyer-costs,0,1,0,65,0,0,,0,0,,
cost for an attorney,/states/kentucky-lawyer-costs,0,1,0,12,0,0,,0,1,12,-100.0
cost for an attorney,/states/oklahoma-lawyer-costs,0,1,0,72,0,0,,0,1,72,-100.0
cost for an attorney,/states/wisconsin-lawyer-costs,0,1,0,9,0,0,,0,1,9,-100.0
cost for attorney,/pages/how-much-does-a-lawyer-cost,0,1,0,91,0,0,,0,0,,
cost for attorney,/states/california-lawyer-costs,0,1,0,68,0,0,,0,0,,
cost for attorney,/states/colorado-lawyer-costs,0,1,0,27,0,0,,0,0,,
cost for dui lawyer,/pages/dui-lawyer-cost,0,1,0,76,0,1,76,0,0,,
cost for elder law attorney,/states/alaska-lawyer-costs,0,1,0,72,0,0,,0,1,72,-100.0
cost for elder law attorney,/states/colorado-lawyer-costs,0,1,0,48,0,0,,0,0,,
cost for lawyer,/,0,1,0,93,0,0,,0,1,93,-100.0
cost for lawyer,/pages/how-much-does-a-lawyer-cost,0,1,0,87,0,1,87,0,0,,
cost for lawyer,/states/kansas-lawyer-costs,0,1,0,11,0,0,,0,1,11,-100.0
cost for lawyer,/states/massachusetts-lawyer-costs,0,1,0,93,0,0,,0,1,93,-100.0
cost for lawyer,/states/north-carolina-lawyer-costs,0,1,0,88,0,0,,0,1,88,-100.0
cost for lawyer,/states/oklahoma-lawyer-costs,0,1,0,87,0,0,,0,0,,
cost for lawyer,/states/pennsylvania-lawyer-costs,0,1,0,10,0,0,,0,1,10,-100.0
cost for lawyer,/states/tennessee-lawyer-costs,0,1,0,96,0,0,,0,1,96,-100.0
cost for lawyer consultation,/states/new-york-lawyer-costs,0,1,0,42,0,0,,0,0,,
cost for legal advice,/states/kentucky-lawyer-costs,0,1,0,76,0,0,,0,1,76,-100.0
cost for legal advice,/states/south-carolina-lawyer-costs,0,1,0,10,0,0,,0,1,10,-100.0
cost lawyer,/states/louisiana-lawyer-costs,0,1,0,69,0,1,69,0,0,,
cost lawyer,/states/mississippi-lawyer-costs,0,1,0,63,0,1,63,0,0,,
cost lawyer,/states/new-jersey-lawyer-costs,0,1,0,2,0,1,2,0,0,,
cost lawyer,/states/oklahoma-lawyer-costs,0,1,0,66,0,1,66,0,0,,
cost lawyer,/states/west-virginia-lawyer-costs,0,1,0,31,0,1,31,0,0,,
cost lawyer,/states/wisconsin-lawyer-costs,0,1,0,52,0,1,52,0,0,,
cost of a criminal defense lawyer,/states/new-york-lawyer-costs,0,1,0,32,0,0,,0,1,32,-100.0
cost of a criminal lawyer,/pages/criminal-defense-lawyer-cost,0,1,0,62,0,0,,0,1,62,-100.0
cost of a defense attorney,/states/new-york-lawyer-costs,0,1,0,53,0,1,53,0,0,,
cost of a family lawyer,/states/new-york-lawyer-costs,0,1,0,92,0,0,,0,1,92,-100.0
cost of a lawyer,/,0,1,0,43,0,0,,0,1,43,-100.0
cost of a lawyer,/states/idaho-lawyer-costs,0,1,0,10,0,0,,0,1,10,-100.0
cost of a lawyer,/states/illinois-lawyer-costs,0,1,0,35,0,1,35,0,0,,
cost of a lawyer,/states/iowa-lawyer-costs,0,1,0,78,0,0,,0,0,,
cost of a lawyer,/states/minnesota-lawyer-costs,0,1,0,12,0,1,12,0,0,,
cost of a lawyer,/states/north-carolina-lawyer-costs,0,1,0,98,0,0,,0,0,,
cost of a lawyer,/states/south-dakota-lawyer-costs,0,1,0,4,0,1,4,0,0,,
cost of a lawyer for a dui,/pages/dui-lawyer-cost,0,1,0,62,0,1,62,0,0,,
cost of a lawyer for a dui,/states/new-york-lawyer-costs,0,1,0,58,0,0,,0,1,58,-100.0
cost of a lawyer for a small business,/pages/business-lawyer-cost,0,1,0,85,0,1,85,0,0,,
cost of a lawyer for divorce,/states/south-dakota-lawyer-costs,0,1,0,11,0,0,,0,1,11,-100.0
cost of a lawyer per hour,/pages/how-much-does-a-lawyer-cost,0,1,0,83,0,0,,0,0,,
cost of a lawyer per hour,/states/alabama-lawyer-costs,0,1,0,10,0,0,,0,1,10,-100.0
cost of a lawyer per hour,/states/alaska-lawyer-costs,0,1,0,6,0,0,,0,1,6,-100.0
cost of a lawyer per hour,/states/indiana-lawyer-costs,0,1,0,12,0,0,,0,0,,
cost of a lawyer per hour,/states/nebraska-lawyer-costs,0,1,0,12,0,0,,0,0,,
cost of a lawyer per hour,/states/south-dakota-lawyer-costs,0,1,0,7,0,1,7,0,0,,
cost of a lawyer per hour,/states/utah-lawyer-costs,0,1,0,10,0,1,10,0,0,,
cost of a tax attorney,/states/new-york-lawyer-costs,0,1,0,85,0,0,,0,0,,
cost of advocate,/states/utah-lawyer-costs,0,1,0,89,0,1,89,0,0,,
cost of advocate,/states/wisconsin-lawyer-costs,0,1,0,65,0,1,65,0,0,,
cost of an attorney,/states/alabama-lawyer-costs,0,1,0,61,0,0,,0,0,,
cost of an attorney,/states/kentucky-lawyer-costs,0,1,0,12,0,0,,0,1,12,-100.0
cost of an attorney,/states/mississippi-lawyer-costs,0,1,0,10,0,1,10,0,0,,
cost of an attorney,/states/new-jersey-lawyer-costs,0,1,0,9,0,0,,0,1,9,-100.0
cost of an attorney,/states/north-carolina-lawyer-costs,0,1,0,89,0,0,,0,0,,
cost of an attorney,/states/north-dakota-lawyer-costs,0,1,0,10,0,1,10,0,0,,
cost of an attorney,/states/oklahoma-lawyer-costs,0,1,0,65,0,0,,0,1,65,-100.0
cost of an attorney,/states/pennsylvania-lawyer-costs,0,1,0,12,0,1,12,0,0,,
cost of an attorney,/states/virginia-lawyer-costs,0,1,0,92,0,0,,0,0,,
cost of an attorney,/states/west-virginia-lawyer-costs,0,1,0,35,0,1,35,0,0,,
cost of an estate planner,/pages/estate-planning-lawyer-cost,0,1,0,51,0,1,51,0,0,,
cost of attorney,/pages/how-much-does-a-lawyer-cost,0,1,0,88,0,1,88,0,0,,
cost of attorney,/states/alabama-lawyer-costs,0,1,0,5,0,1,5,0,0,,
cost of attorney,/states/california-lawyer-costs,0,1,0,9,0,1,9,0,0,,
cost of attorney,/states/florida-lawyer-costs,0,1,0,15,0,0,,0,0,,
cost of attorney,/states/missouri-lawyer-costs,0,1,0,34,0,0,,0,1,34,-100.0
cost of attorney,/states/north-carolina-lawyer-costs,0,1,0,10,0,0,,0,1,10,-100.0
cost of attorney,/states/south-dakota-lawyer-costs,0,1,0,9,0,0,,0,1,9,-100.0
cost of attorney,/states/tennessee-lawyer-costs,0,1,0,92,0,0,,0,1,92,-100.0
cost of attorney,/states/utah-lawyer-costs,0,1,0,1,0,0,,0,1,1,-100.0
cost of attorney,/states/virginia-lawyer-costs,0,1,0,88,0,0,,0,0,,
cost of attorney,/states/wisconsin-lawyer-costs,0,1,0,85,0,0,,0,1,85,-100.0
cost of attorneys,/states/indiana-lawyer-costs,0,1,0,95,0,0,,0,0,,
cost of attorneys,/states/kansas-lawyer-costs,0,1,0,10,0,1,10,0,0,,
cost of attorneys,/states/kentucky-lawyer-costs,0,1,0,87,0,0,,0,1,87,-100.0
cost of attorneys,/states/tennessee-lawyer-costs,0,1,0,97,0,1,97,0,0,,
cost of bankruptcy attorney,/pages/bankruptcy-lawyer-cost,0,1,0,94,0,0,,0,0,,
cost of business lawyer,/states/new-york-lawyer-costs,0,1,0,16,0,1,16,0,0,,
cost of business lawyer,/states/ohio-lawyer-costs,0,1,0,1,0,1,1,0,0,,
cost of consultation with lawyer,/pages/how-much-does-a-lawyer-cost,0,1,0,55,0,0,,0,0,,
cost of criminal defense attorney,/states/oklahoma-lawyer-costs,0,1,0,8,0,1,8,0,0,,
cost of criminal defense attorney,/states/south-carolina-lawyer-costs,0,1,0,11,0,0,,0,1,11,-100.0
cost of criminal defense lawyer,/states/south-carolina-lawyer-costs,0,1,0,10,0,1,10,0,0,,
cost of criminal lawyer,/pages/criminal-defense-lawyer-cost,0,1,0,99,0,1,99,0,0,,
cost of criminal lawyer,/states/colorado-lawyer-costs,0,1,0,32,0,0,,0,0,,
cost of defense attorney,/pages/criminal-defense-lawyer-cost,0,1,0,39,0,0,,0,1,39,-100.0
cost of defense attorney,/states/alabama-lawyer-costs,0,1,0,12,0,1,12,0,0,,
cost of defense attorney,/states/kansas-lawyer-costs,0,1,0,9,0,1,9,0,0,,
cost of defense attorney,/states/utah-lawyer-costs,0,1,0,10,0,1,10,0,0,,
cost of defense attorney,/states/wisconsin-lawyer-costs,0,1,0,12,0,1,12,0,0,,
cost of divorce in arkansas,/states/arkansas-lawyer-costs,0,1,0,72,0,1,72,0,0,,
cost of divorce in delaware,/states/delaware-lawyer-costs,0,1,0,5,0,1,5,0,0,,
cost of divorce in nd,/states/north-dakota-lawyer-costs,0,1,0,85,0,0,,0,1,85,-100.0
cost of divorce in oregon,/states/oregon-lawyer-costs,0,1,0,87,0,0,,0,1,87,-100.0
cost of divorce in south carolina,/states/south-carolina-lawyer-costs,0,1,0,97,0,0,,0,1,97,-100.0
cost of divorce lawyer,/states/south-dakota-lawyer-costs,0,1,0,11,0,1,11,0,0,,
cost of dui lawyer,/pages/dui-lawyer-cost,0,1,0,72,0,0,,0,1,72,-100.0
cost of employment attorney,/pages/employment-lawyer-cost,0,1,0,55,0,0,,0,1,55,-100.0
cost of family court lawyer,/states/delaware-lawyer-costs,0,1,0,10,0,1,10,0,0,,
cost of family court lawyer,/states/kentucky-lawyer-costs,0,1,0,7,0,1,7,0,0,,
cost of family court lawyer,/states/new-mexico-lawyer-costs,0,1,0,8,0,0,,0,1,8,-100.0
cost of family law attorney,/states/maryland-lawyer-costs,0,1,0,3,0,1,3,0,0,,
cost of hiring a lawyer,/states/colorado-lawyer-costs,0,1,0,10,0,1,10,0,0,,
cost of hiring a lawyer,/states/new-york-lawyer-costs,0,1,0,57,0,0,,0,0,,
cost of lawyer,/states/alabama-lawyer-costs,0,1,0,8,0,0,,0,1,8,-100.0
cost of lawyer,/states/alaska-lawyer-costs,0,1,0,12,0,0,,0,1,12,-100.0
cost of lawyer,/states/florida-lawyer-costs,0,1,0,91,0,0,,0,0,,
cost of lawyer,/states/idaho-lawyer-costs,0,1,0,4,0,1,4,0,0,,
cost of lawyer,/states/kansas-lawyer-costs,0,1,0,4,0,1,4,0,0,,
cost of lawyer,/states/maine-lawyer-costs,0,1,0,1,0,1,1,0,0,,
cost of lawyer,/states/maryland-lawyer-costs,0,1,0,5,0,1,5,0,0,,
cost of lawyer,/states/michigan-lawyer-costs,0,1,0,1,0,1,1,0,0,,
cost of lawyer,/states/new-york-lawyer-costs,0,1,0,25,0,0,,0,1,25,-100.0
cost of lawyer,/states/oklahoma-lawyer-costs,0,1,0,61,0,0,,0,1,61,-100.0
cost of lawyer,/states/south-dakota-lawyer-costs,0,1,0,6,0,0,,0,1,6,-100.0
cost of lawyer,/states/virginia-lawyer-costs,0,1,0,88,0,0,,0,0,,
cost of lawyer consultation,/,0,1,0,80,0,1,80,0,0,,
cost of lawyer consultation,/states/arizona-lawyer-costs,0,1,0,1,0,0,,0,1,1,-100.0
cost of lawyer consultation,/states/north-carolina-lawyer-costs,0,1,0,99,0,0,,0,1,99,-100.0
cost of lawyer consultation,/states/pennsylvania-lawyer-costs,0,1,0,12,0,1,12,0,0,,
cost of lawyer for dui,/states/new-york-lawyer-costs,0,1,0,70,0,0,,0,1,70,-100.0
cost of lawyer for small claims,/states/new-york-lawyer-costs,0,1,0,16,0,1,16,0,0,,
cost of lawyer for small claims court,/states/new-york-lawyer-costs,0,1,0,18,0,1,18,0,0,,
cost of lawyer per hour,/states/colorado-lawyer-costs,0,1,0,25,0,0,,0,0,,
cost of lawyer per hour,/states/idaho-lawyer-costs,0,1,0,9,0,1,9,0,0,,
cost of lawyer per hour,/states/minnesota-lawyer-costs,0,1,0,10,0,0,,0,1,10,-100.0
cost of lawyer per hour,/states/north-dakota-lawyer-costs,0,1,0,8,0,0,,0,0,,
cost of lawyer per hour,/states/tennessee-lawyer-costs,0,1,0,5,0,0,,0,0,,
cost of lawyer per hour,/states/washington-lawyer-costs,0,1,0,56,0,0,,0,1,56,-100.0
cost of lawyers,/states/california-lawyer-costs,0,1,0,96,0,0,,0,0,,
cost of lawyers,/states/delaware-lawyer-costs,0,1,0,9,0,1,9,0,0,,
cost of lawyers,/states/florida-lawyer-costs,0,1,0,72,0,0,,0,0,,
cost of lawyers,/states/illinois-lawyer-costs,0,1,0,86,0,1,86,0,0,,
cost of lawyers,/states/iowa-lawyer-costs,0,1,0,11,0,0,,0,1,11,-100.0
cost of lawyers,/states/kansas-lawyer-costs,0,1,0,11,0,1,11,0,0,,
cost of lawyers,/states/mississippi-lawyer-costs,0,1,0,96,0,0,,0,1,96,-100.0
cost of lawyers,/states/rhode-island-lawyer-costs,0,1,0,5,0,1,5,0,0,,
cost of lawyers,/states/south-carolina-lawyer-costs,0,1,0,91,0,0,,0,0,,
cost of lawyers,/states/tennessee-lawyer-costs,0,1,0,99,0,1,99,0,0,,
cost of lawyers,/states/utah-lawyer-costs,0,1,0,82,0,1,82,0,0,,
cost of lawyers,/states/washington-lawyer-costs,0,1,0,90,0,1,90,0,0,,
cost of lawyers,/states/west-virginia-lawyer-costs,0,1,0,33,0,1,33,0,0,,
cost of lawyers,/states/wisconsin-lawyer-costs,0,1,0,83,0,0,,0,0,,
cost of lawyers per hour,/pages/how-much-does-a-lawyer-cost,0,1,0,89,0,0,,0,1,89,-100.0
cost of lawyers per hour,/states/new-york-lawyer-costs,0,1,0,34,0,0,,0,1,34,-100.0
cost of legal advice,/pages/can-i-afford-a-lawyer,0,1,0,78,0,0,,0,1,78,-100.0
cost of legal advice,/states/indiana-lawyer-costs,0,1,0,99,0,1,99,0,0,,
cost of legal advice,/states/louisiana-lawyer-costs,0,1,0,79,0,1,79,0,0,,
cost of legal advice,/states/mississippi-lawyer-costs,0,1,0,84,0,1,84,0,0,,
cost of legal advice,/states/new-jersey-lawyer-costs,0,1,0,88,0,0,,0,0,,
cost of legal advice,/states/north-carolina-lawyer-costs,0,1,0,79,0,0,,0,1,79,-100.0
cost of legal advice,/states/ohio-lawyer-costs,0,1,0,72,0,0,,0,1,72,-100.0
cost of legal advice,/states/oklahoma-lawyer-costs,0,1,0,88,0,1,88,0,0,,
cost of legal advice,/states/south-dakota-lawyer-costs,0,1,0,11,0,0,,0,1,11,-100.0
cost of legal advice,/states/west-virginia-lawyer-costs,0,1,0,30,0,1,30,0,0,,
cost of legal advice,/states/wisconsin-lawyer-costs,0,1,0,69,0,1,69,0,0,,
cost of legal consultation,/states/pennsylvania-lawyer-costs,0,1,0,15,0,1,15,0,0,,
cost of legal fees,/states/new-york-lawyer-costs,0,1,0,52,0,0,,0,0,,
cost of legal representation,/states/arizona-lawyer-costs,0,1,0,11,0,1,11,0,0,,
cost of legal services,/states/california-lawyer-costs,0,1,0,81,0,0,,0,0,,
cost of legal services,/states/indiana-lawyer-costs,0,1,0,96,0,1,96,0,0,,
cost of legal services,/states/mississippi-lawyer-costs,0,1,0,67,0,1,67,0,0,,
cost of litigation lawyer,/states/california-lawyer-costs,0,1,0,74,0,0,,0,1,74,-100.0
cost of litigation lawyer,/states/south-carolina-lawyer-costs,0,1,0,63,0,0,,0,1,63,-100.0
cost of making a will with a lawyer near me,/states/maryland-lawyer-costs,0,1,0,10,0,1,10,0,0,,
cost of making a will with a lawyer near me,/states/minnesota-lawyer-costs,0,1,0,10,0,1,10,0,0,,
cost of probate in minnesota,/states/minnesota-lawyer-costs,0,1,0,49,0,0,,0,1,49,-100.0
cost of simple will near me,/states/west-virginia-lawyer-costs,0,1,0,11,0,1,11,0,0,,
cost of succession in louisiana,/states/louisiana-lawyer-costs,0,1,0,1,0,1,1,0,0,,
cost real estate attorney,/pages/real-estate-lawyer-cost,0,1,0,45,0,1,45,0,0,,
cost to become a lawyer,/pages/how-much-does-a-lawyer-cost,0,1,0,86,0,0,,0,1,86,-100.0
cost to hire a lawyer,/pages/can-i-afford-a-lawyer,0,1,0,95,0,0,,0,1,95,-100.0
cost to hire a lawyer,/states/colorado-lawyer-costs,0,1,0,12,0,1,12,0,0,,
cost to hire a lawyer,/states/indiana-lawyer-costs,0,1,0,88,0,0,,0,0,,
cost to hire a lawyer,/states/new-jersey-lawyer-costs,0,1,0,4,0,1,4,0,0,,
cost to hire a lawyer,/states/utah-lawyer-costs,0,1,0,9,0,0,,0,1,9,-100.0
cost?,/states/alabama-lawyer-costs,0,1,0,1,0,1,1,0,0,,
coste abogado,/states/new-york-lawyer-costs,0,1,0,48,0,0,,0,1,48,-100.0
costs,/pages/employment-lawyer-cost,0,1,0,2,0,1,2,0,0,,
costs consultant,/contact,0,1,0,81,0,1,81,0,0,,
costs consultant,/pages/lawyer-consultation-fee,0,1,0,100,0,0,,0,0,,
costs draughtsman,/states/wisconsin-lawyer-costs,0,1,0,95,0,1,95,0,0,,
costs law sa,/states/south-carolina-lawyer-costs,0,1,0,45,0,0,,0,0,,
costs lawyer,/states/new-york-lawyer-costs,0,1,0,16,0,0,,0,0,,
costs lawyer,/states/west-virginia-lawyer-costs,0,1,0,75,0,0,,0,1,75,-100.0
costs lawyer,/states/wisconsin-lawyer-costs,0,1,0,98,0,0,,0,1,98,-100.0
costs lawyers,/states/wisconsin-lawyer-costs,0,1,0,100,0,1,100,0,0,,
costs solicitors,/states/california-lawyer-costs,0,1,0,39,0,0,,0,1,39,-100.0
costs solicitors,/states/massachusetts-lawyer-costs,0,1,0,28,0,0,,0,1,28,-100.0
counsel fee,/states/kentucky-lawyer-costs,0,1,0,81,0,0,,0,1,81,-100.0
counsel fee,/states/mississippi-lawyer-costs,0,1,0,80,0,1,80,0,0,,
court fee calculator,/pages/legal-fee-calculator,0,1,0,60,0,0,,0,0,,
court guideline rates,/states/alabama-lawyer-costs,0,1,0,55,0,0,,0,1,55,-100.0
court guideline rates,/states/mississippi-lawyer-costs,0,1,0,68,0,1,68,0,0,,
court guideline rates,/states/new-york-lawyer-costs,0,1,0,15,0,1,15,0,0,,
court hourly rates,/states/connecticut-lawyer-costs,0,1,0,76,0,0,,0,0,,
creating a trust in maryland,/states/maryland-lawyer-costs,0,1,0,2,0,1,2,0,0,,
criminal,/states/louisiana-lawyer-costs,0,1,0,7,0,1,7,0,0,,
criminal attorney bucks county pa,/states/pennsylvania-lawyer-costs,0,1,0,8,0,1,8,0,0,,
criminal attorney chicago,/states/illinois-lawyer-costs,0,1,0,2,0,1,2,0,0,,
criminal attorney fees,/states/oklahoma-lawyer-costs,0,1,0,10,0,1,10,0,0,,
criminal attorney monmouth county nj,/states/new-jersey-lawyer-costs,0,1,0,10,0,1,10,0,0,,
criminal attorney new jersey,/states/new-jersey-lawyer-costs,0,1,0,3,0,0,,0,1,3,-100.0
criminal attorney nyc,/states/new-york-lawyer-costs,0,1,0,5,0,1,5,0,0,,
criminal attorney pittsburgh,/states/pennsylvania-lawyer-costs,0,1,0,3,0,1,3,0,0,,
criminal attorney scottsdale,/states/arizona-lawyer-costs,0,1,0,3,0,1,3,0,0,,
criminal attorney york pa,/states/pennsylvania-lawyer-costs,0,1,0,3,0,1,3,0,0,,
criminal attorneys in new jersey,/states/new-jersey-lawyer-costs,0,1,0,9,0,1,9,0,0,,
criminal attorneys in west virginia,/states/west-virginia-lawyer-costs,0,1,0,3,0,1,3,0,0,,
criminal case lawyer fee,/states/colorado-lawyer-costs,0,1,0,11,0,0,,0,0,,
criminal case lawyer fees,/states/massachusetts-lawyer-costs,0,1,0,8,0,0,,0,1,8,-100.0
criminal defence lawyer cost,/states/mississippi-lawyer-costs,0,1,0,9,0,0,,0,1,9,-100.0
criminal defense,/states/montana-lawyer-costs,0,1,0,9,0,1,9,0,0,,
criminal defense,/states/vermont-lawyer-costs,0,1,0,2,0,1,2,0,0,,
criminal defense attorney,/states/new-york-lawyer-costs,0,1,0,2,0,1,2,0,0,,
criminal defense attorney,/states/tennessee-lawyer-costs,0,1,0,2,0,1,2,0,0,,
criminal defense attorney allentown pa,/states/pennsylvania-lawyer-costs,0,1,0,3,0,1,3,0,0,,
criminal defense attorney arapahoe county,/states/colorado-lawyer-costs,0,1,0,5,0,1,5,0,0,,
criminal defense attorney aurora colorado,/states/colorado-lawyer-costs,0,1,0,5,0,0,,0,1,5,-100.0
criminal defense attorney birmingham al,/states/alabama-lawyer-costs,0,1,0,3,0,1,3,0,0,,
"criminal defense attorney birmingham, al",/states/alabama-lawyer-costs,0,1,0,3,0,1,3,0,0,,
criminal defense attorney cleveland,/states/ohio-lawyer-costs,0,1,0,3,0,1,3,0,0,,
criminal defense attorney columbus ohio,/states/ohio-lawyer-costs,0,1,0,3,0,1,3,0,0,,
criminal defense attorney cost,/states/new-hampshire-lawyer-costs,0,1,0,10,0,0,,0,1,10,-100.0
criminal defense attorney cost,/states/new-mexico-lawyer-costs,0,1,0,10,0,1,10,0,0,,
criminal defense attorney cost,/states/oregon-lawyer-costs,0,1,0,41,0,0,,0,0,,
criminal defense attorney cost,/states/wisconsin-lawyer-costs,0,1,0,1,0,1,1,0,0,,
criminal defense attorney cost new jersey,/states/new-jersey-lawyer-costs,0,1,0,67,0,0,,0,1,67,-100.0
criminal defense attorney easton pa,/states/pennsylvania-lawyer-costs,0,1,0,7,0,1,7,0,0,,
criminal defense attorney elizabethtown ky,/states/kentucky-lawyer-costs,0,1,0,3,0,1,3,0,0,,
criminal defense attorney fees,/states/alabama-lawyer-costs,0,1,0,15,0,1,15,0,0,,
criminal defense attorney fees,/states/oregon-lawyer-costs,0,1,0,32,0,0,,0,1,32,-100.0
criminal defense attorney fees texas,/states/texas-lawyer-costs,0,1,0,85,0,0,,0,0,,
criminal defense attorney fort collins,/states/colorado-lawyer-costs,0,1,0,6,0,1,6,0,0,,
criminal defense attorney gulfport ms,/states/mississippi-lawyer-costs,0,1,0,4,0,1,4,0,0,,
criminal defense attorney harrisburg pa,/states/pennsylvania-lawyer-costs,0,1,0,2,0,1,2,0,0,,
criminal defense attorney houston,/states/texas-lawyer-costs,0,1,0,3,0,1,3,0,0,,
criminal defense attorney huntsville al,/states/alabama-lawyer-costs,0,1,0,3,0,1,3,0,0,,
criminal defense attorney in pennsylvania,/states/pennsylvania-lawyer-costs,0,1,0,3,0,1,3,0,0,,
criminal defense attorney jackson tn,/states/tennessee-lawyer-costs,0,1,0,4,0,0,,0,1,4,-100.0
criminal defense attorney johnson city tn,/states/tennessee-lawyer-costs,0,1,0,4,0,0,,0,1,4,-100.0
criminal defense attorney jonesboro ar,/states/arkansas-lawyer-costs,0,1,0,3,0,0,,0,1,3,-100.0
criminal defense attorney joplin mo,/states/missouri-lawyer-costs,0,1,0,8,0,1,8,0,0,,
criminal defense attorney ky,/states/kentucky-lawyer-costs,0,1,0,3,0,0,,0,1,3,-100.0
criminal defense attorney lebanon pa,/states/pennsylvania-lawyer-costs,0,1,0,3,0,1,3,0,0,,
criminal defense attorney memphis,/states/tennessee-lawyer-costs,0,1,0,4,0,0,,0,1,4,-100.0
criminal defense attorney memphis tn,/states/tennessee-lawyer-costs,0,1,0,3,0,0,,0,1,3,-100.0
criminal defense attorney mesa az,/states/arizona-lawyer-costs,0,1,0,3,0,1,3,0,0,,
criminal defense attorney morristown tn,/states/tennessee-lawyer-costs,0,1,0,3,0,1,3,0,0,,
criminal defense attorney new jersey,/states/new-jersey-lawyer-costs,0,1,0,3,0,1,3,0,0,,
criminal defense attorney nyc,/states/new-york-lawyer-costs,0,1,0,3,0,1,3,0,0,,
criminal defense attorney pierce county,/states/washington-lawyer-costs,0,1,0,3,0,1,3,0,0,,
criminal defense attorney price,/states/connecticut-lawyer-costs,0,1,0,10,0,0,,0,1,10,-100.0
criminal defense attorney prices,/states/massachusetts-lawyer-costs,0,1,0,12,0,1,12,0,0,,
criminal defense attorney reading pa,/states/pennsylvania-lawyer-costs,0,1,0,3,0,1,3,0,0,,
criminal defense attorney retainer fee,/states/south-carolina-lawyer-costs,0,1,0,5,0,0,,0,0,,
criminal defense attorney south jersey,/states/new-jersey-lawyer-costs,0,1,0,3,0,1,3,0,0,,
criminal defense attorney st charles mo,/states/missouri-lawyer-costs,0,1,0,4,0,1,4,0,0,,
criminal defense attorney tucson,/states/arizona-lawyer-costs,0,1,0,3,0,0,,0,1,3,-100.0
criminal defense attorney washington pa,/states/pennsylvania-lawyer-costs,0,1,0,7,0,1,7,0,0,,
criminal defense attorney wilkes barre pa,/states/pennsylvania-lawyer-costs,0,1,0,4,0,1,4,0,0,,
criminal defense attorneys fees,/states/missouri-lawyer-costs,0,1,0,17,0,0,,0,1,17,-100.0
criminal defense attorneys in tennessee,/states/tennessee-lawyer-costs,0,1,0,3,0,1,3,0,0,,
criminal defense lawyer cost,/pages/criminal-defense-lawyer-cost,0,1,0,57,0,0,,0,1,57,-100.0
criminal defense lawyer cost,/states/alabama-lawyer-costs,0,1,0,10,0,1,10,0,0,,
criminal defense lawyer cost,/states/north-dakota-lawyer-costs,0,1,0,11,0,0,,0,0,,
criminal defense lawyer cost,/states/ohio-lawyer-costs,0,1,0,10,0,1,10,0,0,,
criminal defense lawyer erie pa,/states/pennsylvania-lawyer-costs,0,1,0,8,0,1,8,0,0,,
criminal defense lawyer hourly rate,/states/new-mexico-lawyer-costs,0,1,0,10,0,0,,0,0,,
criminal defense lawyer price,/states/colorado-lawyer-costs,0,1,0,11,0,0,,0,1,11,-100.0
criminal defense lawyer springfield mo,/states/missouri-lawyer-costs,0,1,0,2,0,0,,0,0,,
criminal defense lawyers,/states/arkansas-lawyer-costs,0,1,0,3,0,0,,0,1,3,-100.0
criminal defense lawyers pittsburgh pa,/states/pennsylvania-lawyer-costs,0,1,0,3,0,1,3,0,0,,
criminal law attorneys near me,/pages/criminal-defense-lawyer-cost,0,1,0,4,0,1,4,0,0,,
criminal lawyer atlanta ga,/states/georgia-lawyer-costs,0,1,0,2,0,1,2,0,0,,
criminal lawyer augusta ga,/states/georgia-lawyer-costs,0,1,0,5,0,1,5,0,0,,
criminal lawyer chicago,/states/illinois-lawyer-costs,0,1,0,2,0,1,2,0,0,,
criminal lawyer cost,/pages/criminal-defense-lawyer-cost,0,1,0,53,0,0,,0,1,53,-100.0
criminal lawyer costs,/states/ohio-lawyer-costs,0,1,0,10,0,1,10,0,0,,
criminal lawyer dalton ga,/states/georgia-lawyer-costs,0,1,0,8,0,1,8,0,0,,
criminal lawyer denver,/states/colorado-lawyer-costs,0,1,0,2,0,1,2,0,0,,
criminal lawyer fees,/states/minnesota-lawyer-costs,0,1,0,43,0,0,,0,0,,
criminal lawyer in virginia,/states/virginia-lawyer-costs,0,1,0,2,0,0,,0,1,2,-100.0
criminal lawyer near me,/pages/criminal-defense-lawyer-cost,0,1,0,2,0,1,2,0,0,,
criminal lawyer nj,/states/new-jersey-lawyer-costs,0,1,0,2,0,0,,0,1,2,-100.0
criminal lawyers chicago,/states/illinois-lawyer-costs,0,1,0,2,0,1,2,0,0,,
criminal lawyers connecticut,/states/connecticut-lawyer-costs,0,1,0,3,0,1,3,0,0,,
criminal lawyers delaware,/states/delaware-lawyer-costs,0,1,0,2,0,0,,0,1,2,-100.0
criminal lawyers denver,/states/colorado-lawyer-costs,0,1,0,2,0,1,2,0,0,,
criminal lawyers detroit,/states/michigan-lawyer-costs,0,1,0,4,0,1,4,0,0,,
criminal lawyers fees,/states/new-york-lawyer-costs,0,1,0,21,0,1,21,0,0,,
criminal lawyers in colorado,/states/colorado-lawyer-costs,0,1,0,3,0,1,3,0,0,,
criminal lawyers in jackson tn,/states/tennessee-lawyer-costs,0,1,0,2,0,1,2,0,0,,
criminal lawyers in jonesboro ar,/states/arkansas-lawyer-costs,0,1,0,2,0,1,2,0,0,,
"criminal lawyers in jonesboro, ar",/states/arkansas-lawyer-costs,0,1,0,3,0,1,3,0,0,,
"criminal lawyers in lafayette, la",/states/louisiana-lawyer-costs,0,1,0,4,0,1,4,0,0,,
"criminal lawyers in lancaster, pa",/states/pennsylvania-lawyer-costs,0,1,0,4,0,1,4,0,0,,
criminal lawyers in new jersey,/states/new-jersey-lawyer-costs,0,1,0,3,0,0,,0,1,3,-100.0
criminal lawyers in utah,/states/utah-lawyer-costs,0,1,0,2,0,0,,0,0,,
criminal lawyers in wilmington delaware,/states/delaware-lawyer-costs,0,1,0,3,0,1,3,0,0,,
criminal lawyers liverpool,/pages/criminal-defense-lawyer-cost,0,1,0,4,0,1,4,0,0,,
criminal lawyers macon ga,/states/georgia-lawyer-costs,0,1,0,2,0,1,2,0,0,,
criminal lawyers media pa,/states/pennsylvania-lawyer-costs,0,1,0,4,0,1,4,0,0,,
criminal lawyers nashville,/states/tennessee-lawyer-costs,0,1,0,2,0,1,2,0,0,,
criminal lawyers perth scotland,/pages/criminal-defense-lawyer-cost,0,1,0,3,0,1,3,0,0,,
criminal lawyers pittsburgh,/states/pennsylvania-lawyer-costs,0,1,0,2,0,1,2,0,0,,
criminal lawyers st louis,/states/missouri-lawyer-costs,0,1,0,3,0,1,3,0,0,,
criminal lawyers york pa,/states/pennsylvania-lawyer-costs,0,1,0,2,0,1,2,0,0,,
criminal lawyers youngstown ohio,/states/ohio-lawyer-costs,0,1,0,4,0,1,4,0,0,,
criminal virginia,/states/virginia-lawyer-costs,0,1,0,3,0,1,3,0,0,,
ct attorney,/states/connecticut-lawyer-costs,0,1,0,3,0,1,3,0,0,,
ct client security fund fee,/states/connecticut-lawyer-costs,0,1,0,19,0,1,19,0,0,,
ct lawyer,/states/connecticut-lawyer-costs,0,1,0,3,0,0,,0,1,3,-100.0
ct real estate attorney,/states/connecticut-lawyer-costs,0,1,0,2,0,1,2,0,0,,
cual es su tarifa,/states/delaware-lawyer-costs,0,1,0,5,0,1,5,0,0,,
cuanto cobran ?,/states/new-jersey-lawyer-costs,0,1,0,2,0,0,,0,1,2,-100.0
current consultation fees,/states/maryland-lawyer-costs,0,1,0,11,0,1,11,0,0,,
custody lawyer cost,/states/arkansas-lawyer-costs,0,1,0,11,0,1,11,0,0,,
custody lawyer cost,/states/south-dakota-lawyer-costs,0,1,0,9,0,0,,0,1,9,-100.0
custody lawyers clarksville tn,/states/tennessee-lawyer-costs,0,1,0,2,0,1,2,0,0,,
custody lawyers new orleans,/states/louisiana-lawyer-costs,0,1,0,2,0,0,,0,1,2,-100.0
daca lawyers near me,/pages/immigration-lawyer-cost,0,1,0,2,0,1,2,0,0,,
dalal and mehta law,/pages/immigration-lawyer-cost,0,1,0,4,0,1,4,0,0,,
darlington county sc,/states/south-carolina-lawyer-costs,0,1,0,11,0,1,11,0,0,,
davis and associates immigration law firm,/pages/immigration-lawyer-cost,0,1,0,5,0,1,5,0,0,,
dayan law nyc,/states/new-york-lawyer-costs,0,1,0,4,0,1,4,0,0,,
defense attorney colorado springs,/states/colorado-lawyer-costs,0,1,0,5,0,1,5,0,0,,
defense attorney cost,/states/arizona-lawyer-costs,0,1,0,50,0,0,,0,1,50,-100.0
defense attorney cost,/states/connecticut-lawyer-costs,0,1,0,11,0,1,11,0,0,,
defense attorney cost,/states/idaho-lawyer-costs,0,1,0,8,0,1,8,0,0,,
defense attorney cost,/states/kansas-lawyer-costs,0,1,0,9,0,1,9,0,0,,
defense attorney cost,/states/kentucky-lawyer-costs,0,1,0,8,0,1,8,0,0,,
defense attorney cost,/states/louisiana-lawyer-costs,0,1,0,10,0,1,10,0,0,,
defense attorney cost,/states/massachusetts-lawyer-costs,0,1,0,9,0,1,9,0,0,,
defense attorney cost,/states/nevada-lawyer-costs,0,1,0,10,0,0,,0,1,10,-100.0
defense attorney cost,/states/new-hampshire-lawyer-costs,0,1,0,10,0,0,,0,1,10,-100.0
defense attorney cost,/states/north-dakota-lawyer-costs,0,1,0,6,0,1,6,0,0,,
defense attorney cost,/states/ohio-lawyer-costs,0,1,0,19,0,0,,0,1,19,-100.0
defense attorney cost,/states/oklahoma-lawyer-costs,0,1,0,11,0,0,,0,1,11,-100.0
defense attorney cost,/states/pennsylvania-lawyer-costs,0,1,0,7,0,1,7,0,0,,
defense attorney cost,/states/tennessee-lawyer-costs,0,1,0,9,0,1,9,0,0,,
defense attorney cost,/states/wisconsin-lawyer-costs,0,1,0,1,0,0,,0,1,1,-100.0
defense attorney delaware,/states/delaware-lawyer-costs,0,1,0,2,0,0,,0,1,2,-100.0
defense attorney fees,/states/georgia-lawyer-costs,0,1,0,9,0,1,9,0,0,,
defense attorney fees,/states/hawaii-lawyer-costs,0,1,0,1,0,0,,0,1,1,-100.0
defense attorney fees,/states/massachusetts-lawyer-costs,0,1,0,9,0,1,9,0,0,,
defense attorney fees,/states/new-york-lawyer-costs,0,1,0,23,0,0,,0,1,23,-100.0
defense attorney fees,/states/ohio-lawyer-costs,0,1,0,12,0,0,,0,1,12,-100.0
defense attorney lincoln ne,/states/nebraska-lawyer-costs,0,1,0,3,0,1,3,0,0,,
defense attorney louisville ky,/states/kentucky-lawyer-costs,0,1,0,3,0,0,,0,1,3,-100.0
defense attorney near me,/states/pennsylvania-lawyer-costs,0,1,0,2,0,1,2,0,0,,
defense attorney philadelphia,/states/pennsylvania-lawyer-costs,0,1,0,3,0,1,3,0,0,,
defense attorney phoenix,/states/arizona-lawyer-costs,0,1,0,2,0,1,2,0,0,,
defense lawyer cost,/states/wisconsin-lawyer-costs,0,1,0,12,0,1,12,0,0,,
define retainer in law,/states/massachusetts-lawyer-costs,0,1,0,3,0,1,3,0,0,,
delaware bar exam cost,/states/delaware-lawyer-costs,0,1,0,42,0,0,,0,1,42,-100.0
detail landlord tenant lawyer fee structures and typical hiring costs,/states/maryland-lawyer-costs,0,1,0,8,0,1,8,0,0,,
dfw lawyers,/states/texas-lawyer-costs,0,1,0,6,0,1,6,0,0,,
difference in lawyer fees based on criminal case complexity during investigation stage -filetype:txt -filetype:pdf -filetype:epub -filetype:doc -filetype:docx -filetype:xls -filetype:xlsx -filetype:ppt -filetype:csv -site:youtube.com -site:tiktok.com -site:instagram.com -site:ebay.com -site:jd.com -site:amazon.com -site:iqiyi.com -site:bilibili.com -site:t.me -site:douyin.com -site:douban.com -site:apple.com -site:reddit.com -site:researchgate.net -site:academia.edu -site:dokumen.pub -site:en.wikipedia.org -site:quora.com -site:sciencedirect.com -site:cambridge.org -site:mdpi.com -site:link.springer.com -site:zhuanlan.zhihu.com -site:journals.sagepub.com -site:imdb.com -site:tandfonline.com -site:onlinelibrary.wiley.com -site:brill.com -site:getyourguide.com -site:academic.oup.com -site:www.emerald.com -site:eresources.nlb.gov.sg -site:www.govinfo.gov,/states/colorado-lawyer-costs,0,1,0,27,0,0,,0,0,,
disbursement fee lawyer,/states/missouri-lawyer-costs,0,1,0,49,0,1,49,0,0,,
discount lawyers,/states/oregon-lawyer-costs,0,1,0,120,0,1,120,0,0,,
district court lawyer fees,/states/maryland-lawyer-costs,0,1,0,10,0,0,,0,1,10,-100.0
divorce attorney fees massachusetts,/states/massachusetts-lawyer-costs,0,1,0,46,0,0,,0,0,,
divorce attorney jonesboro ar,/states/arkansas-lawyer-costs,0,1,0,2,0,1,2,0,0,,
divorce attorney little rock,/states/arkansas-lawyer-costs,0,1,0,2,0,1,2,0,0,,
divorce attorney omaha,/states/nebraska-lawyer-costs,0,1,0,2,0,1,2,0,0,,
divorce attorney walla walla,/states/washington-lawyer-costs,0,1,0,2,0,1,2,0,0,,
divorce cost in iowa,/states/iowa-lawyer-costs,0,1,0,93,0,0,,0,0,,
divorce cost in louisiana,/states/louisiana-lawyer-costs,0,1,0,81,0,0,,0,1,81,-100.0
divorce cost in south carolina,/states/south-carolina-lawyer-costs,0,1,0,82,0,0,,0,0,,
divorce cost louisiana,/states/louisiana-lawyer-costs,0,1,0,79,0,0,,0,1,79,-100.0
divorce cost maryland,/states/maryland-lawyer-costs,0,1,0,84,0,1,84,0,0,,
divorce cost minnesota,/states/minnesota-lawyer-costs,0,1,0,77,0,0,,0,1,77,-100.0
divorce cost missouri,/states/missouri-lawyer-costs,0,1,0,90,0,0,,0,1,90,-100.0
divorce in arkansas cost,/states/arkansas-lawyer-costs,0,1,0,66,0,1,66,0,0,,
divorce in idaho cost,/states/idaho-lawyer-costs,0,1,0,68,0,0,,0,1,68,-100.0
divorce in louisiana cost,/states/louisiana-lawyer-costs,0,1,0,90,0,0,,0,0,,
divorce in mn cost,/states/minnesota-lawyer-costs,0,1,0,61,0,0,,0,0,,
divorce lawyer cost,/states/arkansas-lawyer-costs,0,1,0,9,0,1,9,0,0,,
divorce lawyer cost,/states/oregon-lawyer-costs,0,1,0,10,0,1,10,0,0,,
divorce lawyer costs,/states/arkansas-lawyer-costs,0,1,0,12,0,1,12,0,0,,
divorce lawyer costs,/states/north-dakota-lawyer-costs,0,1,0,8,0,1,8,0,0,,
divorce lawyer flat fee,/states/delaware-lawyer-costs,0,1,0,9,0,1,9,0,0,,
divorce lawyer in virginia,/states/virginia-lawyer-costs,0,1,0,2,0,1,2,0,0,,
divorce lawyer rapid city,/states/south-dakota-lawyer-costs,0,1,0,3,0,0,,0,1,3,-100.0
divorce lawyer rates,/states/delaware-lawyer-costs,0,1,0,1,0,0,,0,1,1,-100.0
divorce lawyer rates,/states/iowa-lawyer-costs,0,1,0,12,0,0,,0,1,12,-100.0
divorce lawyers chester va,/states/virginia-lawyer-costs,0,1,0,2,0,1,2,0,0,,
divorce lawyers consultation fee,/pages/divorce-lawyer-cost,0,1,0,46,0,1,46,0,0,,
divorce lawyers harrisonburg va,/states/virginia-lawyer-costs,0,1,0,3,0,1,3,0,0,,
divorce lawyers hilo,/states/hawaii-lawyer-costs,0,1,0,3,0,1,3,0,0,,
divorce lawyers honolulu,/states/hawaii-lawyer-costs,0,1,0,2,0,1,2,0,0,,
divorce lawyers manassas va,/states/virginia-lawyer-costs,0,1,0,3,0,1,3,0,0,,
divorce lawyers omaha,/states/nebraska-lawyer-costs,0,1,0,2,0,1,2,0,0,,
divorce lawyers portland maine,/states/maine-lawyer-costs,0,1,0,2,0,1,2,0,0,,
divorce lawyers washington state,/pages/divorce-lawyer-cost,0,1,0,2,0,1,2,0,0,,
do i have to pay a lawyer upfront,/states/alabama-lawyer-costs,0,1,0,6,0,1,6,0,0,,
do lawyers charge for a consultation,/pages/lawyer-consultation-fee,0,1,0,30,0,1,30,0,0,,
do lawyers charge for legal advice,/states/maryland-lawyer-costs,0,1,0,11,0,1,11,0,0,,
do lawyers have payment plans,/states/minnesota-lawyer-costs,0,1,0,97,0,1,97,0,0,,
do lawyers offer payment plans,/states/minnesota-lawyer-costs,0,1,0,88,0,0,,0,1,88,-100.0
do you have to get a divorce lawyer,/states/kentucky-lawyer-costs,0,1,0,7,0,1,7,0,0,,
do you have to pay for an attorney,/states/new-york-lawyer-costs,0,1,0,73,0,0,,0,1,73,-100.0
do you have to pay for legal aid,/states/florida-lawyer-costs,0,1,0,97,0,1,97,0,0,,
does it cost money to talk to a lawyer,/pages/lawyer-consultation-fee,0,1,0,55,0,0,,0,1,55,-100.0
does the va pay attorney fees,/states/virginia-lawyer-costs,0,1,0,100,0,0,,0,1,100,-100.0
domestic violence lawyer cost,/states/new-york-lawyer-costs,0,1,0,34,0,1,34,0,0,,
domestic violence lawyer fees,/states/new-york-lawyer-costs,0,1,0,65,0,0,,0,1,65,-100.0
"dover, de",/states/delaware-lawyer-costs,0,1,0,9,0,1,9,0,0,,
doyle law lewes de,/states/delaware-lawyer-costs,0,1,0,3,0,1,3,0,0,,
drug crime defense attorney in rhode island,/states/rhode-island-lawyer-costs,0,1,0,6,0,1,6,0,0,,
drug defense lawyers,/states/utah-lawyer-costs,0,1,0,5,0,1,5,0,0,,
dui attorney fees,/pages/dui-lawyer-cost,0,1,0,81,0,1,81,0,0,,
dui attorneys in miami,/pages/criminal-defense-lawyer-cost,0,1,0,1,0,1,1,0,0,,
dui lawyer cost georgia,/states/georgia-lawyer-costs,0,1,0,41,0,0,,0,1,41,-100.0
dui lawyer los angeles cost,/pages/dui-lawyer-cost,0,1,0,1,0,0,,0,1,1,-100.0
dui lawyer price,/pages/dui-lawyer-cost,0,1,0,30,0,1,30,0,0,,
durable power of attorney,/states/south-carolina-lawyer-costs,0,1,0,3,0,1,3,0,0,,
dwi attorney cost,/pages/dui-lawyer-cost,0,1,0,26,0,1,26,0,0,,
dwi lawyer cost,/pages/dui-lawyer-cost,0,1,0,73,0,1,73,0,0,,
east baton rouge,/states/louisiana-lawyer-costs,0,1,0,5,0,1,5,0,0,,
eeoc attorney nyc,/pages/employment-lawyer-cost,0,1,0,2,0,1,2,0,0,,
elder law attorney fees minnesota,/states/minnesota-lawyer-costs,0,1,0,18,0,1,18,0,0,,
elder law flat fee,/states/minnesota-lawyer-costs,0,1,0,90,0,1,90,0,0,,
employment attorney bronx,/pages/employment-lawyer-cost,0,1,0,5,0,1,5,0,0,,
employment attorney ny,/pages/employment-lawyer-cost,0,1,0,3,0,1,3,0,0,,
employment attorney staten island,/pages/employment-lawyer-cost,0,1,0,4,0,1,4,0,0,,
employment attorneys nyc,/pages/employment-lawyer-cost,0,1,0,3,0,0,,0,1,3,-100.0
employment contract solicitors near me,/pages/employment-lawyer-cost,0,1,0,2,0,0,,0,1,2,-100.0
employment law attorney near me,/pages/employment-lawyer-cost,0,1,0,2,0,0,,0,1,2,-100.0
employment law consultant,/pages/employment-lawyer-cost,0,1,0,3,0,0,,0,1,3,-100.0
employment law costs,/pages/employment-lawyer-cost,0,1,0,70,0,1,70,0,0,,
employment lawyer fee,/pages/employment-lawyer-cost,0,1,0,74,0,0,,0,0,,
employment lawyer for business owners,/pages/business-lawyer-cost,0,1,0,2,0,1,2,0,0,,
employment lawyer new york,/pages/employment-lawyer-cost,0,1,0,2,0,1,2,0,0,,
employment lawyer rates,/pages/employment-lawyer-cost,0,1,0,42,0,0,,0,1,42,-100.0
employment lawyer staten island,/pages/employment-lawyer-cost,0,1,0,2,0,1,2,0,0,,
employment lawyers queens,/pages/employment-lawyer-cost,0,1,0,4,0,1,4,0,0,,
employment lawyers staten island,/pages/employment-lawyer-cost,0,1,0,4,0,1,4,0,0,,
employment solicitors nuneaton,/pages/employment-lawyer-cost,0,1,0,2,0,1,2,0,0,,
environmental law,/states/new-jersey-lawyer-costs,0,1,0,3,0,1,3,0,0,,
establish a wyoming trust,/states/wyoming-lawyer-costs,0,1,0,2,0,1,2,0,0,,
estate attorney cost,/pages/estate-planning-lawyer-cost,0,1,0,48,0,1,48,0,0,,
estate attorney cost,/states/maryland-lawyer-costs,0,1,0,100,0,1,100,0,0,,
estate attorney frederick md,/states/maryland-lawyer-costs,0,1,0,2,0,1,2,0,0,,
estate attorney nj,/states/new-jersey-lawyer-costs,0,1,0,2,0,0,,0,1,2,-100.0
"estate attorney somerset, ky",/states/kentucky-lawyer-costs,0,1,0,2,0,1,2,0,0,,
estate attorney springfield ma,/states/massachusetts-lawyer-costs,0,1,0,2,0,1,2,0,0,,
estate lawyer chicago,/states/illinois-lawyer-costs,0,1,0,2,0,1,2,0,0,,
estate lawyer cost,/pages/estate-planning-lawyer-cost,0,1,0,99,0,0,,0,1,99,-100.0
estate lawyer nj,/states/new-jersey-lawyer-costs,0,1,0,2,0,1,2,0,0,,
estate lawyer worcester ma,/states/massachusetts-lawyer-costs,0,1,0,2,0,1,2,0,0,,
estate lawyers baltimore,/states/maryland-lawyer-costs,0,1,0,3,0,1,3,0,0,,
estate lawyers bel air md,/states/maryland-lawyer-costs,0,1,0,2,0,1,2,0,0,,
estate lawyers hagerstown md,/states/maryland-lawyer-costs,0,1,0,2,0,1,2,0,0,,
estate lawyers in maryland,/states/maryland-lawyer-costs,0,1,0,5,0,0,,0,1,5,-100.0
estate lawyers salisbury md,/states/maryland-lawyer-costs,0,1,0,2,0,1,2,0,0,,
"estate lawyers salisbury, md",/states/maryland-lawyer-costs,0,1,0,2,0,1,2,0,0,,
estate planning attorney annapolis,/states/maryland-lawyer-costs,0,1,0,2,0,0,,0,1,2,-100.0
estate planning attorney baltimore,/states/maryland-lawyer-costs,0,1,0,2,0,0,,0,1,2,-100.0
estate planning attorney fee structure,/pages/estate-planning-lawyer-cost,0,1,0,72,0,0,,0,0,,
estate planning attorney frederick md,/states/maryland-lawyer-costs,0,1,0,4,0,0,,0,1,4,-100.0
estate planning attorney gulfport ms,/states/mississippi-lawyer-costs,0,1,0,3,0,1,3,0,0,,
estate planning attorney near me,/states/maine-lawyer-costs,0,1,0,2,0,1,2,0,0,,
estate planning attorneys in nj,/states/new-jersey-lawyer-costs,0,1,0,3,0,1,3,0,0,,
estate planning cost,/states/virginia-lawyer-costs,0,1,0,4,0,0,,0,1,4,-100.0
estate planning delaware,/states/delaware-lawyer-costs,0,1,0,2,0,1,2,0,0,,
estate planning lawyer,/authors/javi-perez/,0,1,0,1,0,0,,0,1,1,-100.0
estate planning lawyer nj,/states/new-jersey-lawyer-costs,0,1,0,3,0,1,3,0,0,,
estimate,/states/massachusetts-lawyer-costs,0,1,0,3,0,1,3,0,0,,
estimate,/states/virginia-lawyer-costs,0,1,0,4,0,1,4,0,0,,
evaluate the legal services company fridman on flat fee legal services,/pages/hourly-vs-flat-fee-lawyer,0,1,0,13,0,1,13,0,0,,
expert legal aid rates,/states/west-virginia-lawyer-costs,0,1,0,11,0,0,,0,1,11,-100.0
explain child custody lawyer selection criteria based on regional fee structures,/states/kansas-lawyer-costs,0,1,0,1,0,1,1,0,0,,
explain child custody lawyer selection criteria based on regional fee structures,/states/massachusetts-lawyer-costs,0,1,0,1,0,1,1,0,0,,
explain landlord tenant attorney fee structures and average costs,/states/arkansas-lawyer-costs,0,1,0,8,0,1,8,0,0,,
explain landlord tenant attorney fee structures and average costs,/states/colorado-lawyer-costs,0,1,0,5,0,1,5,0,0,,
explain landlord tenant attorney fee structures and average costs,/states/connecticut-lawyer-costs,0,1,0,11,0,1,11,0,0,,
explain landlord tenant attorney fee structures and average costs,/states/kansas-lawyer-costs,0,1,0,10,0,1,10,0,0,,
explain landlord tenant attorney fee structures and average costs,/states/kentucky-lawyer-costs,0,1,0,5,0,1,5,0,0,,
explain landlord tenant attorney fee structures and average costs,/states/louisiana-lawyer-costs,0,1,0,7,0,1,7,0,0,,
explain landlord tenant attorney fee structures and average costs,/states/michigan-lawyer-costs,0,1,0,9,0,1,9,0,0,,
family attorney in las vegas,/states/nevada-lawyer-costs,0,1,0,3,0,1,3,0,0,,
family attorney las vegas,/states/nevada-lawyer-costs,0,1,0,3,0,1,3,0,0,,
family attorney lexington ky,/states/kentucky-lawyer-costs,0,1,0,3,0,1,3,0,0,,
family attorney new jersey,/states/new-jersey-lawyer-costs,0,1,0,2,0,0,,0,1,2,-100.0
family court attorney cost,/states/kentucky-lawyer-costs,0,1,0,11,0,1,11,0,0,,
family court lawyer cost,/states/south-carolina-lawyer-costs,0,1,0,10,0,1,10,0,0,,
family court lawyers columbia sc,/states/south-carolina-lawyer-costs,0,1,0,2,0,1,2,0,0,,
family court lawyers cost,/states/oregon-lawyer-costs,0,1,0,11,0,1,11,0,0,,
family court lawyers in ri,/states/rhode-island-lawyer-costs,0,1,0,3,0,0,,0,1,3,-100.0
family court lawyers louisville ky,/states/kentucky-lawyer-costs,0,1,0,2,0,1,2,0,0,,
family law,/states/new-hampshire-lawyer-costs,0,1,0,7,0,1,7,0,0,,
family law attorney auburn wa,/states/washington-lawyer-costs,0,1,0,2,0,1,2,0,0,,
family law attorney bangor maine,/states/maine-lawyer-costs,0,1,0,2,0,1,2,0,0,,
family law attorney beaverton,/states/oregon-lawyer-costs,0,1,0,2,0,1,2,0,0,,
family law attorney bellevue,/states/washington-lawyer-costs,0,1,0,2,0,1,2,0,0,,
family law attorney binghamton ny,/states/new-york-lawyer-costs,0,1,0,2,0,1,2,0,0,,
family law attorney connecticut,/states/connecticut-lawyer-costs,0,1,0,3,0,1,3,0,0,,
family law attorney delaware,/states/delaware-lawyer-costs,0,1,0,2,0,1,2,0,0,,
family law attorney denver,/states/colorado-lawyer-costs,0,1,0,3,0,1,3,0,0,,
family law attorney fees,/states/louisiana-lawyer-costs,0,1,0,9,0,0,,0,1,9,-100.0
family law attorney gallatin tn,/states/tennessee-lawyer-costs,0,1,0,4,0,1,4,0,0,,
family law attorney henderson nv,/states/nevada-lawyer-costs,0,1,0,3,0,1,3,0,0,,
family law attorney hourly rate,/states/arkansas-lawyer-costs,0,1,0,11,0,1,11,0,0,,
family law attorney hourly rate,/states/north-dakota-lawyer-costs,0,1,0,10,0,1,10,0,0,,
family law attorney in new jersey,/states/new-jersey-lawyer-costs,0,1,0,3,0,1,3,0,0,,
family law attorney knoxville tn,/states/tennessee-lawyer-costs,0,1,0,3,0,1,3,0,0,,
family law attorney las vegas nv,/states/nevada-lawyer-costs,0,1,0,3,0,1,3,0,0,,
family law attorney little rock,/states/arkansas-lawyer-costs,0,1,0,4,0,1,4,0,0,,
family law attorney memphis,/states/tennessee-lawyer-costs,0,1,0,2,0,1,2,0,0,,
family law attorney murfreesboro tn,/states/tennessee-lawyer-costs,0,1,0,3,0,1,3,0,0,,
family law attorney nebraska,/states/nebraska-lawyer-costs,0,1,0,2,0,1,2,0,0,,
family law attorney new jersey,/states/new-jersey-lawyer-costs,0,1,0,2,0,0,,0,1,2,-100.0
family law attorney phoenix,/states/arizona-lawyer-costs,0,1,0,2,0,0,,0,1,2,-100.0
family law attorney reno,/states/nevada-lawyer-costs,0,1,0,2,0,1,2,0,0,,
family law attorney salem oregon,/states/oregon-lawyer-costs,0,1,0,4,0,1,4,0,0,,
family law attorney sc,/states/south-carolina-lawyer-costs,0,1,0,2,0,1,2,0,0,,
family law attorney tri cities wa free consultation,/states/washington-lawyer-costs,0,1,0,3,0,1,3,0,0,,
family law attorney tucson,/states/arizona-lawyer-costs,0,1,0,4,0,0,,0,1,4,-100.0
family law attorneys in new orleans louisiana,/states/louisiana-lawyer-costs,0,1,0,5,0,1,5,0,0,,
family law attorneys louisville ky,/states/kentucky-lawyer-costs,0,1,0,3,0,1,3,0,0,,
family law clarksville tn,/states/tennessee-lawyer-costs,0,1,0,3,0,1,3,0,0,,
family law colorado springs,/states/colorado-lawyer-costs,0,1,0,4,0,1,4,0,0,,
family law firms in new jersey,/states/new-jersey-lawyer-costs,0,1,0,2,0,1,2,0,0,,
family law in south carolina,/states/south-carolina-lawyer-costs,0,1,0,3,0,1,3,0,0,,
family law in spokane wa,/states/washington-lawyer-costs,0,1,0,2,0,1,2,0,0,,
family law michigan,/states/michigan-lawyer-costs,0,1,0,2,0,1,2,0,0,,
family law portland,/states/oregon-lawyer-costs,0,1,0,2,0,1,2,0,0,,
family law portland oregon,/states/oregon-lawyer-costs,0,1,0,2,0,1,2,0,0,,
family law salem oregon,/states/oregon-lawyer-costs,0,1,0,3,0,1,3,0,0,,
family law solutions of iowa,/states/iowa-lawyer-costs,0,1,0,5,0,1,5,0,0,,
family lawyer consultation fee,/states/arkansas-lawyer-costs,0,1,0,9,0,1,9,0,0,,
family lawyer consultation fee,/states/mississippi-lawyer-costs,0,1,0,13,0,0,,0,1,13,-100.0
family lawyer cost,/states/vermont-lawyer-costs,0,1,0,12,0,0,,0,1,12,-100.0
family lawyer cost per hour,/states/connecticut-lawyer-costs,0,1,0,12,0,1,12,0,0,,
family lawyer costs,/states/hawaii-lawyer-costs,0,1,0,11,0,0,,0,1,11,-100.0
family lawyer metairie,/states/louisiana-lawyer-costs,0,1,0,2,0,1,2,0,0,,
family lawyer nashville tn,/states/tennessee-lawyer-costs,0,1,0,2,0,1,2,0,0,,
family lawyer new orleans,/states/louisiana-lawyer-costs,0,1,0,2,0,1,2,0,0,,
family lawyer portland,/states/oregon-lawyer-costs,0,1,0,2,0,1,2,0,0,,
family lawyer prices,/states/arkansas-lawyer-costs,0,1,0,9,0,1,9,0,0,,
family lawyer prices,/states/maine-lawyer-costs,0,1,0,9,0,0,,0,1,9,-100.0
family lawyer prices,/states/minnesota-lawyer-costs,0,1,0,11,0,1,11,0,0,,
family lawyer prices,/states/west-virginia-lawyer-costs,0,1,0,11,0,0,,0,1,11,-100.0
family lawyer rates,/states/connecticut-lawyer-costs,0,1,0,13,0,1,13,0,0,,
family lawyer rates,/states/north-dakota-lawyer-costs,0,1,0,8,0,1,8,0,0,,
family lawyer reno nv,/states/nevada-lawyer-costs,0,1,0,4,0,1,4,0,0,,
family lawyer south jersey,/states/new-jersey-lawyer-costs,0,1,0,2,0,0,,0,1,2,-100.0
family lawyers baltimore,/states/maryland-lawyer-costs,0,1,0,2,0,1,2,0,0,,
family lawyers bowling green ky,/states/kentucky-lawyer-costs,0,1,0,7,0,1,7,0,0,,
family lawyers connecticut,/states/connecticut-lawyer-costs,0,1,0,3,0,1,3,0,0,,
family lawyers cost,/states/south-dakota-lawyer-costs,0,1,0,9,0,1,9,0,0,,
family lawyers covington la,/states/louisiana-lawyer-costs,0,1,0,3,0,1,3,0,0,,
family lawyers detroit,/states/michigan-lawyer-costs,0,1,0,3,0,1,3,0,0,,
"family lawyers henderson, ky",/states/kentucky-lawyer-costs,0,1,0,3,0,1,3,0,0,,
family lawyers in cedar rapids iowa,/states/iowa-lawyer-costs,0,1,0,2,0,1,2,0,0,,
family lawyers in columbia sc,/states/south-carolina-lawyer-costs,0,1,0,3,0,1,3,0,0,,
family lawyers in michigan free consultation,/states/michigan-lawyer-costs,0,1,0,3,0,1,3,0,0,,
family lawyers knoxville tn,/states/tennessee-lawyer-costs,0,1,0,2,0,1,2,0,0,,
family lawyers lexington ky,/states/kentucky-lawyer-costs,0,1,0,2,0,1,2,0,0,,
family lawyers louisville ky,/states/kentucky-lawyer-costs,0,1,0,4,0,1,4,0,0,,
family lawyers massachusetts,/states/massachusetts-lawyer-costs,0,1,0,2,0,1,2,0,0,,
family lawyers murfreesboro tn,/states/tennessee-lawyer-costs,0,1,0,3,0,1,3,0,0,,
family lawyers near me,/states/kentucky-lawyer-costs,0,1,0,2,0,1,2,0,0,,
family lawyers near me,/states/washington-lawyer-costs,0,1,0,2,0,1,2,0,0,,
family lawyers okc,/states/oklahoma-lawyer-costs,0,1,0,2,0,1,2,0,0,,
family lawyers paducah ky,/states/kentucky-lawyer-costs,0,1,0,2,0,1,2,0,0,,
family lawyers phoenix,/states/arizona-lawyer-costs,0,1,0,2,0,0,,0,1,2,-100.0
family lawyers puyallup,/states/washington-lawyer-costs,0,1,0,3,0,1,3,0,0,,
farmer cline and campbell beckley wv,/states/west-virginia-lawyer-costs,0,1,0,2,0,0,,0,1,2,-100.0
federal criminal defense lawyer cost,/pages/criminal-defense-lawyer-cost,0,1,0,21,0,0,,0,1,21,-100.0
fee consultation,/pages/lawyer-consultation-fee,0,1,0,74,0,0,,0,1,74,-100.0
fee for lawyer,/states/new-york-lawyer-costs,0,1,0,8,0,1,8,0,0,,
fee for lawyer consultation,/pages/lawyer-consultation-fee,0,1,0,88,0,0,,0,0,,
fee lawyer,/states/new-york-lawyer-costs,0,1,0,23,0,1,23,0,0,,
fee legal,/states/massachusetts-lawyer-costs,0,1,0,45,0,0,,0,1,45,-100.0
fee retainer,/states/west-virginia-lawyer-costs,0,1,0,2,0,0,,0,1,2,-100.0
fee structure,/states/mississippi-lawyer-costs,0,1,0,6,0,0,,0,1,6,-100.0
fee structure comparison,/states/massachusetts-lawyer-costs,0,1,0,12,0,1,12,0,0,,
fee structure for attorneys,/pages/how-much-does-a-lawyer-cost,0,1,0,69,0,0,,0,0,,
fee structure for attorneys,/states/massachusetts-lawyer-costs,0,1,0,33,0,0,,0,1,33,-100.0
fees for lawyers,/states/colorado-lawyer-costs,0,1,0,25,0,0,,0,0,,
fees for lawyers,/states/delaware-lawyer-costs,0,1,0,12,0,1,12,0,0,,
fees for solicitors,/states/maryland-lawyer-costs,0,1,0,69,0,1,69,0,0,,
fees for solicitors,/states/massachusetts-lawyer-costs,0,1,0,83,0,0,,0,1,83,-100.0
fees for solicitors,/states/new-york-lawyer-costs,0,1,0,42,0,0,,0,1,42,-100.0
fees of lawyer,/states/massachusetts-lawyer-costs,0,1,0,81,0,1,81,0,0,,
fela attorney fees,/states/missouri-lawyer-costs,0,1,0,58,0,1,58,0,0,,
felony,/pages/criminal-defense-lawyer-cost,0,1,0,5,0,1,5,0,0,,
felony,/states/south-carolina-lawyer-costs,0,1,0,8,0,1,8,0,0,,
felony lawyer cost,/states/alabama-lawyer-costs,0,1,0,10,0,1,10,0,0,,
felony lawyer cost,/states/colorado-lawyer-costs,0,1,0,20,0,0,,0,1,20,-100.0
filing fees,/states/south-dakota-lawyer-costs,0,1,0,11,0,0,,0,1,11,-100.0
filing fees calculator,/pages/small-claims-filing-fee-calculator,0,1,0,53,0,0,,0,0,,
financial lawyer cost,/states/massachusetts-lawyer-costs,0,1,0,12,0,0,,0,1,12,-100.0
finders fee for divorce case virginia,/states/virginia-lawyer-costs,0,1,0,31,0,0,,0,1,31,-100.0
fixed costs calculator,/pages/contingency-fee-calculator,0,1,0,66,0,0,,0,1,66,-100.0
flat fee lawyer,/states/colorado-lawyer-costs,0,1,0,37,0,0,,0,0,,
flat rate attorney fees,/states/new-york-lawyer-costs,0,1,0,53,0,0,,0,1,53,-100.0
flat-fee vs hourly immigration billing — which has a lower total cost?,/pages/hourly-vs-flat-fee-lawyer,0,1,0,6,0,1,6,0,0,,
florida criminal defense attorney hourly rates 2026,/states/florida-lawyer-costs,0,1,0,49,0,0,,0,1,49,-100.0
florida real estate attorney hourly rate 2026,/states/florida-lawyer-costs,0,1,0,9,0,0,,0,0,,
for minnesota,/states/minnesota-lawyer-costs,0,1,0,3,0,1,3,0,0,,
fort collins family law,/states/colorado-lawyer-costs,0,1,0,4,0,1,4,0,0,,
franchise attorney near me,/pages/business-lawyer-cost,0,1,0,2,0,1,2,0,0,,
franchise lawyer near me,/pages/business-lawyer-cost,0,1,0,2,0,1,2,0,0,,
free consultation lawyer utah,/states/utah-lawyer-costs,0,1,0,4,0,1,4,0,0,,
free employment lawyer nyc,/pages/employment-lawyer-cost,0,1,0,6,0,0,,0,1,6,-100.0
free lawyers in iowa,/states/iowa-lawyer-costs,0,1,0,4,0,1,4,0,0,,
free legal advice connecticut,/pages/how-much-does-a-lawyer-cost,0,1,0,4,0,1,4,0,0,,
freelance lawyer hourly rate,/states/south-carolina-lawyer-costs,0,1,0,69,0,0,,0,0,,
from a lawyer,/states/louisiana-lawyer-costs,0,1,0,8,0,0,,0,1,8,-100.0
general district court filing fee calculator,/states/virginia-lawyer-costs,0,1,0,9,0,1,9,0,0,,
general practice lawyer near me,/states/utah-lawyer-costs,0,1,0,3,0,1,3,0,0,,
georgia lawyer,/states/georgia-lawyer-costs,0,1,0,4,0,1,4,0,0,,
georgia speeding ticket lawyer,/states/georgia-lawyer-costs,0,1,0,2,0,1,2,0,0,,
glasgow ky attorneys,/states/kentucky-lawyer-costs,0,1,0,5,0,1,5,0,0,,
good lawyer for immigration,/pages/immigration-lawyer-cost,0,1,0,2,0,1,2,0,0,,
gozel law firm,/pages/immigration-lawyer-cost,0,1,0,3,0,1,3,0,0,,
grand rapids criminal defense attorney,/states/michigan-lawyer-costs,0,1,0,8,0,1,8,0,0,,
grand rapids real estate attorney,/states/michigan-lawyer-costs,0,1,0,3,0,1,3,0,0,,
graybill and mead,/states/michigan-lawyer-costs,0,1,0,8,0,1,8,0,0,,
green bay lawyer,/states/wisconsin-lawyer-costs,0,1,0,4,0,0,,0,0,,
greenville sc family law attorneys,/states/south-carolina-lawyer-costs,0,1,0,6,0,1,6,0,0,,
guide legal,/pages/legal-aid-guide,0,1,0,71,0,0,,0,1,71,-100.0
guideline hourly rates,/pages/hourly-vs-flat-fee-lawyer,0,1,0,61,0,1,61,0,0,,
gurfinkel consultation fee,/pages/how-much-does-a-lawyer-cost,0,1,0,3,0,1,3,0,0,,
hackensack nj lawyers,/states/new-jersey-lawyer-costs,0,1,0,3,0,0,,0,1,3,-100.0
handle on the law,/pages/how-much-does-a-lawyer-cost,0,1,0,5,0,1,5,0,0,,
hartford,/states/connecticut-lawyer-costs,0,1,0,3,0,1,3,0,0,,
hattiesburg lawyers,/states/mississippi-lawyer-costs,0,1,0,6,0,1,6,0,0,,
having an attorney on retainer,/states/utah-lawyer-costs,0,1,0,3,0,1,3,0,0,,
hawaii,/states/hawaii-lawyer-costs,0,1,0,4,0,1,4,0,0,,
hawaii coa dues attorney,/states/hawaii-lawyer-costs,0,1,0,14,0,0,,0,1,14,-100.0
hawaii coa dues lawyer,/states/hawaii-lawyer-costs,0,1,0,14,0,0,,0,1,14,-100.0
hawaii divorce attorney,/states/hawaii-lawyer-costs,0,1,0,2,0,1,2,0,0,,
hawaii divorce lawyer free consultation,/states/hawaii-lawyer-costs,0,1,0,2,0,1,2,0,0,,
hawaii lawyers,/states/hawaii-lawyer-costs,0,1,0,5,0,1,5,0,0,,
hawaii real estate attorney free consultation,/states/hawaii-lawyer-costs,0,1,0,3,0,1,3,0,0,,
hiatt law group,/pages/mesothelioma-lawyer-cost,0,1,0,4,0,1,4,0,0,,
high court advocate fees per hearing,/states/california-lawyer-costs,0,1,0,8,0,0,,0,0,,
high court chamber price,/states/indiana-lawyer-costs,0,1,0,10,0,1,10,0,0,,
high court lawyer fees,/states/california-lawyer-costs,0,1,0,11,0,0,,0,0,,
high court lawyer fees,/states/washington-lawyer-costs,0,1,0,7,0,1,7,0,0,,
hire a attorney,/states/idaho-lawyer-costs,0,1,0,2,0,1,2,0,0,,
hire a attorney,/states/utah-lawyer-costs,0,1,0,2,0,1,2,0,0,,
honolulu real estate attorney,/states/hawaii-lawyer-costs,0,1,0,6,0,1,6,0,0,,
hood law firm jonesboro ar,/states/arkansas-lawyer-costs,0,1,0,4,0,1,4,0,0,,
hopkinsville kentucky,/states/kentucky-lawyer-costs,0,1,0,5,0,1,5,0,0,,
hourly,/states/indiana-lawyer-costs,0,1,0,3,0,1,3,0,0,,
hourly charge,/states/connecticut-lawyer-costs,0,1,0,3,0,0,,0,1,3,-100.0
hourly lawyer rates,/states/montana-lawyer-costs,0,1,0,11,0,0,,0,1,11,-100.0
hourly legal rates,/states/tennessee-lawyer-costs,0,1,0,10,0,1,10,0,0,,
hourly rate,/states/iowa-lawyer-costs,0,1,0,5,0,1,5,0,0,,
hourly rate,/states/massachusetts-lawyer-costs,0,1,0,2,0,1,2,0,0,,
hourly rate for a lawyer,/states/new-york-lawyer-costs,0,1,0,69,0,0,,0,0,,
hourly rate for attorney,/states/arizona-lawyer-costs,0,1,0,12,0,0,,0,1,12,-100.0
hourly rate for attorney,/states/iowa-lawyer-costs,0,1,0,12,0,0,,0,1,12,-100.0
hourly rate for power of attorney,/states/colorado-lawyer-costs,0,1,0,47,0,0,,0,0,,
hourly rate of a lawyer,/states/maryland-lawyer-costs,0,1,0,96,0,0,,0,0,,
hourly rate of a lawyer,/states/nebraska-lawyer-costs,0,1,0,12,0,0,,0,1,12,-100.0
hourly rates,/states/west-virginia-lawyer-costs,0,1,0,6,0,1,6,0,0,,
hourly rates for attorneys,/states/connecticut-lawyer-costs,0,1,0,9,0,0,,0,1,9,-100.0
hourly rates for attorneys,/states/indiana-lawyer-costs,0,1,0,5,0,1,5,0,0,,
hourly rates for attorneys,/states/massachusetts-lawyer-costs,0,1,0,1,0,0,,0,1,1,-100.0
hourly rates for lawyers,/states/illinois-lawyer-costs,0,1,0,46,0,1,46,0,0,,
how about in anchorage,/states/alaska-lawyer-costs,0,1,0,2,0,1,2,0,0,,
how about oregon state,/states/oregon-lawyer-costs,0,1,0,9,0,1,9,0,0,,
"how do contingency fees work for injury lawyers in mississippi?. my location is mississippi, united states, usa.",/states/mississippi-lawyer-costs,0,1,0,15,0,1,15,0,0,,
how do divorce lawyers charge,/pages/divorce-lawyer-cost,0,1,0,91,0,0,,0,1,91,-100.0
how do lawyer fees work,/states/new-york-lawyer-costs,0,1,0,34,0,0,,0,1,34,-100.0
how do people afford lawyers,/pages/can-i-afford-a-lawyer,0,1,0,17,0,1,17,0,0,,
how do they charge,/states/rhode-island-lawyer-costs,0,1,0,3,0,1,3,0,0,,
how do you pay lawyers,/states/alaska-lawyer-costs,0,1,0,100,0,0,,0,1,100,-100.0
how does a bankruptcy lawyer get paid,/pages/bankruptcy-lawyer-cost,0,1,0,92,0,0,,0,1,92,-100.0
how expensive are attorneys,/states/south-carolina-lawyer-costs,0,1,0,55,0,0,,0,0,,
how expensive are divorce lawyers,/pages/divorce-lawyer-cost,0,1,0,95,0,0,,0,0,,
how expensive are lawyers,/,0,1,0,76,0,0,,0,1,76,-100.0
how expensive are lawyers,/states/alabama-lawyer-costs,0,1,0,13,0,0,,0,0,,
how expensive are lawyers,/states/arkansas-lawyer-costs,0,1,0,10,0,1,10,0,0,,
how expensive are lawyers,/states/indiana-lawyer-costs,0,1,0,9,0,1,9,0,0,,
how expensive are lawyers,/states/oregon-lawyer-costs,0,1,0,11,0,1,11,0,0,,
how expensive are lawyers,/states/south-carolina-lawyer-costs,0,1,0,97,0,0,,0,0,,
how expensive are lawyers,/states/utah-lawyer-costs,0,1,0,10,0,1,10,0,0,,
how expensive are lawyers,/states/washington-lawyer-costs,0,1,0,12,0,1,12,0,0,,
how expensive is a divorce lawyer,/pages/divorce-lawyer-cost,0,1,0,93,0,0,,0,1,93,-100.0
how expensive is a lawyer,/pages/can-i-afford-a-lawyer,0,1,0,90,0,0,,0,0,,
how expensive is a lawyer,/states/alaska-lawyer-costs,0,1,0,10,0,1,10,0,0,,
how expensive is a lawyer,/states/arkansas-lawyer-costs,0,1,0,12,0,1,12,0,0,,
how expensive is a lawyer,/states/california-lawyer-costs,0,1,0,75,0,0,,0,0,,
how expensive is a lawyer,/states/michigan-lawyer-costs,0,1,0,12,0,1,12,0,0,,
how expensive is a lawyer,/states/tennessee-lawyer-costs,0,1,0,95,0,0,,0,1,95,-100.0
how expensive is an attorney,/states/indiana-lawyer-costs,0,1,0,11,0,0,,0,1,11,-100.0
how expensive is an attorney,/states/minnesota-lawyer-costs,0,1,0,13,0,0,,0,0,,
how expensive is he,/states/iowa-lawyer-costs,0,1,0,2,0,0,,0,1,2,-100.0
how expensive is it to become a lawyer?,/pages/can-i-afford-a-lawyer,0,1,0,96,0,0,,0,0,,
how many lawyers can you have,/states/new-york-lawyer-costs,0,1,0,56,0,1,56,0,0,,
how many lawyers can you have on one case,/states/new-york-lawyer-costs,0,1,0,52,0,1,52,0,0,,
how mich is a lawyer,/states/washington-lawyer-costs,0,1,0,5,0,0,,0,1,5,-100.0
how much a divorce lawyer cost,/states/alaska-lawyer-costs,0,1,0,87,0,0,,0,1,87,-100.0
how much a immigration lawyer cost,/pages/immigration-lawyer-cost,0,1,0,86,0,1,86,0,0,,
how much a lawyer,/states/new-york-lawyer-costs,0,1,0,10,0,1,10,0,0,,
how much a lawyer charge,/states/new-york-lawyer-costs,0,1,0,59,0,0,,0,0,,
how much a lawyer charge for a case,/states/alabama-lawyer-costs,0,1,0,12,0,0,,0,1,12,-100.0
how much a lawyer charge for a case,/states/louisiana-lawyer-costs,0,1,0,12,0,1,12,0,0,,
how much a lawyer charge for a case,/states/massachusetts-lawyer-costs,0,1,0,12,0,0,,0,1,12,-100.0
how much a lawyer charge for a case,/states/new-york-lawyer-costs,0,1,0,11,0,1,11,0,0,,
how much a lawyer charge to file a lien,/states/maryland-lawyer-costs,0,1,0,54,0,0,,0,0,,
how much a lawyer cost,/pages/can-i-afford-a-lawyer,0,1,0,51,0,0,,0,1,51,-100.0
how much a lawyer cost,/pages/lawyer-cost-calculator,0,1,0,94,0,0,,0,1,94,-100.0
how much a lawyer cost,/states/arkansas-lawyer-costs,0,1,0,12,0,0,,0,1,12,-100.0
how much a lawyer cost,/states/delaware-lawyer-costs,0,1,0,11,0,1,11,0,0,,
how much a lawyer cost,/states/florida-lawyer-costs,0,1,0,5,0,0,,0,1,5,-100.0
how much a lawyer cost,/states/georgia-lawyer-costs,0,1,0,50,0,0,,0,0,,
how much a lawyer cost,/states/illinois-lawyer-costs,0,1,0,48,0,0,,0,1,48,-100.0
how much a lawyer cost,/states/indiana-lawyer-costs,0,1,0,12,0,0,,0,1,12,-100.0
how much a lawyer cost,/states/louisiana-lawyer-costs,0,1,0,10,0,1,10,0,0,,
how much a lawyer cost,/states/maryland-lawyer-costs,0,1,0,8,0,1,8,0,0,,
how much a lawyer cost,/states/michigan-lawyer-costs,0,1,0,12,0,1,12,0,0,,
how much a lawyer cost,/states/nevada-lawyer-costs,0,1,0,9,0,1,9,0,0,,
how much a lawyer cost,/states/new-hampshire-lawyer-costs,0,1,0,9,0,1,9,0,0,,
how much a lawyer cost,/states/new-jersey-lawyer-costs,0,1,0,12,0,1,12,0,0,,
how much a lawyer cost,/states/north-carolina-lawyer-costs,0,1,0,11,0,1,11,0,0,,
how much a lawyer cost,/states/tennessee-lawyer-costs,0,1,0,12,0,1,12,0,0,,
how much a lawyer cost,/states/utah-lawyer-costs,0,1,0,83,0,0,,0,1,83,-100.0
how much a lawyer make an hour,/states/colorado-lawyer-costs,0,1,0,45,0,0,,0,0,,
how much advocate charge for legal notice,/states/louisiana-lawyer-costs,0,1,0,1,0,1,1,0,0,,
how much an attorney cost,/,0,1,0,95,0,1,95,0,0,,
how much an attorney cost,/pages/how-much-does-a-lawyer-cost,0,1,0,44,0,0,,0,1,44,-100.0
how much an attorney cost,/states/california-lawyer-costs,0,1,0,100,0,1,100,0,0,,
how much an attorney cost,/states/tennessee-lawyer-costs,0,1,0,77,0,1,77,0,0,,
how much an hour,/states/virginia-lawyer-costs,0,1,0,2,0,1,2,0,0,,
how much are attorney fees,/states/alabama-lawyer-costs,0,1,0,58,0,0,,0,0,,
how much are attorney fees,/states/alaska-lawyer-costs,0,1,0,9,0,0,,0,1,9,-100.0
how much are attorney fees,/states/mississippi-lawyer-costs,0,1,0,11,0,0,,0,1,11,-100.0
how much are attorney fees,/states/missouri-lawyer-costs,0,1,0,1,0,1,1,0,0,,
how much are attorney fees,/states/nebraska-lawyer-costs,0,1,0,11,0,0,,0,1,11,-100.0
how much are attorney fees,/states/utah-lawyer-costs,0,1,0,1,0,1,1,0,0,,
how much are attorney fees,/states/wisconsin-lawyer-costs,0,1,0,100,0,1,100,0,0,,
how much are attorneys,/states/arizona-lawyer-costs,0,1,0,9,0,1,9,0,0,,
how much are attorneys,/states/arkansas-lawyer-costs,0,1,0,8,0,1,8,0,0,,
how much are attorneys,/states/louisiana-lawyer-costs,0,1,0,9,0,1,9,0,0,,
how much are attorneys,/states/michigan-lawyer-costs,0,1,0,10,0,1,10,0,0,,
how much are attorneys,/states/minnesota-lawyer-costs,0,1,0,12,0,0,,0,1,12,-100.0
how much are attorneys,/states/missouri-lawyer-costs,0,1,0,9,0,1,9,0,0,,
how much are attorneys,/states/new-mexico-lawyer-costs,0,1,0,12,0,1,12,0,0,,
how much are attorneys,/states/utah-lawyer-costs,0,1,0,77,0,1,77,0,0,,
how much are attorneys,/states/washington-lawyer-costs,0,1,0,1,0,0,,0,1,1,-100.0
how much are attorneys fees,/states/nebraska-lawyer-costs,0,1,0,7,0,1,7,0,0,,
how much are attorneys fees,/states/new-hampshire-lawyer-costs,0,1,0,10,0,0,,0,1,10,-100.0
how much are attorneys fees,/states/south-carolina-lawyer-costs,0,1,0,88,0,0,,0,0,,
how much are attorneys fees,/states/utah-lawyer-costs,0,1,0,57,0,0,,0,1,57,-100.0
how much are bankruptcy attorneys,/pages/bankruptcy-lawyer-cost,0,1,0,72,0,0,,0,1,72,-100.0
how much are bar dues,/states/illinois-lawyer-costs,0,1,0,40,0,1,40,0,0,,
how much are bar dues,/states/louisiana-lawyer-costs,0,1,0,11,0,1,11,0,0,,
how much are bar dues,/states/minnesota-lawyer-costs,0,1,0,11,0,0,,0,0,,
how much are bar dues,/states/new-hampshire-lawyer-costs,0,1,0,9,0,1,9,0,0,,
how much are bar dues,/states/tennessee-lawyer-costs,0,1,0,11,0,0,,0,1,11,-100.0
how much are closing costs in west virginia,/states/west-virginia-lawyer-costs,0,1,0,82,0,0,,0,1,82,-100.0
how much are court costs in nc,/states/north-carolina-lawyer-costs,0,1,0,31,0,1,31,0,0,,
how much are court fees,/states/south-dakota-lawyer-costs,0,1,0,10,0,1,10,0,0,,
how much are court fees in illinois,/states/illinois-lawyer-costs,0,1,0,63,0,1,63,0,0,,
how much are court fees in indiana,/states/indiana-lawyer-costs,0,1,0,43,0,0,,0,0,,
how much are court fees in wisconsin,/states/wisconsin-lawyer-costs,0,1,0,41,0,0,,0,0,,
how much are court fees usually,/states/arkansas-lawyer-costs,0,1,0,8,0,0,,0,1,8,-100.0
how much are divorce lawyers,/pages/divorce-lawyer-cost,0,1,0,99,0,0,,0,0,,
how much are family law attorneys,/states/new-york-lawyer-costs,0,1,0,73,0,1,73,0,0,,
how much are family lawyers,/states/kentucky-lawyer-costs,0,1,0,1,0,1,1,0,0,,
how much are good lawyers,/states/maryland-lawyer-costs,0,1,0,11,0,1,11,0,0,,
how much are good lawyers,/states/new-mexico-lawyer-costs,0,1,0,8,0,1,8,0,0,,
how much are immigration lawyers,/pages/immigration-lawyer-cost,0,1,0,99,0,0,,0,0,,
how much are lawyer consultation fees,/pages/lawyer-consultation-fee,0,1,0,13,0,1,13,0,0,,
how much are lawyer consultation fees,/states/california-lawyer-costs,0,1,0,100,0,0,,0,0,,
how much are lawyer consultation fees,/states/georgia-lawyer-costs,0,1,0,5,0,1,5,0,0,,
how much are lawyer fees,/states/arizona-lawyer-costs,0,1,0,12,0,1,12,0,0,,
how much are lawyer fees,/states/colorado-lawyer-costs,0,1,0,29,0,0,,0,0,,
how much are lawyer fees,/states/florida-lawyer-costs,0,1,0,2,0,1,2,0,0,,
how much are lawyer fees,/states/kentucky-lawyer-costs,0,1,0,1,0,0,,0,1,1,-100.0
how much are lawyer fees,/states/maryland-lawyer-costs,0,1,0,10,0,1,10,0,0,,
how much are lawyer fees,/states/massachusetts-lawyer-costs,0,1,0,12,0,0,,0,1,12,-100.0
how much are lawyer fees,/states/missouri-lawyer-costs,0,1,0,11,0,1,11,0,0,,
how much are lawyer fees,/states/nebraska-lawyer-costs,0,1,0,11,0,0,,0,1,11,-100.0
how much are lawyer fees,/states/new-hampshire-lawyer-costs,0,1,0,5,0,1,5,0,0,,
how much are lawyer fees,/states/oklahoma-lawyer-costs,0,1,0,12,0,0,,0,1,12,-100.0
how much are lawyer fees,/states/rhode-island-lawyer-costs,0,1,0,7,0,1,7,0,0,,
how much are lawyers,/,0,1,0,98,0,0,,0,1,98,-100.0
how much are lawyers,/states/alabama-lawyer-costs,0,1,0,92,0,0,,0,1,92,-100.0
how much are lawyers,/states/alaska-lawyer-costs,0,1,0,7,0,0,,0,1,7,-100.0
how much are lawyers,/states/illinois-lawyer-costs,0,1,0,10,0,1,10,0,0,,
how much are lawyers,/states/maine-lawyer-costs,0,1,0,12,0,1,12,0,0,,
how much are lawyers,/states/massachusetts-lawyer-costs,0,1,0,1,0,0,,0,1,1,-100.0
how much are lawyers,/states/oklahoma-lawyer-costs,0,1,0,91,0,0,,0,0,,
how much are lawyers,/states/south-dakota-lawyer-costs,0,1,0,9,0,1,9,0,0,,
how much are lawyers,/states/utah-lawyer-costs,0,1,0,45,0,1,45,0,0,,
how much are lawyers fees,/states/california-lawyer-costs,0,1,0,83,0,0,,0,1,83,-100.0
how much are lawyers fees,/states/maine-lawyer-costs,0,1,0,5,0,1,5,0,0,,
how much are lawyers fees,/states/nebraska-lawyer-costs,0,1,0,10,0,1,10,0,0,,
how much are lawyers fees,/states/new-mexico-lawyer-costs,0,1,0,9,0,1,9,0,0,,
how much are lawyers fees,/states/washington-lawyer-costs,0,1,0,9,0,1,9,0,0,,
how much are lawyers fees,/states/west-virginia-lawyer-costs,0,1,0,1,0,1,1,0,0,,
how much are lawyers per hour,/states/connecticut-lawyer-costs,0,1,0,8,0,1,8,0,0,,
how much are lawyers per hour,/states/maine-lawyer-costs,0,1,0,11,0,0,,0,1,11,-100.0
how much are lawyers per hour,/states/nevada-lawyer-costs,0,1,0,9,0,1,9,0,0,,
how much are lawyers per hour,/states/new-hampshire-lawyer-costs,0,1,0,9,0,1,9,0,0,,
how much are lawyers per hour,/states/oklahoma-lawyer-costs,0,1,0,11,0,1,11,0,0,,
how much are lawyers per hour,/states/south-carolina-lawyer-costs,0,1,0,48,0,1,48,0,0,,
how much are lawyers per hour,/states/west-virginia-lawyer-costs,0,1,0,11,0,0,,0,1,11,-100.0
how much are legal fees,/states/alabama-lawyer-costs,0,1,0,10,0,0,,0,1,10,-100.0
how much are legal fees,/states/colorado-lawyer-costs,0,1,0,5,0,0,,0,1,5,-100.0
how much are legal fees,/states/kentucky-lawyer-costs,0,1,0,77,0,0,,0,1,77,-100.0
how much are legal fees,/states/maryland-lawyer-costs,0,1,0,6,0,1,6,0,0,,
how much are legal fees,/states/missouri-lawyer-costs,0,1,0,5,0,1,5,0,0,,
how much are legal fees,/states/montana-lawyer-costs,0,1,0,11,0,0,,0,0,,
how much are legal fees,/states/nebraska-lawyer-costs,0,1,0,8,0,1,8,0,0,,
how much are legal fees,/states/nevada-lawyer-costs,0,1,0,7,0,1,7,0,0,,
how much are legal fees,/states/oregon-lawyer-costs,0,1,0,11,0,0,,0,1,11,-100.0
how much are legal fees,/states/utah-lawyer-costs,0,1,0,8,0,0,,0,1,8,-100.0
how much are legal fees,/states/vermont-lawyer-costs,0,1,0,8,0,0,,0,1,8,-100.0
how much are legal fees,/states/virginia-lawyer-costs,0,1,0,11,0,0,,0,0,,
how much are legal fees,/states/washington-lawyer-costs,0,1,0,7,0,1,7,0,0,,
how much are legal fees,/states/wisconsin-lawyer-costs,0,1,0,9,0,0,,0,0,,
how much are personal injury lawyers,/pages/personal-injury-lawyer-cost,0,1,0,69,0,1,69,0,0,,
how much are private lawyers,/states/indiana-lawyer-costs,0,1,0,6,0,1,6,0,0,,
how much are real estate attorneys,/states/arizona-lawyer-costs,0,1,0,3,0,1,3,0,0,,
how much are retainer fees for lawyers,/states/massachusetts-lawyer-costs,0,1,0,11,0,1,11,0,0,,
how much are traffic lawyers,/states/new-york-lawyer-costs,0,1,0,76,0,1,76,0,0,,
how much attorney consultation,/states/north-carolina-lawyer-costs,0,1,0,12,0,0,,0,1,12,-100.0
how much attorney cost,/states/connecticut-lawyer-costs,0,1,0,11,0,1,11,0,0,,
how much attorney cost,/states/indiana-lawyer-costs,0,1,0,5,0,1,5,0,0,,
how much attorney cost,/states/maryland-lawyer-costs,0,1,0,7,0,1,7,0,0,,
how much attorney cost,/states/michigan-lawyer-costs,0,1,0,11,0,1,11,0,0,,
how much attorney cost,/states/missouri-lawyer-costs,0,1,0,12,0,0,,0,0,,
how much attorney cost,/states/nebraska-lawyer-costs,0,1,0,13,0,0,,0,1,13,-100.0
how much attorney cost,/states/pennsylvania-lawyer-costs,0,1,0,10,0,1,10,0,0,,
how much attorney cost,/states/tennessee-lawyer-costs,0,1,0,88,0,0,,0,1,88,-100.0
how much attorney cost,/states/virginia-lawyer-costs,0,1,0,78,0,0,,0,0,,
how much attorney fees,/states/alabama-lawyer-costs,0,1,0,55,0,0,,0,0,,
how much attorney fees,/states/colorado-lawyer-costs,0,1,0,16,0,0,,0,0,,
how much attorney fees,/states/mississippi-lawyer-costs,0,1,0,9,0,1,9,0,0,,
how much attorney fees,/states/new-york-lawyer-costs,0,1,0,7,0,0,,0,1,7,-100.0
how much attorney fees,/states/ohio-lawyer-costs,0,1,0,20,0,0,,0,1,20,-100.0
how much attorney fees,/states/tennessee-lawyer-costs,0,1,0,77,0,0,,0,1,77,-100.0
how much bankruptcy lawyer cost,/pages/bankruptcy-lawyer-cost,0,1,0,58,0,1,58,0,0,,
how much can a lawyer charge,/states/new-york-lawyer-costs,0,1,0,71,0,0,,0,0,,
how much can a lawyer charge,/states/south-carolina-lawyer-costs,0,1,0,1,0,1,1,0,0,,
how much can a lawyer charge for a case,/states/california-lawyer-costs,0,1,0,11,0,1,11,0,0,,
how much can a lawyer charge for a case,/states/nevada-lawyer-costs,0,1,0,5,0,1,5,0,0,,
how much can a lawyer charge for a case,/states/new-york-lawyer-costs,0,1,0,8,0,1,8,0,0,,
how much can a lawyer charge for a case,/states/tennessee-lawyer-costs,0,1,0,73,0,1,73,0,0,,
how much can a lawyer cost,/pages/how-much-does-a-lawyer-cost,0,1,0,32,0,0,,0,1,32,-100.0
how much can a lawyer cost,/states/illinois-lawyer-costs,0,1,0,12,0,1,12,0,0,,
how much can a lawyer cost,/states/indiana-lawyer-costs,0,1,0,8,0,1,8,0,0,,
how much can a lawyer cost,/states/massachusetts-lawyer-costs,0,1,0,6,0,1,6,0,0,,
how much can a lawyer cost,/states/north-carolina-lawyer-costs,0,1,0,26,0,0,,0,1,26,-100.0
how much can that cost,/states/new-york-lawyer-costs,0,1,0,3,0,1,3,0,0,,
how much cost a divorce lawyer,/pages/divorce-lawyer-cost,0,1,0,100,0,0,,0,1,100,-100.0
how much divorce attorney cost,/pages/divorce-lawyer-cost,0,1,0,97,0,0,,0,0,,
how much divorce lawyer cost,/states/arizona-lawyer-costs,0,1,0,52,0,0,,0,1,52,-100.0
how much do a lawyer cost,/,0,1,0,93,0,1,93,0,0,,
how much do a lawyer cost,/pages/can-i-afford-a-lawyer,0,1,0,49,0,0,,0,0,,
how much do a lawyer cost,/states/arizona-lawyer-costs,0,1,0,12,0,1,12,0,0,,
how much do a lawyer cost,/states/delaware-lawyer-costs,0,1,0,11,0,1,11,0,0,,
how much do a lawyer cost,/states/kansas-lawyer-costs,0,1,0,11,0,1,11,0,0,,
how much do a lawyer cost,/states/michigan-lawyer-costs,0,1,0,12,0,1,12,0,0,,
how much do a lawyer cost,/states/mississippi-lawyer-costs,0,1,0,5,0,1,5,0,0,,
how much do a lawyer cost,/states/nevada-lawyer-costs,0,1,0,12,0,1,12,0,0,,
how much do a lawyer cost,/states/new-york-lawyer-costs,0,1,0,11,0,1,11,0,0,,
how much do a lawyer cost,/states/pennsylvania-lawyer-costs,0,1,0,12,0,1,12,0,0,,
how much do attorneys charge,/states/alabama-lawyer-costs,0,1,0,13,0,0,,0,0,,
how much do attorneys charge,/states/colorado-lawyer-costs,0,1,0,29,0,0,,0,0,,
how much do attorneys charge,/states/mississippi-lawyer-costs,0,1,0,10,0,0,,0,1,10,-100.0
how much do attorneys charge,/states/new-york-lawyer-costs,0,1,0,36,0,1,36,0,0,,
how much do attorneys charge,/states/pennsylvania-lawyer-costs,0,1,0,11,0,1,11,0,0,,
how much do attorneys charge per hour,/states/,0,1,0,4,0,0,,0,1,4,-100.0
how much do attorneys charge per hour,/states/alabama-lawyer-costs,0,1,0,13,0,0,,0,1,13,-100.0
how much do attorneys charge per hour,/states/alaska-lawyer-costs,0,1,0,9,0,0,,0,0,,
how much do attorneys charge per hour,/states/colorado-lawyer-costs,0,1,0,10,0,0,,0,1,10,-100.0
how much do attorneys charge per hour,/states/indiana-lawyer-costs,0,1,0,8,0,1,8,0,0,,
how much do attorneys charge per hour,/states/missouri-lawyer-costs,0,1,0,10,0,1,10,0,0,,
how much do attorneys charge per hour,/states/nebraska-lawyer-costs,0,1,0,10,0,0,,0,1,10,-100.0
how much do attorneys charge per hour,/states/new-mexico-lawyer-costs,0,1,0,9,0,0,,0,1,9,-100.0
how much do attorneys charge per hour,/states/north-dakota-lawyer-costs,0,1,0,9,0,1,9,0,0,,
how much do attorneys charge per hour,/states/pennsylvania-lawyer-costs,0,1,0,12,0,1,12,0,0,,
how much do attorneys charge per hour,/states/south-dakota-lawyer-costs,0,1,0,7,0,1,7,0,0,,
how much do attorneys charge per hour,/states/utah-lawyer-costs,0,1,0,12,0,1,12,0,0,,
how much do attorneys charge per hour,/states/wisconsin-lawyer-costs,0,1,0,10,0,1,10,0,0,,
how much do attorneys cost,/states/arizona-lawyer-costs,0,1,0,1,0,1,1,0,0,,
how much do attorneys cost,/states/arkansas-lawyer-costs,0,1,0,8,0,1,8,0,0,,
how much do attorneys cost,/states/colorado-lawyer-costs,0,1,0,19,0,0,,0,0,,
how much do attorneys cost,/states/indiana-lawyer-costs,0,1,0,12,0,1,12,0,0,,
how much do attorneys cost,/states/kentucky-lawyer-costs,0,1,0,10,0,1,10,0,0,,
how much do attorneys cost,/states/massachusetts-lawyer-costs,0,1,0,12,0,1,12,0,0,,
how much do attorneys cost,/states/mississippi-lawyer-costs,0,1,0,12,0,1,12,0,0,,
how much do attorneys cost,/states/missouri-lawyer-costs,0,1,0,11,0,1,11,0,0,,
how much do attorneys cost,/states/nevada-lawyer-costs,0,1,0,11,0,0,,0,1,11,-100.0
how much do attorneys cost,/states/new-mexico-lawyer-costs,0,1,0,10,0,0,,0,1,10,-100.0
how much do attorneys cost,/states/rhode-island-lawyer-costs,0,1,0,13,0,0,,0,0,,
how much do attorneys cost,/states/south-carolina-lawyer-costs,0,1,0,11,0,1,11,0,0,,
how much do attorneys cost,/states/tennessee-lawyer-costs,0,1,0,12,0,1,12,0,0,,
how much do attorneys cost,/states/west-virginia-lawyer-costs,0,1,0,8,0,1,8,0,0,,
how much do bankruptcy lawyers cost,/pages/bankruptcy-lawyer-cost,0,1,0,99,0,1,99,0,0,,
how much do child support lawyers cost,/states/oregon-lawyer-costs,0,1,0,10,0,1,10,0,0,,
how much do civil lawyers cost,/states/indiana-lawyer-costs,0,1,0,11,0,1,11,0,0,,
how much do civil lawyers cost,/states/louisiana-lawyer-costs,0,1,0,10,0,1,10,0,0,,
how much do civil lawyers cost,/states/nevada-lawyer-costs,0,1,0,7,0,0,,0,1,7,-100.0
how much do civil lawyers cost,/states/new-york-lawyer-costs,0,1,0,10,0,1,10,0,0,,
how much do civil lawyers cost,/states/north-carolina-lawyer-costs,0,1,0,9,0,1,9,0,0,,
how much do civil lawyers cost,/states/rhode-island-lawyer-costs,0,1,0,10,0,1,10,0,0,,
how much do compensation lawyers charge,/states/new-york-lawyer-costs,0,1,0,90,0,1,90,0,0,,
how much do consultations cost,/pages/lawyer-consultation-fee,0,1,0,32,0,0,,0,1,32,-100.0
how much do court fees cost,/states/missouri-lawyer-costs,0,1,0,12,0,0,,0,1,12,-100.0
how much do criminal defense attorneys charge,/pages/criminal-defense-lawyer-cost,0,1,0,72,0,0,,0,1,72,-100.0
how much do criminal defense attorneys charge per hour,/states/colorado-lawyer-costs,0,1,0,12,0,0,,0,0,,
how much do criminal defense attorneys charge per hour,/states/connecticut-lawyer-costs,0,1,0,11,0,1,11,0,0,,
how much do criminal defense attorneys charge per hour,/states/ohio-lawyer-costs,0,1,0,11,0,1,11,0,0,,
how much do criminal defense attorneys cost,/states/new-york-lawyer-costs,0,1,0,72,0,1,72,0,0,,
how much do criminal lawyers cost,/states/ohio-lawyer-costs,0,1,0,11,0,1,11,0,0,,
how much do divorce attorneys charge per hour,/states/idaho-lawyer-costs,0,1,0,11,0,0,,0,1,11,-100.0
how much do divorce attorneys charge per hour,/states/new-hampshire-lawyer-costs,0,1,0,7,0,1,7,0,0,,
how much do divorce lawyers cost,/pages/divorce-lawyer-cost,0,1,0,95,0,0,,0,1,95,-100.0
how much do dui attorneys charge,/pages/dui-lawyer-cost,0,1,0,90,0,0,,0,1,90,-100.0
how much do elder law attorneys charge,/states/minnesota-lawyer-costs,0,1,0,96,0,0,,0,1,96,-100.0
how much do employment attorneys charge,/pages/employment-lawyer-cost,0,1,0,1,0,1,1,0,0,,
how much do employment lawyers charge per hour,/pages/employment-lawyer-cost,0,1,0,1,0,1,1,0,0,,
how much do estate lawyers charge,/pages/estate-planning-lawyer-cost,0,1,0,96,0,0,,0,0,,
how much do estate lawyers charge per hour,/states/alabama-lawyer-costs,0,1,0,12,0,0,,0,1,12,-100.0
how much do estate lawyers charge per hour,/states/montana-lawyer-costs,0,1,0,12,0,1,12,0,0,,
how much do estate lawyers charge per hour,/states/west-virginia-lawyer-costs,0,1,0,9,0,0,,0,1,9,-100.0
how much do estate planners charge,/pages/estate-planning-lawyer-cost,0,1,0,45,0,1,45,0,0,,
how much do estate planning lawyers charge,/pages/estate-planning-lawyer-cost,0,1,0,98,0,0,,0,0,,
how much do eviction lawyers cost,/states/new-york-lawyer-costs,0,1,0,52,0,1,52,0,0,,
how much do family lawyers charge per hour,/states/alaska-lawyer-costs,0,1,0,6,0,1,6,0,0,,
how much do good lawyers cost,/pages/can-i-afford-a-lawyer,0,1,0,92,0,0,,0,1,92,-100.0
how much do good lawyers cost,/pages/how-much-does-a-lawyer-cost,0,1,0,48,0,0,,0,1,48,-100.0
how much do good lawyers cost,/states/arizona-lawyer-costs,0,1,0,10,0,1,10,0,0,,
how much do good lawyers cost,/states/oregon-lawyer-costs,0,1,0,11,0,1,11,0,0,,
how much do good lawyers cost,/states/south-carolina-lawyer-costs,0,1,0,87,0,0,,0,0,,
how much do i expect to pay,/pages/real-estate-lawyer-cost,0,1,0,6,0,1,6,0,0,,
how much do immigration lawyers charge,/pages/immigration-lawyer-cost,0,1,0,90,0,1,90,0,0,,
how much do injury lawyers charge,/states/new-york-lawyer-costs,0,1,0,67,0,0,,0,1,67,-100.0
how much do lawers cost,/states/colorado-lawyer-costs,0,1,0,16,0,0,,0,0,,
how much do lawers cost,/states/new-mexico-lawyer-costs,0,1,0,9,0,1,9,0,0,,
how much do lawers cost,/states/oregon-lawyer-costs,0,1,0,10,0,1,10,0,0,,
how much do lawyer,/states/colorado-lawyer-costs,0,1,0,27,0,0,,0,0,,
how much do lawyer charge per hour,/states/indiana-lawyer-costs,0,1,0,8,0,1,8,0,0,,
how much do lawyer cost,/,0,1,0,47,0,0,,0,1,47,-100.0
how much do lawyer cost,/pages/how-much-does-a-lawyer-cost,0,1,0,79,0,0,,0,0,,
how much do lawyer cost,/states/alabama-lawyer-costs,0,1,0,12,0,1,12,0,0,,
how much do lawyer cost,/states/maryland-lawyer-costs,0,1,0,11,0,1,11,0,0,,
how much do lawyer cost,/states/new-york-lawyer-costs,0,1,0,5,0,1,5,0,0,,
how much do lawyer fees cost,/states/arizona-lawyer-costs,0,1,0,11,0,1,11,0,0,,
how much do lawyer fees cost,/states/idaho-lawyer-costs,0,1,0,11,0,0,,0,1,11,-100.0
how much do lawyer fees cost,/states/minnesota-lawyer-costs,0,1,0,10,0,1,10,0,0,,
how much do lawyers charge,/states/minnesota-lawyer-costs,0,1,0,11,0,1,11,0,0,,
how much do lawyers charge,/states/mississippi-lawyer-costs,0,1,0,11,0,1,11,0,0,,
how much do lawyers charge,/states/new-hampshire-lawyer-costs,0,1,0,12,0,1,12,0,0,,
how much do lawyers charge,/states/new-mexico-lawyer-costs,0,1,0,12,0,0,,0,1,12,-100.0
how much do lawyers charge,/states/south-dakota-lawyer-costs,0,1,0,10,0,1,10,0,0,,
how much do lawyers charge,/states/tennessee-lawyer-costs,0,1,0,67,0,1,67,0,0,,
how much do lawyers charge an hour,/states/nevada-lawyer-costs,0,1,0,11,0,1,11,0,0,,
how much do lawyers charge an hour,/states/north-dakota-lawyer-costs,0,1,0,11,0,0,,0,1,11,-100.0
how much do lawyers charge for a simple will,/states/alaska-lawyer-costs,0,1,0,62,0,0,,0,1,62,-100.0
how much do lawyers charge for civil cases,/states/wisconsin-lawyer-costs,0,1,0,10,0,0,,0,1,10,-100.0
how much do lawyers charge for court appearance,/states/massachusetts-lawyer-costs,0,1,0,1,0,1,1,0,0,,
how much do lawyers charge for court appearance,/states/south-carolina-lawyer-costs,0,1,0,20,0,1,20,0,0,,
how much do lawyers charge for dui cases,/pages/dui-lawyer-cost,0,1,0,1,0,0,,0,1,1,-100.0
how much do lawyers charge for legal advice,/states/california-lawyer-costs,0,1,0,86,0,0,,0,0,,
how much do lawyers charge for legal advice,/states/illinois-lawyer-costs,0,1,0,11,0,1,11,0,0,,
how much do lawyers charge for legal advice,/states/tennessee-lawyer-costs,0,1,0,12,0,1,12,0,0,,
how much do lawyers charge for personal injury,/pages/personal-injury-lawyer-cost,0,1,0,65,0,1,65,0,0,,
how much do lawyers charge for small claims court,/states/wisconsin-lawyer-costs,0,1,0,30,0,0,,0,0,,
how much do lawyers charge per case,/states/michigan-lawyer-costs,0,1,0,77,0,0,,0,1,77,-100.0
how much do lawyers charge per case,/states/west-virginia-lawyer-costs,0,1,0,8,0,1,8,0,0,,
how much do lawyers charge per hour,/states/arizona-lawyer-costs,0,1,0,11,0,1,11,0,0,,
how much do lawyers charge per hour,/states/delaware-lawyer-costs,0,1,0,10,0,1,10,0,0,,
how much do lawyers charge per hour,/states/illinois-lawyer-costs,0,1,0,45,0,1,45,0,0,,
how much do lawyers charge per hour,/states/minnesota-lawyer-costs,0,1,0,11,0,0,,0,0,,
how much do lawyers charge per hour,/states/nebraska-lawyer-costs,0,1,0,9,0,1,9,0,0,,
how much do lawyers charge per hour,/states/north-dakota-lawyer-costs,0,1,0,8,0,0,,0,1,8,-100.0
how much do lawyers charge per hour,/states/rhode-island-lawyer-costs,0,1,0,9,0,1,9,0,0,,
how much do lawyers charge per hour,/states/south-carolina-lawyer-costs,0,1,0,9,0,1,9,0,0,,
how much do lawyers charge per hour,/states/south-dakota-lawyer-costs,0,1,0,6,0,1,6,0,0,,
how much do lawyers charge per hour,/states/texas-lawyer-costs,0,1,0,41,0,1,41,0,0,,
how much do lawyers charge per hour,/states/washington-lawyer-costs,0,1,0,9,0,1,9,0,0,,
how much do lawyers charge per hour,/states/wyoming-lawyer-costs,0,1,0,11,0,1,11,0,0,,
how much do lawyers charge to represent you in court,/states/louisiana-lawyer-costs,0,1,0,10,0,1,10,0,0,,
how much do lawyers cost,/,0,1,0,100,0,0,,0,1,100,-100.0
how much do lawyers cost,/states/kentucky-lawyer-costs,0,1,0,12,0,1,12,0,0,,
how much do lawyers cost,/states/massachusetts-lawyer-costs,0,1,0,49,0,0,,0,1,49,-100.0
how much do lawyers cost,/states/minnesota-lawyer-costs,0,1,0,11,0,0,,0,1,11,-100.0
how much do lawyers cost,/states/mississippi-lawyer-costs,0,1,0,13,0,0,,0,1,13,-100.0
how much do lawyers cost,/states/rhode-island-lawyer-costs,0,1,0,3,0,1,3,0,0,,
how much do lawyers cost,/states/south-dakota-lawyer-costs,0,1,0,13,0,0,,0,0,,
how much do lawyers cost,/states/virginia-lawyer-costs,0,1,0,12,0,1,12,0,0,,
how much do lawyers cost,/states/west-virginia-lawyer-costs,0,1,0,8,0,1,8,0,0,,
how much do lawyers cost,/states/wyoming-lawyer-costs,0,1,0,12,0,1,12,0,0,,
how much do lawyers cost an hour,/states/arizona-lawyer-costs,0,1,0,8,0,1,8,0,0,,
how much do lawyers cost for a divorce,/pages/divorce-lawyer-cost,0,1,0,90,0,0,,0,1,90,-100.0
how much do lawyers cost for civil cases,/states/louisiana-lawyer-costs,0,1,0,6,0,1,6,0,0,,
how much do lawyers cost for civil cases,/states/pennsylvania-lawyer-costs,0,1,0,11,0,1,11,0,0,,
how much do lawyers cost for divorce,/pages/divorce-lawyer-cost,0,1,0,91,0,0,,0,0,,
how much do lawyers cost for dui,/pages/dui-lawyer-cost,0,1,0,32,0,0,,0,1,32,-100.0
how much do lawyers cost for dui,/states/new-york-lawyer-costs,0,1,0,68,0,0,,0,1,68,-100.0
how much do lawyers cost in valdosta,/states/georgia-lawyer-costs,0,1,0,6,0,0,,0,0,,
how much do lawyers cost per hour,/pages/how-much-does-a-lawyer-cost,0,1,0,87,0,0,,0,1,87,-100.0
how much do lawyers cost per hour,/states/arizona-lawyer-costs,0,1,0,7,0,1,7,0,0,,
how much do lawyers cost per hour,/states/california-lawyer-costs,0,1,0,29,0,0,,0,0,,
how much do lawyers cost per hour,/states/kansas-lawyer-costs,0,1,0,10,0,0,,0,1,10,-100.0
how much do lawyers cost per hour,/states/nebraska-lawyer-costs,0,1,0,11,0,1,11,0,0,,
how much do lawyers cost per hour,/states/nevada-lawyer-costs,0,1,0,8,0,0,,0,1,8,-100.0
how much do lawyers cost per hour,/states/new-mexico-lawyer-costs,0,1,0,7,0,1,7,0,0,,
how much do lawyers cost per hour,/states/tennessee-lawyer-costs,0,1,0,9,0,1,9,0,0,,
how much do lawyers cost?,/states/alabama-lawyer-costs,0,1,0,12,0,1,12,0,0,,
how much do lawyers cost?,/states/arizona-lawyer-costs,0,1,0,11,0,1,11,0,0,,
how much do lawyers cost?,/states/new-hampshire-lawyer-costs,0,1,0,10,0,1,10,0,0,,
how much do lawyers make an hour,/states/tennessee-lawyer-costs,0,1,0,3,0,1,3,0,0,,
how much do lawyers make hourly,/states/colorado-lawyer-costs,0,1,0,40,0,0,,0,0,,
how much do lawyers make in alabama,/states/alabama-lawyer-costs,0,1,0,30,0,0,,0,0,,
how much do lawyers make in arizona,/states/arizona-lawyer-costs,0,1,0,35,0,1,35,0,0,,
how much do lawyers make in hawaii,/states/hawaii-lawyer-costs,0,1,0,47,0,0,,0,0,,
how much do lawyers make in iowa,/states/iowa-lawyer-costs,0,1,0,28,0,1,28,0,0,,
how much do lawyers make in louisiana,/states/louisiana-lawyer-costs,0,1,0,37,0,0,,0,0,,
how much do lawyers make in michigan,/states/michigan-lawyer-costs,0,1,0,7,0,0,,0,1,7,-100.0
how much do lawyers make in oregon,/states/oregon-lawyer-costs,0,1,0,40,0,0,,0,0,,
how much do lawyers make per hour,/states/colorado-lawyer-costs,0,1,0,21,0,0,,0,0,,
how much do lawyers take from settlement in florida,/states/florida-lawyer-costs,0,1,0,90,0,0,,0,1,90,-100.0
how much do lawyers typically charge,/states/nevada-lawyer-costs,0,1,0,10,0,1,10,0,0,,
how much do lawyers typically cost,/states/alabama-lawyer-costs,0,1,0,4,0,0,,0,0,,
how much do lawyers usually charge per hour,/states/arizona-lawyer-costs,0,1,0,10,0,1,10,0,0,,
how much do lawyers usually cost,/pages/how-much-does-a-lawyer-cost,0,1,0,55,0,0,,0,1,55,-100.0
how much do lawyers usually cost,/states/california-lawyer-costs,0,1,0,79,0,0,,0,0,,
how much do lawyers usually cost,/states/new-hampshire-lawyer-costs,0,1,0,13,0,0,,0,0,,
how much do lawyers usually cost,/states/new-york-lawyer-costs,0,1,0,14,0,0,,0,0,,
how much do lawyers usually cost,/states/wisconsin-lawyer-costs,0,1,0,94,0,0,,0,1,94,-100.0
how much do legal fees cost,/states/oregon-lawyer-costs,0,1,0,11,0,1,11,0,0,,
how much do malpractice lawyers cost,/states/new-york-lawyer-costs,0,1,0,78,0,0,,0,1,78,-100.0
how much do personal injury attorney leads cost on average,/pages/personal-injury-lawyer-cost,0,1,0,68,0,1,68,0,0,,
how much do personal injury attorneys charge,/pages/personal-injury-lawyer-cost,0,1,0,68,0,1,68,0,0,,
how much do private lawyers cost,/states/missouri-lawyer-costs,0,1,0,11,0,0,,0,0,,
how much do private lawyers cost,/states/washington-lawyer-costs,0,1,0,9,0,1,9,0,0,,
how much do private lawyers cost,/states/wisconsin-lawyer-costs,0,1,0,10,0,1,10,0,0,,
how much do probate lawyers charge per hour,/states/colorado-lawyer-costs,0,1,0,30,0,0,,0,0,,
how much do public defenders cost,/pages/criminal-defense-lawyer-cost,0,1,0,79,0,0,,0,1,79,-100.0
how much do real estate attorneys charge,/states/michigan-lawyer-costs,0,1,0,2,0,1,2,0,0,,
how much do real estate attorneys charge per hour,/states/minnesota-lawyer-costs,0,1,0,7,0,0,,0,1,7,-100.0
how much do small claims lawyers cost,/states/connecticut-lawyer-costs,0,1,0,1,0,1,1,0,0,,
how much do small claims lawyers cost,/states/mississippi-lawyer-costs,0,1,0,8,0,0,,0,1,8,-100.0
how much do small claims lawyers cost,/states/missouri-lawyer-costs,0,1,0,7,0,1,7,0,0,,
how much do small claims lawyers cost,/states/new-hampshire-lawyer-costs,0,1,0,6,0,1,6,0,0,,
how much do south carolina sexual abuse lawyers charge on contingency for abuse cases?,/states/south-carolina-lawyer-costs,0,1,0,1,0,1,1,0,0,,
how much do tax lawyers cost,/states/colorado-lawyer-costs,0,1,0,49,0,0,,0,0,,
how much do the best criminal lawyers cost?,/states/new-york-lawyer-costs,0,1,0,40,0,0,,0,1,40,-100.0
how much do the best lawyers charge per hour,/states/idaho-lawyer-costs,0,1,0,8,0,1,8,0,0,,
how much do the best lawyers cost,/states/new-york-lawyer-costs,0,1,0,63,0,1,63,0,0,,
how much do the best lawyers cost,/states/oregon-lawyer-costs,0,1,0,4,0,1,4,0,0,,
how much do these lawyers cost,/pages/business-lawyer-cost,0,1,0,10,0,1,10,0,0,,
how much do they charge,/states/minnesota-lawyer-costs,0,1,0,14,0,1,14,0,0,,
how much do they charge,/states/new-jersey-lawyer-costs,0,1,0,9,0,1,9,0,0,,
how much do they charge an hour,/states/hawaii-lawyer-costs,0,1,0,7,0,0,,0,1,7,-100.0
how much do they cost,/states/massachusetts-lawyer-costs,0,1,0,1,0,1,1,0,0,,
how much do they cost,/states/oregon-lawyer-costs,0,1,0,6,0,1,6,0,0,,
how much do they cost?,/states/massachusetts-lawyer-costs,0,1,0,8,0,1,8,0,0,,
how much do they typically cost,/states/west-virginia-lawyer-costs,0,1,0,2,0,1,2,0,0,,
how much do top lawyers charge per hour,/states/missouri-lawyer-costs,0,1,0,89,0,1,89,0,0,,
how much do va lawyers charge,/states/virginia-lawyer-costs,0,1,0,91,0,1,91,0,0,,
how much do workers comp lawyers charge in new york,/states/new-york-lawyer-costs,0,1,0,99,0,0,,0,1,99,-100.0
how much do you have to pay a lawyer,/states/new-york-lawyer-costs,0,1,0,46,0,0,,0,1,46,-100.0
how much do you pay a lawyer,/states/new-york-lawyer-costs,0,1,0,8,0,1,8,0,0,,
how much do you pay for a lawyer,/states/indiana-lawyer-costs,0,1,0,13,0,0,,0,0,,
how much do you think it cost,/states/kentucky-lawyer-costs,0,1,0,6,0,1,6,0,0,,
how much does a attorney cost,/states/alabama-lawyer-costs,0,1,0,11,0,0,,0,0,,
how much does a attorney cost,/states/connecticut-lawyer-costs,0,1,0,11,0,0,,0,1,11,-100.0
how much does a attorney cost,/states/indiana-lawyer-costs,0,1,0,4,0,1,4,0,0,,
how much does a attorney cost,/states/massachusetts-lawyer-costs,0,1,0,11,0,1,11,0,0,,
how much does a attorney cost,/states/mississippi-lawyer-costs,0,1,0,10,0,1,10,0,0,,
how much does a attorney cost,/states/missouri-lawyer-costs,0,1,0,11,0,1,11,0,0,,
how much does a attorney cost,/states/nevada-lawyer-costs,0,1,0,8,0,1,8,0,0,,
how much does a attorney cost,/states/new-mexico-lawyer-costs,0,1,0,11,0,0,,0,1,11,-100.0
how much does a attorney cost,/states/new-york-lawyer-costs,0,1,0,10,0,1,10,0,0,,
how much does a attorney cost,/states/rhode-island-lawyer-costs,0,1,0,10,0,0,,0,0,,
how much does a attorney cost,/states/south-dakota-lawyer-costs,0,1,0,9,0,0,,0,1,9,-100.0
how much does a attorney cost,/states/tennessee-lawyer-costs,0,1,0,11,0,1,11,0,0,,
how much does a attorney cost,/states/utah-lawyer-costs,0,1,0,10,0,0,,0,1,10,-100.0
how much does a attorney cost,/states/virginia-lawyer-costs,0,1,0,4,0,0,,0,1,4,-100.0
how much does a attorney cost,/states/west-virginia-lawyer-costs,0,1,0,8,0,1,8,0,0,,
how much does a attorney cost,/states/wyoming-lawyer-costs,0,1,0,12,0,0,,0,0,,
how much does a business attorney cost,/states/nevada-lawyer-costs,0,1,0,9,0,1,9,0,0,,
how much does a business lawyer cost,/states/florida-lawyer-costs,0,1,0,59,0,1,59,0,0,,
how much does a chapter 7 bankruptcy lawyer cost,/pages/bankruptcy-lawyer-cost,0,1,0,98,0,1,98,0,0,,
how much does a child support attorney cost,/states/arkansas-lawyer-costs,0,1,0,11,0,1,11,0,0,,
how much does a child support attorney cost,/states/idaho-lawyer-costs,0,1,0,8,0,0,,0,1,8,-100.0
how much does a child support attorney cost,/states/west-virginia-lawyer-costs,0,1,0,11,0,1,11,0,0,,
how much does a child support lawyer cost,/states/indiana-lawyer-costs,0,1,0,4,0,0,,0,0,,
how much does a child support lawyer cost,/states/nebraska-lawyer-costs,0,1,0,11,0,0,,0,1,11,-100.0
how much does a child support lawyer cost,/states/vermont-lawyer-costs,0,1,0,11,0,0,,0,0,,
how much does a child support lawyer cost,/states/west-virginia-lawyer-costs,0,1,0,9,0,0,,0,1,9,-100.0
how much does a child support lawyer cost,/states/wyoming-lawyer-costs,0,1,0,8,0,1,8,0,0,,
how much does a civil attorney cost,/states/alabama-lawyer-costs,0,1,0,8,0,1,8,0,0,,
how much does a civil attorney cost,/states/kansas-lawyer-costs,0,1,0,7,0,1,7,0,0,,
how much does a civil attorney cost,/states/louisiana-lawyer-costs,0,1,0,93,0,1,93,0,0,,
how much does a civil attorney cost,/states/nebraska-lawyer-costs,0,1,0,8,0,0,,0,1,8,-100.0
how much does a civil attorney cost,/states/oklahoma-lawyer-costs,0,1,0,49,0,1,49,0,0,,
how much does a civil attorney cost,/states/washington-lawyer-costs,0,1,0,10,0,1,10,0,0,,
how much does a civil attorney cost,/states/wisconsin-lawyer-costs,0,1,0,10,0,1,10,0,0,,
how much does a civil defense lawyer cost,/states/south-carolina-lawyer-costs,0,1,0,10,0,0,,0,1,10,-100.0
how much does a civil defense lawyer cost,/states/texas-lawyer-costs,0,1,0,10,0,0,,0,1,10,-100.0
how much does a civil defense lawyer cost,/states/west-virginia-lawyer-costs,0,1,0,9,0,1,9,0,0,,
how much does a civil defense lawyer cost,/states/wisconsin-lawyer-costs,0,1,0,12,0,0,,0,1,12,-100.0
how much does a civil jury trial cost,/states/west-virginia-lawyer-costs,0,1,0,19,0,0,,0,1,19,-100.0
how much does a civil lawyer cost,/states/kansas-lawyer-costs,0,1,0,6,0,1,6,0,0,,
how much does a civil lawyer cost,/states/massachusetts-lawyer-costs,0,1,0,7,0,1,7,0,0,,
how much does a civil lawyer cost,/states/mississippi-lawyer-costs,0,1,0,10,0,0,,0,1,10,-100.0
how much does a civil lawyer cost,/states/missouri-lawyer-costs,0,1,0,6,0,1,6,0,0,,
how much does a civil lawyer cost,/states/nebraska-lawyer-costs,0,1,0,10,0,1,10,0,0,,
how much does a civil lawyer cost,/states/new-jersey-lawyer-costs,0,1,0,11,0,1,11,0,0,,
how much does a civil lawyer cost,/states/oregon-lawyer-costs,0,1,0,12,0,0,,0,1,12,-100.0
how much does a civil lawyer cost,/states/south-dakota-lawyer-costs,0,1,0,7,0,0,,0,0,,
how much does a civil lawyer cost,/states/utah-lawyer-costs,0,1,0,7,0,0,,0,1,7,-100.0
how much does a civil lawyer cost,/states/washington-lawyer-costs,0,1,0,12,0,1,12,0,0,,
how much does a civil litigation lawyer cost,/states/arizona-lawyer-costs,0,1,0,12,0,0,,0,1,12,-100.0
how much does a civil litigation lawyer cost,/states/colorado-lawyer-costs,0,1,0,8,0,0,,0,1,8,-100.0
how much does a civil litigation lawyer cost,/states/connecticut-lawyer-costs,0,1,0,8,0,1,8,0,0,,
how much does a civil litigation lawyer cost,/states/indiana-lawyer-costs,0,1,0,10,0,0,,0,1,10,-100.0
how much does a civil litigation lawyer cost,/states/kentucky-lawyer-costs,0,1,0,10,0,1,10,0,0,,
how much does a civil litigation lawyer cost,/states/missouri-lawyer-costs,0,1,0,11,0,1,11,0,0,,
how much does a civil litigation lawyer cost,/states/new-hampshire-lawyer-costs,0,1,0,6,0,0,,0,0,,
how much does a civil litigation lawyer cost,/states/oklahoma-lawyer-costs,0,1,0,10,0,1,10,0,0,,
how much does a civil litigation lawyer cost,/states/tennessee-lawyer-costs,0,1,0,9,0,1,9,0,0,,
how much does a civil litigation lawyer cost,/states/vermont-lawyer-costs,0,1,0,8,0,1,8,0,0,,
how much does a civil litigation lawyer cost,/states/virginia-lawyer-costs,0,1,0,9,0,0,,0,1,9,-100.0
how much does a civil rights attorney cost,/states/indiana-lawyer-costs,0,1,0,9,0,0,,0,1,9,-100.0
how much does a civil rights attorney cost,/states/nevada-lawyer-costs,0,1,0,5,0,1,5,0,0,,
how much does a civil rights attorney cost,/states/new-york-lawyer-costs,0,1,0,80,0,1,80,0,0,,
how much does a civil rights attorney cost,/states/south-dakota-lawyer-costs,0,1,0,12,0,0,,0,1,12,-100.0
how much does a civil rights attorney cost,/states/tennessee-lawyer-costs,0,1,0,9,0,0,,0,1,9,-100.0
how much does a civil rights attorney cost,/states/west-virginia-lawyer-costs,0,1,0,7,0,0,,0,1,7,-100.0
how much does a civil rights attorney cost,/states/wisconsin-lawyer-costs,0,1,0,7,0,1,7,0,0,,
how much does a civil rights lawyer cost,/states/arizona-lawyer-costs,0,1,0,12,0,1,12,0,0,,
how much does a civil rights lawyer cost,/states/new-york-lawyer-costs,0,1,0,83,0,1,83,0,0,,
how much does a civil suit lawyer cost,/states/kentucky-lawyer-costs,0,1,0,8,0,0,,0,1,8,-100.0
how much does a civil suit lawyer cost,/states/nevada-lawyer-costs,0,1,0,4,0,1,4,0,0,,
how much does a civil suit lawyer cost,/states/north-dakota-lawyer-costs,0,1,0,9,0,0,,0,1,9,-100.0
how much does a civil suit lawyer cost,/states/tennessee-lawyer-costs,0,1,0,9,0,0,,0,1,9,-100.0
how much does a civil trial cost,/states/kansas-lawyer-costs,0,1,0,8,0,1,8,0,0,,
how much does a closing attorney cost,/states/kentucky-lawyer-costs,0,1,0,10,0,0,,0,1,10,-100.0
how much does a comprehensive estate plan typically cost in 2026 and which providers list transparent fees?,/pages/estate-planning-lawyer-cost,0,1,0,64,0,1,64,0,0,,
how much does a construction lawyer cost,/pages/real-estate-lawyer-cost,0,1,0,82,0,0,,0,1,82,-100.0
how much does a construction lawyer cost,/states/colorado-lawyer-costs,0,1,0,16,0,0,,0,0,,
how much does a construction lawyer cost,/states/new-york-lawyer-costs,0,1,0,11,0,1,11,0,0,,
how much does a construction lawyer cost,/states/wisconsin-lawyer-costs,0,1,0,12,0,1,12,0,0,,
how much does a consultation with a lawyer cost,/pages/how-much-does-a-lawyer-cost,0,1,0,1,0,1,1,0,0,,
how much does a consultation with a lawyer cost,/states/california-lawyer-costs,0,1,0,69,0,0,,0,0,,
how much does a consumer lawyer cost,/states/illinois-lawyer-costs,0,1,0,11,0,1,11,0,0,,
how much does a consumer lawyer cost,/states/new-jersey-lawyer-costs,0,1,0,11,0,1,11,0,0,,
how much does a consumer lawyer cost,/states/south-carolina-lawyer-costs,0,1,0,10,0,0,,0,1,10,-100.0
how much does a consumer protection lawyer cost,/states/arkansas-lawyer-costs,0,1,0,12,0,0,,0,1,12,-100.0
how much does a consumer protection lawyer cost,/states/mississippi-lawyer-costs,0,1,0,10,0,1,10,0,0,,
how much does a consumer protection lawyer cost,/states/nevada-lawyer-costs,0,1,0,8,0,0,,0,1,8,-100.0
how much does a consumer protection lawyer cost,/states/new-jersey-lawyer-costs,0,1,0,3,0,0,,0,1,3,-100.0
how much does a consumer protection lawyer cost,/states/pennsylvania-lawyer-costs,0,1,0,12,0,1,12,0,0,,
how much does a consumer protection lawyer cost,/states/texas-lawyer-costs,0,1,0,1,0,1,1,0,0,,
how much does a contract lawyer cost,/pages/business-lawyer-cost,0,1,0,84,0,0,,0,0,,
how much does a contract lawyer cost,/states/colorado-lawyer-costs,0,1,0,15,0,0,,0,0,,
how much does a court appointed lawyer cost,/states/new-york-lawyer-costs,0,1,0,64,0,0,,0,1,64,-100.0
how much does a court-appointed lawyer cost,/states/south-carolina-lawyer-costs,0,1,0,90,0,1,90,0,0,,
how much does a criminal defense attorney cost,/states/nevada-lawyer-costs,0,1,0,1,0,1,1,0,0,,
how much does a criminal defense attorney cost,/states/north-dakota-lawyer-costs,0,1,0,8,0,0,,0,1,8,-100.0
how much does a criminal defense attorney cost,/states/ohio-lawyer-costs,0,1,0,3,0,1,3,0,0,,
how much does a criminal defense lawyer cost,/states/texas-lawyer-costs,0,1,0,9,0,1,9,0,0,,
how much does a criminal defense lawyer cost,/states/washington-lawyer-costs,0,1,0,1,0,1,1,0,0,,
how much does a criminal defense lawyer cost in california,/states/california-lawyer-costs,0,1,0,7,0,0,,0,0,,
how much does a criminal defense lawyer cost in nyc,/pages/criminal-defense-lawyer-cost,0,1,0,33,0,1,33,0,0,,
how much does a criminal lawyer charge,/pages/criminal-defense-lawyer-cost,0,1,0,60,0,0,,0,1,60,-100.0
how much does a criminal lawyer cost,/states/florida-lawyer-costs,0,1,0,97,0,0,,0,0,,
how much does a criminal lawyer cost,/states/mississippi-lawyer-costs,0,1,0,60,0,0,,0,1,60,-100.0
how much does a criminal lawyer cost in atlanta,/states/georgia-lawyer-costs,0,1,0,100,0,0,,0,1,100,-100.0
how much does a custody attorney cost,/states/new-york-lawyer-costs,0,1,0,87,0,0,,0,1,87,-100.0
how much does a custody lawyer cost,/states/oregon-lawyer-costs,0,1,0,12,0,0,,0,1,12,-100.0
how much does a debt settlement lawyer cost,/states/new-york-lawyer-costs,0,1,0,89,0,0,,0,1,89,-100.0
how much does a deed cost,/states/mississippi-lawyer-costs,0,1,0,11,0,1,11,0,0,,
how much does a defense attorney cost,/states/missouri-lawyer-costs,0,1,0,1,0,1,1,0,0,,
how much does a defense attorney cost,/states/pennsylvania-lawyer-costs,0,1,0,3,0,1,3,0,0,,
how much does a defense attorney cost,/states/south-carolina-lawyer-costs,0,1,0,3,0,0,,0,1,3,-100.0
how much does a disability attorney cost,/states/new-york-lawyer-costs,0,1,0,88,0,1,88,0,0,,
how much does a disability lawyer cost,/states/new-york-lawyer-costs,0,1,0,89,0,1,89,0,0,,
how much does a divorce cost in arkansas,/states/arkansas-lawyer-costs,0,1,0,77,0,1,77,0,0,,
how much does a divorce cost in iowa,/states/iowa-lawyer-costs,0,1,0,60,0,0,,0,0,,
how much does a divorce cost in maryland,/states/maryland-lawyer-costs,0,1,0,91,0,1,91,0,0,,
how much does a divorce cost in utah,/states/utah-lawyer-costs,0,1,0,45,0,0,,0,0,,
how much does a divorce lawyer cost,/states/arkansas-lawyer-costs,0,1,0,12,0,1,12,0,0,,
how much does a divorce lawyer cost in georgia,/states/georgia-lawyer-costs,0,1,0,51,0,0,,0,0,,
how much does a divorce lawyer cost in massachusetts,/states/massachusetts-lawyer-costs,0,1,0,55,0,0,,0,0,,
how much does a divorce lawyer cost in minnesota,/states/minnesota-lawyer-costs,0,1,0,38,0,1,38,0,0,,
how much does a domestic violence lawyer cost,/states/nebraska-lawyer-costs,0,1,0,31,0,0,,0,1,31,-100.0
how much does a dui lawyer cost,/states/new-york-lawyer-costs,0,1,0,64,0,0,,0,1,64,-100.0
how much does a dui lawyer cost in arizona,/states/arizona-lawyer-costs,0,1,0,76,0,0,,0,1,76,-100.0
how much does a dui lawyer cost in florida,/states/florida-lawyer-costs,0,1,0,98,0,0,,0,1,98,-100.0
how much does a dui lawyer cost in illinois,/states/illinois-lawyer-costs,0,1,0,95,0,0,,0,1,95,-100.0
how much does a eviction lawyer cost,/states/new-york-lawyer-costs,0,1,0,54,0,1,54,0,0,,
how much does a family attorney cost,/states/arkansas-lawyer-costs,0,1,0,9,0,1,9,0,0,,
how much does a family attorney cost,/states/idaho-lawyer-costs,0,1,0,7,0,1,7,0,0,,
how much does a family attorney cost,/states/kansas-lawyer-costs,0,1,0,12,0,0,,0,1,12,-100.0
how much does a family attorney cost,/states/new-york-lawyer-costs,0,1,0,62,0,1,62,0,0,,
how much does a family attorney cost,/states/oklahoma-lawyer-costs,0,1,0,2,0,1,2,0,0,,
how much does a family court lawyer cost,/states/arkansas-lawyer-costs,0,1,0,7,0,1,7,0,0,,
how much does a family court lawyer cost,/states/oklahoma-lawyer-costs,0,1,0,10,0,1,10,0,0,,
how much does a family law attorney cost,/states/idaho-lawyer-costs,0,1,0,11,0,0,,0,1,11,-100.0
how much does a family law attorney cost,/states/new-york-lawyer-costs,0,1,0,80,0,1,80,0,0,,
how much does a family law attorney cost,/states/south-dakota-lawyer-costs,0,1,0,9,0,1,9,0,0,,
how much does a family law attorney cost in california,/states/california-lawyer-costs,0,1,0,52,0,1,52,0,0,,
how much does a family law lawyer cost,/states/minnesota-lawyer-costs,0,1,0,11,0,1,11,0,0,,
how much does a family law lawyer cost,/states/new-york-lawyer-costs,0,1,0,64,0,1,64,0,0,,
how much does a family lawyer cost,/states/connecticut-lawyer-costs,0,1,0,12,0,1,12,0,0,,
how much does a family lawyer cost,/states/hawaii-lawyer-costs,0,1,0,8,0,1,8,0,0,,
how much does a family lawyer cost,/states/louisiana-lawyer-costs,0,1,0,12,0,1,12,0,0,,
how much does a family lawyer cost,/states/nebraska-lawyer-costs,0,1,0,8,0,1,8,0,0,,
how much does a family lawyer cost,/states/south-carolina-lawyer-costs,0,1,0,1,0,1,1,0,0,,
how much does a father's rights lawyer cost,/states/oregon-lawyer-costs,0,1,0,9,0,1,9,0,0,,
how much does a federal attorney cost,/states/new-york-lawyer-costs,0,1,0,35,0,0,,0,1,35,-100.0
how much does a federal lawyer cost,/states/delaware-lawyer-costs,0,1,0,7,0,0,,0,0,,
how much does a felony defense attorney cost,/states/kentucky-lawyer-costs,0,1,0,11,0,0,,0,1,11,-100.0
how much does a felony defense attorney cost,/states/new-mexico-lawyer-costs,0,1,0,11,0,1,11,0,0,,
how much does a felony defense attorney cost,/states/new-york-lawyer-costs,0,1,0,53,0,1,53,0,0,,
how much does a felony defense attorney cost,/states/north-dakota-lawyer-costs,0,1,0,9,0,1,9,0,0,,
how much does a felony defense attorney cost,/states/oklahoma-lawyer-costs,0,1,0,12,0,1,12,0,0,,
how much does a felony defense attorney cost,/states/south-carolina-lawyer-costs,0,1,0,12,0,1,12,0,0,,
how much does a felony defense attorney cost,/states/west-virginia-lawyer-costs,0,1,0,1,0,1,1,0,0,,
how much does a good attorney cost,/pages/how-much-does-a-lawyer-cost,0,1,0,66,0,1,66,0,0,,
how much does a good attorney cost,/states/kentucky-lawyer-costs,0,1,0,11,0,0,,0,1,11,-100.0
how much does a good defense attorney cost,/states/new-york-lawyer-costs,0,1,0,32,0,1,32,0,0,,
how much does a good divorce attorney charge,/states/wisconsin-lawyer-costs,0,1,0,4,0,1,4,0,0,,
how much does a good lawyer cost,/,0,1,0,98,0,0,,0,1,98,-100.0
how much does a good lawyer cost,/pages/lawyer-cost-calculator,0,1,0,90,0,0,,0,1,90,-100.0
how much does a good lawyer cost,/states/california-lawyer-costs,0,1,0,65,0,0,,0,0,,
how much does a good lawyer cost,/states/indiana-lawyer-costs,0,1,0,7,0,1,7,0,0,,
how much does a good lawyer cost,/states/michigan-lawyer-costs,0,1,0,4,0,0,,0,0,,
how much does a good lawyer cost,/states/mississippi-lawyer-costs,0,1,0,12,0,0,,0,1,12,-100.0
how much does a good lawyer cost,/states/north-dakota-lawyer-costs,0,1,0,8,0,1,8,0,0,,
how much does a good lawyer cost,/states/ohio-lawyer-costs,0,1,0,3,0,1,3,0,0,,
how much does a good lawyer cost,/states/oklahoma-lawyer-costs,0,1,0,60,0,1,60,0,0,,
how much does a good lawyer cost,/states/south-dakota-lawyer-costs,0,1,0,12,0,0,,0,1,12,-100.0
how much does a good lawyer cost,/states/west-virginia-lawyer-costs,0,1,0,8,0,1,8,0,0,,
how much does a good lawyer cost per hour,/states/idaho-lawyer-costs,0,1,0,10,0,0,,0,1,10,-100.0
how much does a good lawyer cost per hour,/states/minnesota-lawyer-costs,0,1,0,11,0,0,,0,0,,
how much does a good lawyer cost per hour,/states/oregon-lawyer-costs,0,1,0,12,0,1,12,0,0,,
how much does a good lawyer cost per hour,/states/wyoming-lawyer-costs,0,1,0,11,0,0,,0,0,,
how much does a harassment lawyer cost,/states/missouri-lawyer-costs,0,1,0,10,0,0,,0,1,10,-100.0
how much does a landlord tenant lawyer cost,/states/minnesota-lawyer-costs,0,1,0,9,0,1,9,0,0,,
how much does a landlord tenant lawyer cost,/states/new-york-lawyer-costs,0,1,0,9,0,1,9,0,0,,
how much does a landlord tenant lawyer cost,/states/north-carolina-lawyer-costs,0,1,0,11,0,1,11,0,0,,
how much does a lawer cost,/states/alabama-lawyer-costs,0,1,0,9,0,1,9,0,0,,
how much does a lawer cost,/states/colorado-lawyer-costs,0,1,0,1,0,0,,0,1,1,-100.0
how much does a lawer cost,/states/minnesota-lawyer-costs,0,1,0,9,0,1,9,0,0,,
how much does a lawer cost,/states/new-hampshire-lawyer-costs,0,1,0,11,0,0,,0,1,11,-100.0
how much does a lawer cost,/states/tennessee-lawyer-costs,0,1,0,12,0,1,12,0,0,,
how much does a lawer cost,/states/west-virginia-lawyer-costs,0,1,0,11,0,1,11,0,0,,
how much does a lawyer charge,/pages/can-i-afford-a-lawyer,0,1,0,85,0,0,,0,0,,
how much does a lawyer charge,/states/california-lawyer-costs,0,1,0,92,0,0,,0,0,,
how much does a lawyer charge,/states/maine-lawyer-costs,0,1,0,8,0,0,,0,1,8,-100.0
how much does a lawyer charge,/states/mississippi-lawyer-costs,0,1,0,11,0,0,,0,1,11,-100.0
how much does a lawyer charge,/states/new-york-lawyer-costs,0,1,0,68,0,0,,0,0,,
how much does a lawyer charge an hour,/states/maine-lawyer-costs,0,1,0,5,0,0,,0,1,5,-100.0
how much does a lawyer charge for a case,/states/vermont-lawyer-costs,0,1,0,8,0,0,,0,1,8,-100.0
how much does a lawyer charge for an uncontested divorce,/pages/divorce-lawyer-cost,0,1,0,67,0,0,,0,1,67,-100.0
how much does a lawyer charge for chapter 13,/pages/bankruptcy-lawyer-cost,0,1,0,40,0,1,40,0,0,,
how much does a lawyer charge for chapter 7,/states/new-york-lawyer-costs,0,1,0,75,0,1,75,0,0,,
how much does a lawyer charge per hour,/states/hawaii-lawyer-costs,0,1,0,11,0,1,11,0,0,,
how much does a lawyer charge per hour,/states/maryland-lawyer-costs,0,1,0,11,0,0,,0,1,11,-100.0
how much does a lawyer charge per hour,/states/missouri-lawyer-costs,0,1,0,9,0,0,,0,0,,
how much does a lawyer charge per hour,/states/nevada-lawyer-costs,0,1,0,8,0,0,,0,1,8,-100.0
how much does a lawyer charge per hour,/states/pennsylvania-lawyer-costs,0,1,0,4,0,1,4,0,0,,
how much does a lawyer charge per hour,/states/tennessee-lawyer-costs,0,1,0,10,0,1,10,0,0,,
how much does a lawyer charge per hour,/states/wisconsin-lawyer-costs,0,1,0,11,0,1,11,0,0,,
how much does a lawyer charge to file a lien,/states/south-carolina-lawyer-costs,0,1,0,1,0,0,,0,1,1,-100.0
how much does a lawyer charge to represent you in court,/states/connecticut-lawyer-costs,0,1,0,13,0,0,,0,0,,
how much does a lawyer charge to represent you in court,/states/maine-lawyer-costs,0,1,0,11,0,0,,0,0,,
how much does a lawyer charge to represent you in court,/states/massachusetts-lawyer-costs,0,1,0,1,0,0,,0,1,1,-100.0
how much does a lawyer charge to represent you in court,/states/missouri-lawyer-costs,0,1,0,1,0,1,1,0,0,,
how much does a lawyer charge to represent you in court,/states/pennsylvania-lawyer-costs,0,1,0,12,0,1,12,0,0,,
how much does a lawyer charge to represent you in court,/states/wisconsin-lawyer-costs,0,1,0,11,0,1,11,0,0,,
how much does a lawyer charge to transfer a deed in wv,/states/west-virginia-lawyer-costs,0,1,0,32,0,1,32,0,0,,
how much does a lawyer consultation cost,/pages/how-much-does-a-lawyer-cost,0,1,0,39,0,0,,0,0,,
how much does a lawyer consultation cost,/states/colorado-lawyer-costs,0,1,0,10,0,1,10,0,0,,
how much does a lawyer consultation cost,/states/new-mexico-lawyer-costs,0,1,0,11,0,1,11,0,0,,
how much does a lawyer cost,/pages/lawyer-cost-calculator,0,1,0,88,0,0,,0,1,88,-100.0
how much does a lawyer cost,/states/,0,1,0,100,0,0,,0,1,100,-100.0
how much does a lawyer cost an hour,/states/kentucky-lawyer-costs,0,1,0,12,0,1,12,0,0,,
how much does a lawyer cost for a civil case,/states/minnesota-lawyer-costs,0,1,0,10,0,0,,0,0,,
how much does a lawyer cost for a criminal case,/states/alaska-lawyer-costs,0,1,0,62,0,0,,0,1,62,-100.0
how much does a lawyer cost for a divorce,/pages/divorce-lawyer-cost,0,1,0,97,0,0,,0,0,,
how much does a lawyer cost for a divorce,/states/arkansas-lawyer-costs,0,1,0,10,0,1,10,0,0,,
how much does a lawyer cost for a felony,/states/kentucky-lawyer-costs,0,1,0,1,0,1,1,0,0,,
how much does a lawyer cost for a felony,/states/new-mexico-lawyer-costs,0,1,0,7,0,1,7,0,0,,
how much does a lawyer cost for a felony,/states/oklahoma-lawyer-costs,0,1,0,11,0,0,,0,1,11,-100.0
how much does a lawyer cost for a felony,/states/south-carolina-lawyer-costs,0,1,0,12,0,1,12,0,0,,
how much does a lawyer cost for a felony charge,/states/alabama-lawyer-costs,0,1,0,10,0,1,10,0,0,,
how much does a lawyer cost for a felony charge,/states/new-mexico-lawyer-costs,0,1,0,7,0,0,,0,1,7,-100.0
how much does a lawyer cost for a felony charge,/states/oklahoma-lawyer-costs,0,1,0,11,0,1,11,0,0,,
how much does a lawyer cost for a felony charge,/states/south-carolina-lawyer-costs,0,1,0,12,0,1,12,0,0,,
how much does a lawyer cost for a felony charge,/states/west-virginia-lawyer-costs,0,1,0,6,0,1,6,0,0,,
how much does a lawyer cost for a lawsuit,/states/kansas-lawyer-costs,0,1,0,10,0,0,,0,0,,
how much does a lawyer cost for a lawsuit,/states/louisiana-lawyer-costs,0,1,0,10,0,0,,0,0,,
how much does a lawyer cost for a lawsuit,/states/nevada-lawyer-costs,0,1,0,5,0,1,5,0,0,,
how much does a lawyer cost for a lawsuit,/states/new-jersey-lawyer-costs,0,1,0,1,0,0,,0,1,1,-100.0
how much does a lawyer cost for a misdemeanor,/states/connecticut-lawyer-costs,0,1,0,10,0,1,10,0,0,,
how much does a lawyer cost for a misdemeanor,/states/nebraska-lawyer-costs,0,1,0,9,0,0,,0,1,9,-100.0
how much does a lawyer cost for a misdemeanor,/states/vermont-lawyer-costs,0,1,0,8,0,0,,0,1,8,-100.0
how much does a lawyer cost for a misdemeanor,/states/west-virginia-lawyer-costs,0,1,0,9,0,0,,0,0,,
how much does a lawyer cost for a misdemeanor case,/states/north-dakota-lawyer-costs,0,1,0,8,0,1,8,0,0,,
how much does a lawyer cost for a small business,/pages/business-lawyer-cost,0,1,0,46,0,1,46,0,0,,
how much does a lawyer cost for a small business,/states/new-york-lawyer-costs,0,1,0,35,0,1,35,0,0,,
how much does a lawyer cost for a trial,/states/alabama-lawyer-costs,0,1,0,11,0,0,,0,0,,
how much does a lawyer cost for a trial,/states/new-jersey-lawyer-costs,0,1,0,8,0,1,8,0,0,,
how much does a lawyer cost for a trial,/states/ohio-lawyer-costs,0,1,0,12,0,1,12,0,0,,
how much does a lawyer cost for a trial,/states/oklahoma-lawyer-costs,0,1,0,8,0,0,,0,0,,
how much does a lawyer cost for a trial,/states/tennessee-lawyer-costs,0,1,0,6,0,1,6,0,0,,
how much does a lawyer cost for an assault charge,/states/massachusetts-lawyer-costs,0,1,0,10,0,0,,0,1,10,-100.0
how much does a lawyer cost for an assault charge,/states/south-dakota-lawyer-costs,0,1,0,6,0,1,6,0,0,,
how much does a lawyer cost for child custody,/states/kentucky-lawyer-costs,0,1,0,2,0,1,2,0,0,,
how much does a lawyer cost for custody battle,/states/louisiana-lawyer-costs,0,1,0,14,0,1,14,0,0,,
how much does a lawyer cost for dui,/pages/dui-lawyer-cost,0,1,0,54,0,1,54,0,0,,
how much does a lawyer cost for dui,/states/new-york-lawyer-costs,0,1,0,60,0,0,,0,1,60,-100.0
how much does a lawyer cost for family court,/states/wisconsin-lawyer-costs,0,1,0,12,0,1,12,0,0,,
how much does a lawyer cost for small claims court,/states/arizona-lawyer-costs,0,1,0,8,0,0,,0,1,8,-100.0
how much does a lawyer cost for small claims court,/states/colorado-lawyer-costs,0,1,0,11,0,1,11,0,0,,
how much does a lawyer cost for small claims court,/states/indiana-lawyer-costs,0,1,0,8,0,0,,0,1,8,-100.0
how much does a lawyer cost for small claims court,/states/maryland-lawyer-costs,0,1,0,9,0,0,,0,1,9,-100.0
how much does a lawyer cost for small claims court,/states/massachusetts-lawyer-costs,0,1,0,8,0,1,8,0,0,,
how much does a lawyer cost for small claims court,/states/nebraska-lawyer-costs,0,1,0,7,0,0,,0,1,7,-100.0
how much does a lawyer cost for small claims court,/states/nevada-lawyer-costs,0,1,0,4,0,0,,0,1,4,-100.0
how much does a lawyer cost for small claims court,/states/north-carolina-lawyer-costs,0,1,0,10,0,1,10,0,0,,
how much does a lawyer cost for small claims court,/states/oregon-lawyer-costs,0,1,0,6,0,1,6,0,0,,
how much does a lawyer cost for small claims court,/states/south-carolina-lawyer-costs,0,1,0,46,0,0,,0,1,46,-100.0
how much does a lawyer cost for small claims court,/states/washington-lawyer-costs,0,1,0,3,0,1,3,0,0,,
how much does a lawyer cost on average,/states/indiana-lawyer-costs,0,1,0,11,0,0,,0,1,11,-100.0
how much does a lawyer cost on average,/states/kentucky-lawyer-costs,0,1,0,10,0,1,10,0,0,,
how much does a lawyer cost on average,/states/new-hampshire-lawyer-costs,0,1,0,9,0,0,,0,1,9,-100.0
how much does a lawyer cost per case,/states/delaware-lawyer-costs,0,1,0,11,0,1,11,0,0,,
how much does a lawyer cost per case,/states/idaho-lawyer-costs,0,1,0,7,0,1,7,0,0,,
how much does a lawyer cost per case,/states/kentucky-lawyer-costs,0,1,0,11,0,1,11,0,0,,
how much does a lawyer cost per case,/states/massachusetts-lawyer-costs,0,1,0,8,0,1,8,0,0,,
how much does a lawyer cost per case,/states/mississippi-lawyer-costs,0,1,0,10,0,1,10,0,0,,
how much does a lawyer cost per case,/states/new-york-lawyer-costs,0,1,0,8,0,1,8,0,0,,
how much does a lawyer cost per case,/states/west-virginia-lawyer-costs,0,1,0,8,0,1,8,0,0,,
how much does a lawyer cost per hour,/states/alabama-lawyer-costs,0,1,0,11,0,1,11,0,0,,
how much does a lawyer cost per hour,/states/arizona-lawyer-costs,0,1,0,10,0,1,10,0,0,,
how much does a lawyer cost per hour,/states/arkansas-lawyer-costs,0,1,0,10,0,0,,0,1,10,-100.0
how much does a lawyer cost per hour,/states/kentucky-lawyer-costs,0,1,0,11,0,0,,0,1,11,-100.0
how much does a lawyer cost per hour,/states/maine-lawyer-costs,0,1,0,11,0,0,,0,0,,
how much does a lawyer cost per hour,/states/new-jersey-lawyer-costs,0,1,0,12,0,1,12,0,0,,
how much does a lawyer cost per hour,/states/oklahoma-lawyer-costs,0,1,0,10,0,0,,0,1,10,-100.0
how much does a lawyer cost per hour,/states/rhode-island-lawyer-costs,0,1,0,9,0,1,9,0,0,,
how much does a lawyer cost per hour,/states/south-carolina-lawyer-costs,0,1,0,9,0,1,9,0,0,,
how much does a lawyer cost per hour,/states/utah-lawyer-costs,0,1,0,9,0,1,9,0,0,,
how much does a lawyer cost per hour,/states/west-virginia-lawyer-costs,0,1,0,9,0,0,,0,0,,
how much does a lawyer cost to represent you in court,/states/indiana-lawyer-costs,0,1,0,7,0,0,,0,1,7,-100.0
how much does a lawyer cost to represent you in court,/states/michigan-lawyer-costs,0,1,0,11,0,0,,0,0,,
how much does a lawyer cost to represent you in court,/states/new-york-lawyer-costs,0,1,0,11,0,0,,0,1,11,-100.0
how much does a lawyer cost to represent you in court,/states/pennsylvania-lawyer-costs,0,1,0,11,0,0,,0,0,,
how much does a lawyer cost to represent you in court,/states/south-carolina-lawyer-costs,0,1,0,11,0,0,,0,1,11,-100.0
how much does a lawyer cost to sue someone,/states/missouri-lawyer-costs,0,1,0,5,0,1,5,0,0,,
how much does a lawyer cost to sue someone,/states/south-carolina-lawyer-costs,0,1,0,11,0,0,,0,1,11,-100.0
how much does a lawyer cost?,/states/california-lawyer-costs,0,1,0,37,0,0,,0,0,,
how much does a lawyer cost?,/states/new-jersey-lawyer-costs,0,1,0,11,0,1,11,0,0,,
how much does a lawyer cost?,/states/new-mexico-lawyer-costs,0,1,0,12,0,0,,0,1,12,-100.0
how much does a lawyer cost?,/states/oregon-lawyer-costs,0,1,0,11,0,1,11,0,0,,
how much does a lawyer cost?,/states/south-carolina-lawyer-costs,0,1,0,12,0,0,,0,1,12,-100.0
how much does a lawyer get,/states/new-york-lawyer-costs,0,1,0,32,0,1,32,0,0,,
how much does a lawyer get paid,/states/colorado-lawyer-costs,0,1,0,39,0,0,,0,0,,
how much does a lawyer make in arizona,/states/arizona-lawyer-costs,0,1,0,35,0,1,35,0,0,,
how much does a lawyer make in ohio,/states/ohio-lawyer-costs,0,1,0,27,0,0,,0,1,27,-100.0
how much does a lawyer make per case,/states/new-hampshire-lawyer-costs,0,1,0,9,0,0,,0,1,9,-100.0
how much does a lawyer typically cost,/states/colorado-lawyer-costs,0,1,0,12,0,0,,0,1,12,-100.0
how much does a lawyer typically cost,/states/kentucky-lawyer-costs,0,1,0,12,0,1,12,0,0,,
how much does a lawyer typically cost,/states/new-hampshire-lawyer-costs,0,1,0,8,0,1,8,0,0,,
how much does a lawyer typically cost,/states/vermont-lawyer-costs,0,1,0,10,0,1,10,0,0,,
how much does a lawyer usually cost,/pages/how-much-does-a-lawyer-cost,0,1,0,47,0,0,,0,0,,
how much does a lawyer usually cost,/states/alabama-lawyer-costs,0,1,0,13,0,0,,0,0,,
how much does a lawyer usually cost,/states/hawaii-lawyer-costs,0,1,0,10,0,1,10,0,0,,
how much does a lawyer usually cost,/states/mississippi-lawyer-costs,0,1,0,12,0,0,,0,1,12,-100.0
how much does a lawyer usually cost,/states/new-york-lawyer-costs,0,1,0,21,0,0,,0,0,,
how much does a lawyer usually cost,/states/oklahoma-lawyer-costs,0,1,0,43,0,1,43,0,0,,
how much does a lawyer usually cost,/states/pennsylvania-lawyer-costs,0,1,0,12,0,1,12,0,0,,
how much does a lawyer usually cost,/states/south-carolina-lawyer-costs,0,1,0,87,0,0,,0,0,,
how much does a lawyer usually cost,/states/tennessee-lawyer-costs,0,1,0,67,0,1,67,0,0,,
how much does a layer cost,/states/missouri-lawyer-costs,0,1,0,11,0,0,,0,0,,
how much does a layer cost,/states/nevada-lawyer-costs,0,1,0,5,0,1,5,0,0,,
how much does a layer cost,/states/utah-lawyer-costs,0,1,0,9,0,0,,0,0,,
how much does a laywer cost,/states/minnesota-lawyer-costs,0,1,0,10,0,1,10,0,0,,
how much does a legal aid lawyer cost,/states/alabama-lawyer-costs,0,1,0,7,0,0,,0,1,7,-100.0
how much does a legal aid lawyer cost,/states/illinois-lawyer-costs,0,1,0,10,0,0,,0,1,10,-100.0
how much does a legal aid lawyer cost,/states/nebraska-lawyer-costs,0,1,0,5,0,1,5,0,0,,
how much does a legal aid lawyer cost,/states/oklahoma-lawyer-costs,0,1,0,8,0,1,8,0,0,,
how much does a legal aid lawyer cost,/states/pennsylvania-lawyer-costs,0,1,0,11,0,0,,0,1,11,-100.0
how much does a legal aid lawyer cost,/states/virginia-lawyer-costs,0,1,0,10,0,0,,0,1,10,-100.0
how much does a legal consultation cost,/states/colorado-lawyer-costs,0,1,0,30,0,0,,0,0,,
how much does a legal expert cost,/states/california-lawyer-costs,0,1,0,70,0,0,,0,1,70,-100.0
how much does a legal letter cost,/states/south-carolina-lawyer-costs,0,1,0,7,0,1,7,0,0,,
how much does a legal opinion cost,/states/louisiana-lawyer-costs,0,1,0,8,0,1,8,0,0,,
how much does a legal opinion cost,/states/wisconsin-lawyer-costs,0,1,0,11,0,0,,0,0,,
how much does a litigation lawyer cost,/states/massachusetts-lawyer-costs,0,1,0,7,0,1,7,0,0,,
how much does a local attorney cost?,/states/new-york-lawyer-costs,0,1,0,27,0,0,,0,1,27,-100.0
how much does a lottery lawyer charge,/states/massachusetts-lawyer-costs,0,1,0,1,0,1,1,0,0,,
how much does a lottery lawyer charge,/states/new-york-lawyer-costs,0,1,0,41,0,0,,0,1,41,-100.0
how much does a lottery lawyer cost,/states/mississippi-lawyer-costs,0,1,0,11,0,0,,0,1,11,-100.0
how much does a misdemeanor defense attorney cost,/states/south-dakota-lawyer-costs,0,1,0,11,0,0,,0,0,,
how much does a paralegal cost,/states/new-york-lawyer-costs,0,1,0,91,0,0,,0,1,91,-100.0
how much does a pardon lawyer cost,/states/new-york-lawyer-costs,0,1,0,70,0,1,70,0,0,,
how much does a parole lawyer cost in ga,/states/georgia-lawyer-costs,0,1,0,93,0,0,,0,0,,
how much does a parole lawyer cost in texas,/states/texas-lawyer-costs,0,1,0,87,0,1,87,0,0,,
how much does a personal injury lawyer cost,/states/new-jersey-lawyer-costs,0,1,0,94,0,0,,0,1,94,-100.0
how much does a personal injury lawyer cost greenville,/pages/personal-injury-lawyer-cost,0,1,0,89,0,1,89,0,0,,
how much does a personal injury lawyer cost in baltimore,/states/maryland-lawyer-costs,0,1,0,69,0,1,69,0,0,,
how much does a personal injury lawyer cost?,/pages/personal-injury-lawyer-cost,0,1,0,61,0,1,61,0,0,,
how much does a personal lawyer cost,/states/connecticut-lawyer-costs,0,1,0,5,0,1,5,0,0,,
how much does a personal lawyer cost,/states/massachusetts-lawyer-costs,0,1,0,11,0,0,,0,0,,
how much does a personal lawyer cost,/states/new-mexico-lawyer-costs,0,1,0,7,0,1,7,0,0,,
how much does a personal lawyer cost,/states/new-york-lawyer-costs,0,1,0,6,0,1,6,0,0,,
how much does a personal lawyer cost,/states/south-carolina-lawyer-costs,0,1,0,10,0,1,10,0,0,,
how much does a personal lawyer cost,/states/tennessee-lawyer-costs,0,1,0,8,0,1,8,0,0,,
how much does a personal lawyer cost,/states/wisconsin-lawyer-costs,0,1,0,7,0,1,7,0,0,,
how much does a post conviction attorney cost,/states/wyoming-lawyer-costs,0,1,0,10,0,0,,0,1,10,-100.0
how much does a prenup cost in pennsylvania,/states/pennsylvania-lawyer-costs,0,1,0,99,0,0,,0,0,,
how much does a private attorney cost,/states/arizona-lawyer-costs,0,1,0,11,0,0,,0,0,,
how much does a private attorney cost,/states/montana-lawyer-costs,0,1,0,10,0,1,10,0,0,,
how much does a private attorney cost,/states/nebraska-lawyer-costs,0,1,0,8,0,1,8,0,0,,
how much does a private attorney cost,/states/new-mexico-lawyer-costs,0,1,0,9,0,1,9,0,0,,
how much does a private attorney cost,/states/tennessee-lawyer-costs,0,1,0,8,0,1,8,0,0,,
how much does a private attorney cost,/states/washington-lawyer-costs,0,1,0,12,0,1,12,0,0,,
how much does a private attorney cost,/states/west-virginia-lawyer-costs,0,1,0,8,0,1,8,0,0,,
how much does a private attorney cost,/states/wisconsin-lawyer-costs,0,1,0,12,0,0,,0,1,12,-100.0
how much does a private lawyer cost,/states/massachusetts-lawyer-costs,0,1,0,8,0,1,8,0,0,,
how much does a probate lawyer cost in massachusetts,/states/massachusetts-lawyer-costs,0,1,0,99,0,0,,0,1,99,-100.0
how much does a probate lawyer cost in michigan,/states/michigan-lawyer-costs,0,1,0,90,0,0,,0,1,90,-100.0
how much does a probate lawyer cost in new jersey,/states/new-jersey-lawyer-costs,0,1,0,78,0,0,,0,0,,
how much does a probate lawyer cost in tennessee,/states/tennessee-lawyer-costs,0,1,0,93,0,0,,0,0,,
how much does a public attorney cost,/states/indiana-lawyer-costs,0,1,0,10,0,0,,0,1,10,-100.0
how much does a public attorney cost,/states/texas-lawyer-costs,0,1,0,10,0,1,10,0,0,,
how much does a public defender cost,/pages/criminal-defense-lawyer-cost,0,1,0,85,0,0,,0,1,85,-100.0
how much does a real estate attorney charge,/states/michigan-lawyer-costs,0,1,0,1,0,1,1,0,0,,
how much does a real estate attorney cost,/states/wisconsin-lawyer-costs,0,1,0,2,0,0,,0,1,2,-100.0
how much does a real estate attorney cost?,/states/kansas-lawyer-costs,0,1,0,1,0,1,1,0,0,,
how much does a real estate lawyer cost,/states/wisconsin-lawyer-costs,0,1,0,88,0,1,88,0,0,,
how much does a really good lawyer cost,/states/arizona-lawyer-costs,0,1,0,10,0,0,,0,1,10,-100.0
how much does a small claims court lawyer cost,/states/alabama-lawyer-costs,0,1,0,8,0,1,8,0,0,,
how much does a small claims court lawyer cost,/states/arizona-lawyer-costs,0,1,0,8,0,1,8,0,0,,
how much does a small claims court lawyer cost,/states/arkansas-lawyer-costs,0,1,0,8,0,0,,0,1,8,-100.0
how much does a small claims court lawyer cost,/states/colorado-lawyer-costs,0,1,0,11,0,1,11,0,0,,
how much does a small claims court lawyer cost,/states/connecticut-lawyer-costs,0,1,0,7,0,1,7,0,0,,
how much does a small claims court lawyer cost,/states/indiana-lawyer-costs,0,1,0,9,0,0,,0,0,,
how much does a small claims court lawyer cost,/states/kentucky-lawyer-costs,0,1,0,11,0,0,,0,0,,
how much does a small claims court lawyer cost,/states/maryland-lawyer-costs,0,1,0,9,0,0,,0,1,9,-100.0
how much does a small claims court lawyer cost,/states/massachusetts-lawyer-costs,0,1,0,8,0,1,8,0,0,,
how much does a small claims court lawyer cost,/states/north-carolina-lawyer-costs,0,1,0,8,0,1,8,0,0,,
how much does a small claims court lawyer cost,/states/oklahoma-lawyer-costs,0,1,0,9,0,1,9,0,0,,
how much does a small claims court lawyer cost,/states/oregon-lawyer-costs,0,1,0,11,0,0,,0,0,,
how much does a small claims court lawyer cost,/states/virginia-lawyer-costs,0,1,0,8,0,1,8,0,0,,
how much does a small claims court lawyer cost,/states/wisconsin-lawyer-costs,0,1,0,9,0,0,,0,1,9,-100.0
how much does a small claims lawyer cost,/,0,1,0,33,0,1,33,0,0,,
how much does a small claims lawyer cost,/states/alabama-lawyer-costs,0,1,0,7,0,1,7,0,0,,
how much does a small claims lawyer cost,/states/arizona-lawyer-costs,0,1,0,8,0,1,8,0,0,,
how much does a small claims lawyer cost,/states/arkansas-lawyer-costs,0,1,0,7,0,0,,0,1,7,-100.0
how much does a small claims lawyer cost,/states/idaho-lawyer-costs,0,1,0,13,0,0,,0,0,,
how much does a small claims lawyer cost,/states/iowa-lawyer-costs,0,1,0,11,0,0,,0,1,11,-100.0
how much does a small claims lawyer cost,/states/louisiana-lawyer-costs,0,1,0,6,0,0,,0,0,,
how much does a small claims lawyer cost,/states/maine-lawyer-costs,0,1,0,7,0,0,,0,0,,
how much does a small claims lawyer cost,/states/missouri-lawyer-costs,0,1,0,7,0,1,7,0,0,,
how much does a small claims lawyer cost,/states/nevada-lawyer-costs,0,1,0,5,0,1,5,0,0,,
how much does a small claims lawyer cost,/states/new-york-lawyer-costs,0,1,0,5,0,1,5,0,0,,
how much does a small claims lawyer cost,/states/south-carolina-lawyer-costs,0,1,0,46,0,0,,0,1,46,-100.0
how much does a small claims lawyer cost,/states/utah-lawyer-costs,0,1,0,10,0,0,,0,1,10,-100.0
how much does a social security lawyer cost,/states/new-york-lawyer-costs,0,1,0,80,0,0,,0,0,,
how much does a solicitor cost to represent you in court,/states/alabama-lawyer-costs,0,1,0,6,0,1,6,0,0,,
how much does a solicitor cost to represent you in court,/states/georgia-lawyer-costs,0,1,0,6,0,1,6,0,0,,
how much does a ssi lawyer cost,/states/new-york-lawyer-costs,0,1,0,73,0,0,,0,1,73,-100.0
how much does a super lawyer cost,/states/new-york-lawyer-costs,0,1,0,83,0,0,,0,0,,
how much does a tenant lawyer cost,/states/new-york-lawyer-costs,0,1,0,77,0,0,,0,1,77,-100.0
how much does a tenant lawyer cost,/states/pennsylvania-lawyer-costs,0,1,0,10,0,0,,0,0,,
how much does a traffic lawyer cost in georgia,/states/georgia-lawyer-costs,0,1,0,98,0,0,,0,1,98,-100.0
how much does a trial cost,/pages/criminal-defense-lawyer-cost,0,1,0,49,0,0,,0,0,,
how much does a trial lawyer cost,/states/alabama-lawyer-costs,0,1,0,8,0,0,,0,0,,
how much does a trial lawyer cost,/states/massachusetts-lawyer-costs,0,1,0,7,0,1,7,0,0,,
how much does a trust attorney cost,/states/new-york-lawyer-costs,0,1,0,62,0,1,62,0,0,,
how much does a va disability lawyer cost,/states/virginia-lawyer-costs,0,1,0,76,0,0,,0,0,,
how much does a va lawyer cost,/states/virginia-lawyer-costs,0,1,0,34,0,1,34,0,0,,
how much does a will cost in kansas,/states/kansas-lawyer-costs,0,1,0,52,0,0,,0,0,,
how much does a will cost in oregon,/states/oregon-lawyer-costs,0,1,0,27,0,1,27,0,0,,
how much does a workers comp attorney charge,/states/missouri-lawyer-costs,0,1,0,66,0,0,,0,0,,
how much does a workers' comp lawyer cost,/states/colorado-lawyer-costs,0,1,0,49,0,0,,0,0,,
how much does an appeal attorney cost,/states/nevada-lawyer-costs,0,1,0,5,0,1,5,0,0,,
how much does an appeal attorney cost,/states/wyoming-lawyer-costs,0,1,0,11,0,1,11,0,0,,
how much does an appeal lawyer cost,/states/south-carolina-lawyer-costs,0,1,0,90,0,0,,0,1,90,-100.0
how much does an attorney charge for estate planning,/pages/estate-planning-lawyer-cost,0,1,0,58,0,0,,0,1,58,-100.0
how much does an attorney charge per hour,/states/arizona-lawyer-costs,0,1,0,9,0,0,,0,1,9,-100.0
how much does an attorney charge per hour,/states/iowa-lawyer-costs,0,1,0,10,0,1,10,0,0,,
how much does an attorney charge per hour,/states/nevada-lawyer-costs,0,1,0,8,0,0,,0,1,8,-100.0
how much does an attorney charge per hour,/states/washington-lawyer-costs,0,1,0,10,0,0,,0,1,10,-100.0
how much does an attorney cost,/,0,1,0,83,0,0,,0,1,83,-100.0
how much does an attorney cost,/states/connecticut-lawyer-costs,0,1,0,3,0,1,3,0,0,,
how much does an attorney cost,/states/florida-lawyer-costs,0,1,0,3,0,0,,0,1,3,-100.0
how much does an attorney cost,/states/illinois-lawyer-costs,0,1,0,6,0,0,,0,1,6,-100.0
how much does an attorney cost,/states/indiana-lawyer-costs,0,1,0,7,0,1,7,0,0,,
how much does an attorney cost,/states/michigan-lawyer-costs,0,1,0,13,0,1,13,0,0,,
how much does an attorney cost,/states/missouri-lawyer-costs,0,1,0,80,0,0,,0,1,80,-100.0
how much does an attorney cost,/states/new-hampshire-lawyer-costs,0,1,0,9,0,0,,0,1,9,-100.0
how much does an attorney cost,/states/new-mexico-lawyer-costs,0,1,0,4,0,0,,0,1,4,-100.0
how much does an attorney cost,/states/ohio-lawyer-costs,0,1,0,4,0,0,,0,1,4,-100.0
how much does an attorney cost,/states/rhode-island-lawyer-costs,0,1,0,10,0,1,10,0,0,,
how much does an attorney cost,/states/wyoming-lawyer-costs,0,1,0,10,0,1,10,0,0,,
how much does an attorney cost for a dui,/pages/dui-lawyer-cost,0,1,0,1,0,1,1,0,0,,
how much does an attorney cost for a dui,/states/new-york-lawyer-costs,0,1,0,59,0,0,,0,1,59,-100.0
how much does an attorney cost for a misdemeanor,/states/connecticut-lawyer-costs,0,1,0,11,0,1,11,0,0,,
how much does an attorney cost for a misdemeanor,/states/new-york-lawyer-costs,0,1,0,29,0,0,,0,1,29,-100.0
how much does an attorney cost for a traffic ticket,/states/alabama-lawyer-costs,0,1,0,90,0,0,,0,0,,
how much does an attorney cost for small claims court,/states/arkansas-lawyer-costs,0,1,0,8,0,0,,0,1,8,-100.0
how much does an attorney cost for small claims court,/states/indiana-lawyer-costs,0,1,0,8,0,1,8,0,0,,
how much does an attorney cost for small claims court,/states/kansas-lawyer-costs,0,1,0,9,0,0,,0,1,9,-100.0
how much does an attorney cost for small claims court,/states/kentucky-lawyer-costs,0,1,0,8,0,0,,0,1,8,-100.0
how much does an attorney cost for small claims court,/states/massachusetts-lawyer-costs,0,1,0,11,0,0,,0,1,11,-100.0
how much does an attorney cost for small claims court,/states/minnesota-lawyer-costs,0,1,0,11,0,0,,0,0,,
how much does an attorney cost for small claims court,/states/mississippi-lawyer-costs,0,1,0,8,0,0,,0,1,8,-100.0
how much does an attorney cost for small claims court,/states/new-mexico-lawyer-costs,0,1,0,5,0,1,5,0,0,,
how much does an attorney cost for small claims court,/states/south-dakota-lawyer-costs,0,1,0,5,0,0,,0,1,5,-100.0
how much does an attorney cost for small claims court,/states/utah-lawyer-costs,0,1,0,10,0,0,,0,1,10,-100.0
how much does an attorney cost for small claims court,/states/wisconsin-lawyer-costs,0,1,0,11,0,0,,0,0,,
how much does an attorney cost per hour,/states/arkansas-lawyer-costs,0,1,0,5,0,0,,0,1,5,-100.0
how much does an attorney cost per hour,/states/illinois-lawyer-costs,0,1,0,49,0,0,,0,1,49,-100.0
how much does an attorney cost per hour,/states/maine-lawyer-costs,0,1,0,9,0,0,,0,0,,
how much does an attorney cost per hour,/states/nebraska-lawyer-costs,0,1,0,11,0,0,,0,1,11,-100.0
how much does an attorney cost per hour,/states/washington-lawyer-costs,0,1,0,6,0,1,6,0,0,,
how much does an attorney cost?,/states/kentucky-lawyer-costs,0,1,0,12,0,0,,0,1,12,-100.0
how much does an attorney costs?,/states/south-carolina-lawyer-costs,0,1,0,87,0,1,87,0,0,,
how much does an attorney costs?,/states/tennessee-lawyer-costs,0,1,0,92,0,1,92,0,0,,
how much does an attorney costs?,/states/utah-lawyer-costs,0,1,0,67,0,1,67,0,0,,
how much does an average lawyer cost,/,0,1,0,95,0,0,,0,0,,
how much does an average lawyer cost,/pages/how-much-does-a-lawyer-cost,0,1,0,66,0,0,,0,0,,
how much does an average lawyer cost,/states/idaho-lawyer-costs,0,1,0,11,0,0,,0,0,,
how much does an average lawyer cost,/states/michigan-lawyer-costs,0,1,0,10,0,1,10,0,0,,
how much does an average lawyer cost,/states/minnesota-lawyer-costs,0,1,0,11,0,1,11,0,0,,
how much does an average lawyer cost,/states/montana-lawyer-costs,0,1,0,10,0,0,,0,1,10,-100.0
how much does an average lawyer cost,/states/new-hampshire-lawyer-costs,0,1,0,10,0,0,,0,0,,
how much does an average lawyer cost,/states/new-york-lawyer-costs,0,1,0,17,0,0,,0,0,,
how much does an average lawyer cost,/states/tennessee-lawyer-costs,0,1,0,53,0,1,53,0,0,,
how much does an average lawyer cost,/states/wisconsin-lawyer-costs,0,1,0,4,0,0,,0,1,4,-100.0
how much does an emancipation lawyer cost,/states/kentucky-lawyer-costs,0,1,0,6,0,0,,0,1,6,-100.0
how much does an emancipation lawyer cost,/states/mississippi-lawyer-costs,0,1,0,84,0,0,,0,0,,
how much does an emancipation lawyer cost,/states/nebraska-lawyer-costs,0,1,0,11,0,0,,0,0,,
how much does an emancipation lawyer cost,/states/new-mexico-lawyer-costs,0,1,0,10,0,0,,0,0,,
how much does an estate attorney cost,/states/south-carolina-lawyer-costs,0,1,0,5,0,0,,0,1,5,-100.0
how much does an estate lawyer cost,/states/indiana-lawyer-costs,0,1,0,1,0,1,1,0,0,,
how much does an expungement lawyer cost,/states/new-york-lawyer-costs,0,1,0,81,0,1,81,0,0,,
how much does an immigration lawyer cost in texas,/states/texas-lawyer-costs,0,1,0,98,0,0,,0,0,,
"how much does an immigration lawyer cost?. my location is texas, united states, usa.",/states/texas-lawyer-costs,0,1,0,7,0,1,7,0,0,,
how much does an insurance lawyer cost?,/states/georgia-lawyer-costs,0,1,0,43,0,0,,0,1,43,-100.0
how much does an irs lawyer cost,/states/south-dakota-lawyer-costs,0,1,0,99,0,0,,0,0,,
how much does an ssi lawyer cost,/states/new-york-lawyer-costs,0,1,0,68,0,1,68,0,0,,
how much does an uncontested divorce cost in minnesota,/states/minnesota-lawyer-costs,0,1,0,59,0,0,,0,1,59,-100.0
how much does an uncontested divorce cost in sc,/states/south-carolina-lawyer-costs,0,1,0,58,0,0,,0,1,58,-100.0
how much does appellate lawyer cost,/states/new-hampshire-lawyer-costs,0,1,0,9,0,1,9,0,0,,
how much does attorney cost,/states/kentucky-lawyer-costs,0,1,0,12,0,1,12,0,0,,
how much does attorney cost,/states/maryland-lawyer-costs,0,1,0,11,0,0,,0,1,11,-100.0
how much does attorney cost,/states/south-carolina-lawyer-costs,0,1,0,85,0,0,,0,0,,
how much does attorney cost,/states/tennessee-lawyer-costs,0,1,0,84,0,1,84,0,0,,
how much does attorney review cost in nj,/states/new-jersey-lawyer-costs,0,1,0,59,0,0,,0,1,59,-100.0
how much does child support modification attorney cost in maryland compare different lawyers,/states/maryland-lawyer-costs,0,1,0,1,0,1,1,0,0,,
how much does consultation cost,/pages/lawyer-consultation-fee,0,1,0,89,0,0,,0,0,,
how much does court supervision cost in illinois,/states/illinois-lawyer-costs,0,1,0,92,0,0,,0,1,92,-100.0
how much does criminal defense lawyer cost,/states/alabama-lawyer-costs,0,1,0,9,0,1,9,0,0,,
how much does criminal lawyer cost,/pages/criminal-defense-lawyer-cost,0,1,0,84,0,0,,0,0,,
how much does divorce cost in hawaii,/states/hawaii-lawyer-costs,0,1,0,39,0,0,,0,0,,
how much does divorce cost in kansas,/states/kansas-lawyer-costs,0,1,0,70,0,1,70,0,0,,
how much does divorce cost in maryland,/states/maryland-lawyer-costs,0,1,0,92,0,1,92,0,0,,
how much does divorce cost in utah,/states/utah-lawyer-costs,0,1,0,48,0,0,,0,0,,
how much does dui attorney cost,/pages/dui-lawyer-cost,0,1,0,85,0,1,85,0,0,,
how much does dui lawyer cost,/pages/dui-lawyer-cost,0,1,0,1,0,1,1,0,0,,
how much does estate planning cost in illinois,/pages/estate-planning-lawyer-cost,0,1,0,99,0,0,,0,0,,
how much does eviction lawyer cost,/states/new-york-lawyer-costs,0,1,0,55,0,1,55,0,0,,
how much does family lawyer cost,/states/new-york-lawyer-costs,0,1,0,79,0,0,,0,1,79,-100.0
how much does getting a lawyer cost,/states/kentucky-lawyer-costs,0,1,0,12,0,1,12,0,0,,
how much does he charge,/pages/lawyer-consultation-fee,0,1,0,3,0,1,3,0,0,,
how much does he charge,/states/kentucky-lawyer-costs,0,1,0,3,0,1,3,0,0,,
how much does he charge,/states/oklahoma-lawyer-costs,0,1,0,2,0,1,2,0,0,,
how much does he charge an hour,/states/pennsylvania-lawyer-costs,0,1,0,5,0,1,5,0,0,,
how much does he charge per hour,/states/arizona-lawyer-costs,0,1,0,4,0,0,,0,1,4,-100.0
how much does he charge per hour,/states/utah-lawyer-costs,0,1,0,4,0,0,,0,1,4,-100.0
how much does he charge?,/states/massachusetts-lawyer-costs,0,1,0,3,0,1,3,0,0,,
how much does he charge?,/states/north-dakota-lawyer-costs,0,1,0,7,0,1,7,0,0,,
how much does he cost,/states/maryland-lawyer-costs,0,1,0,3,0,1,3,0,0,,
how much does he cost?,/states/massachusetts-lawyer-costs,0,1,0,6,0,1,6,0,0,,
how much does he make a hour,/states/maryland-lawyer-costs,0,1,0,5,0,1,5,0,0,,
how much does hiring a lawyer cost,/states/mississippi-lawyer-costs,0,1,0,12,0,0,,0,1,12,-100.0
how much does hiring a lawyer cost,/states/new-mexico-lawyer-costs,0,1,0,10,0,0,,0,0,,
how much does immigration lawyer cost,/pages/immigration-lawyer-cost,0,1,0,95,0,1,95,0,0,,
how much does immigration lawyer cost bay area,/pages/immigration-lawyer-cost,0,1,0,92,0,1,92,0,0,,
how much does immigration lawyer cost dallas,/pages/immigration-lawyer-cost,0,1,0,98,0,1,98,0,0,,
how much does it cause,/states/minnesota-lawyer-costs,0,1,0,1,0,1,1,0,0,,
how much does it cost,/states/iowa-lawyer-costs,0,1,0,8,0,1,8,0,0,,
how much does it cost,/states/maryland-lawyer-costs,0,1,0,3,0,1,3,0,0,,
how much does it cost,/states/minnesota-lawyer-costs,0,1,0,7,0,1,7,0,0,,
how much does it cost,/states/washington-lawyer-costs,0,1,0,5,0,1,5,0,0,,
how much does it cost for a criminal defense lawyer,/states/alabama-lawyer-costs,0,1,0,10,0,1,10,0,0,,
how much does it cost for a criminal lawyer,/pages/criminal-defense-lawyer-cost,0,1,0,73,0,0,,0,1,73,-100.0
how much does it cost for a disability lawyer,/states/new-york-lawyer-costs,0,1,0,96,0,1,96,0,0,,
how much does it cost for a dui lawyer,/pages/dui-lawyer-cost,0,1,0,91,0,1,91,0,0,,
how much does it cost for a family lawyer,/states/west-virginia-lawyer-costs,0,1,0,11,0,1,11,0,0,,
how much does it cost for a lawyer,/states/massachusetts-lawyer-costs,0,1,0,12,0,0,,0,1,12,-100.0
how much does it cost for a lawyer,/states/new-hampshire-lawyer-costs,0,1,0,12,0,0,,0,0,,
how much does it cost for a lawyer,/states/oklahoma-lawyer-costs,0,1,0,11,0,1,11,0,0,,
how much does it cost for a lawyer,/states/pennsylvania-lawyer-costs,0,1,0,12,0,1,12,0,0,,
how much does it cost for a lawyer,/states/texas-lawyer-costs,0,1,0,55,0,1,55,0,0,,
how much does it cost for a lawyer,/states/vermont-lawyer-costs,0,1,0,12,0,0,,0,0,,
how much does it cost for a lawyer,/states/washington-lawyer-costs,0,1,0,10,0,0,,0,1,10,-100.0
how much does it cost for a lawyer,/states/west-virginia-lawyer-costs,0,1,0,6,0,1,6,0,0,,
how much does it cost for a lawyer to represent you in court,/pages/hourly-vs-flat-fee-lawyer,0,1,0,1,0,1,1,0,0,,
how much does it cost for a solicitor,/states/south-carolina-lawyer-costs,0,1,0,8,0,1,8,0,0,,
how much does it cost for an attorney,/states/nebraska-lawyer-costs,0,1,0,12,0,0,,0,0,,
how much does it cost for an attorney,/states/pennsylvania-lawyer-costs,0,1,0,11,0,0,,0,1,11,-100.0
how much does it cost for an attorney,/states/utah-lawyer-costs,0,1,0,11,0,1,11,0,0,,
how much does it cost for an immigration lawyer,/pages/immigration-lawyer-cost,0,1,0,1,0,1,1,0,0,,
how much does it cost for divorce attorney,/pages/divorce-lawyer-cost,0,1,0,100,0,0,,0,0,,
how much does it cost for immigration lawyer,/pages/immigration-lawyer-cost,0,1,0,90,0,0,,0,0,,
how much does it cost for legal advice,/states/new-mexico-lawyer-costs,0,1,0,12,0,0,,0,1,12,-100.0
how much does it cost for legal advice,/states/washington-lawyer-costs,0,1,0,5,0,0,,0,1,5,-100.0
how much does it cost to ask a lawyer a question,/states/new-york-lawyer-costs,0,1,0,26,0,0,,0,1,26,-100.0
how much does it cost to be a lawyer,/pages/how-much-does-a-lawyer-cost,0,1,0,61,0,0,,0,1,61,-100.0
how much does it cost to be a lawyer,/states/colorado-lawyer-costs,0,1,0,40,0,0,,0,0,,
how much does it cost to be a lawyer,/states/new-york-lawyer-costs,0,1,0,49,0,1,49,0,0,,
how much does it cost to become an attorney,/pages/can-i-afford-a-lawyer,0,1,0,95,0,0,,0,0,,
how much does it cost to become an immigration lawyer,/pages/immigration-lawyer-cost,0,1,0,45,0,1,45,0,0,,
how much does it cost to consult a lawyer,/states/indiana-lawyer-costs,0,1,0,12,0,0,,0,1,12,-100.0
how much does it cost to consult a lawyer,/states/new-hampshire-lawyer-costs,0,1,0,9,0,0,,0,1,9,-100.0
how much does it cost to consult a lawyer,/states/north-carolina-lawyer-costs,0,1,0,87,0,0,,0,0,,
how much does it cost to consult a lawyer,/states/south-carolina-lawyer-costs,0,1,0,11,0,0,,0,1,11,-100.0
how much does it cost to consult with a lawyer,/pages/can-i-afford-a-lawyer,0,1,0,62,0,0,,0,1,62,-100.0
how much does it cost to consult with a lawyer,/pages/how-much-does-a-lawyer-cost,0,1,0,39,0,0,,0,1,39,-100.0
how much does it cost to consult with a lawyer,/pages/lawyer-consultation-fee,0,1,0,45,0,0,,0,1,45,-100.0
how much does it cost to consult with a lawyer,/states/new-hampshire-lawyer-costs,0,1,0,12,0,0,,0,1,12,-100.0
how much does it cost to defend a lawsuit,/states/south-carolina-lawyer-costs,0,1,0,89,0,0,,0,1,89,-100.0
how much does it cost to file a motion in court,/states/iowa-lawyer-costs,0,1,0,10,0,0,,0,0,,
how much does it cost to file a motion in court,/states/kentucky-lawyer-costs,0,1,0,8,0,1,8,0,0,,
how much does it cost to file a motion in court,/states/mississippi-lawyer-costs,0,1,0,8,0,0,,0,1,8,-100.0
how much does it cost to file a motion in court,/states/missouri-lawyer-costs,0,1,0,11,0,1,11,0,0,,
how much does it cost to file a motion in court,/states/vermont-lawyer-costs,0,1,0,11,0,1,11,0,0,,
how much does it cost to file a response in court,/states/idaho-lawyer-costs,0,1,0,9,0,0,,0,0,,
how much does it cost to file harassment charges,/states/georgia-lawyer-costs,0,1,0,5,0,1,5,0,0,,
how much does it cost to file small claims,/pages/small-claims-filing-fee-calculator,0,1,0,96,0,1,96,0,0,,
how much does it cost to get a divorce,/states/kentucky-lawyer-costs,0,1,0,4,0,0,,0,1,4,-100.0
how much does it cost to get a lawyer,/states/alabama-lawyer-costs,0,1,0,11,0,0,,0,1,11,-100.0
how much does it cost to get a lawyer,/states/iowa-lawyer-costs,0,1,0,12,0,0,,0,1,12,-100.0
how much does it cost to get a lawyer,/states/kansas-lawyer-costs,0,1,0,12,0,1,12,0,0,,
how much does it cost to get a lawyer,/states/louisiana-lawyer-costs,0,1,0,11,0,1,11,0,0,,
how much does it cost to get a lawyer,/states/maine-lawyer-costs,0,1,0,10,0,0,,0,1,10,-100.0
how much does it cost to get a lawyer,/states/minnesota-lawyer-costs,0,1,0,10,0,1,10,0,0,,
how much does it cost to get a lawyer,/states/new-hampshire-lawyer-costs,0,1,0,11,0,0,,0,0,,
how much does it cost to get a lawyer,/states/new-mexico-lawyer-costs,0,1,0,11,0,1,11,0,0,,
how much does it cost to get a lawyer,/states/tennessee-lawyer-costs,0,1,0,12,0,1,12,0,0,,
how much does it cost to get a lawyer,/states/wisconsin-lawyer-costs,0,1,0,12,0,1,12,0,0,,
how much does it cost to get an attorney,/states/alabama-lawyer-costs,0,1,0,10,0,1,10,0,0,,
how much does it cost to get an attorney,/states/arkansas-lawyer-costs,0,1,0,10,0,0,,0,1,10,-100.0
how much does it cost to get an attorney,/states/kentucky-lawyer-costs,0,1,0,11,0,1,11,0,0,,
how much does it cost to get an attorney,/states/new-york-lawyer-costs,0,1,0,17,0,0,,0,0,,
how much does it cost to get an attorney,/states/pennsylvania-lawyer-costs,0,1,0,12,0,1,12,0,0,,
how much does it cost to get an immigration lawyer,/pages/immigration-lawyer-cost,0,1,0,84,0,0,,0,1,84,-100.0
how much does it cost to get legal advice,/states/connecticut-lawyer-costs,0,1,0,8,0,1,8,0,0,,
how much does it cost to get legal advice,/states/massachusetts-lawyer-costs,0,1,0,9,0,0,,0,1,9,-100.0
how much does it cost to get legal advice,/states/vermont-lawyer-costs,0,1,0,5,0,1,5,0,0,,
how much does it cost to get legal advice,/states/wyoming-lawyer-costs,0,1,0,4,0,1,4,0,0,,
how much does it cost to go to civil court,/states/kentucky-lawyer-costs,0,1,0,11,0,0,,0,1,11,-100.0
how much does it cost to have a lawyer,/pages/can-i-afford-a-lawyer,0,1,0,63,0,1,63,0,0,,
how much does it cost to have a lawyer,/states/new-york-lawyer-costs,0,1,0,55,0,0,,0,0,,
how much does it cost to have a lawyer on retainer,/states/california-lawyer-costs,0,1,0,1,0,0,,0,1,1,-100.0
how much does it cost to have a lawyer represent you in court,/states/illinois-lawyer-costs,0,1,0,8,0,0,,0,1,8,-100.0
how much does it cost to have a lawyer represent you in court,/states/new-york-lawyer-costs,0,1,0,7,0,0,,0,1,7,-100.0
how much does it cost to have a personal lawyer,/states/alaska-lawyer-costs,0,1,0,10,0,0,,0,1,10,-100.0
how much does it cost to have a personal lawyer,/states/kentucky-lawyer-costs,0,1,0,10,0,0,,0,1,10,-100.0
how much does it cost to have a personal lawyer,/states/massachusetts-lawyer-costs,0,1,0,10,0,0,,0,1,10,-100.0
how much does it cost to have a personal lawyer,/states/minnesota-lawyer-costs,0,1,0,7,0,0,,0,1,7,-100.0
how much does it cost to have a personal lawyer,/states/mississippi-lawyer-costs,0,1,0,9,0,1,9,0,0,,
how much does it cost to have a personal lawyer,/states/oregon-lawyer-costs,0,1,0,8,0,1,8,0,0,,
how much does it cost to have an attorney on retainer,/states/massachusetts-lawyer-costs,0,1,0,2,0,0,,0,1,2,-100.0
how much does it cost to have an attorney on retainer,/states/south-carolina-lawyer-costs,0,1,0,3,0,1,3,0,0,,
how much does it cost to hire a bankruptcy lawyer,/pages/bankruptcy-lawyer-cost,0,1,0,89,0,1,89,0,0,,
how much does it cost to hire a civil lawyer,/states/connecticut-lawyer-costs,0,1,0,1,0,1,1,0,0,,
how much does it cost to hire a civil lawyer,/states/louisiana-lawyer-costs,0,1,0,8,0,0,,0,1,8,-100.0
how much does it cost to hire a civil lawyer,/states/washington-lawyer-costs,0,1,0,12,0,0,,0,1,12,-100.0
how much does it cost to hire a civil lawyer,/states/wisconsin-lawyer-costs,0,1,0,7,0,0,,0,1,7,-100.0
how much does it cost to hire a lawyer,/,0,1,0,92,0,0,,0,1,92,-100.0
how much does it cost to hire a lawyer,/states/alabama-lawyer-costs,0,1,0,12,0,0,,0,0,,
how much does it cost to hire a lawyer,/states/kentucky-lawyer-costs,0,1,0,11,0,1,11,0,0,,
how much does it cost to hire a lawyer,/states/maryland-lawyer-costs,0,1,0,11,0,1,11,0,0,,
how much does it cost to hire a lawyer,/states/minnesota-lawyer-costs,0,1,0,11,0,1,11,0,0,,
how much does it cost to hire a lawyer,/states/nevada-lawyer-costs,0,1,0,10,0,1,10,0,0,,
how much does it cost to hire a lawyer,/states/north-dakota-lawyer-costs,0,1,0,8,0,1,8,0,0,,
how much does it cost to hire a lawyer,/states/tennessee-lawyer-costs,0,1,0,85,0,1,85,0,0,,
how much does it cost to hire a lawyer,/states/wyoming-lawyer-costs,0,1,0,10,0,1,10,0,0,,
how much does it cost to hire a lawyer for a civil case,/states/indiana-lawyer-costs,0,1,0,9,0,0,,0,1,9,-100.0
how much does it cost to hire a lawyer for a civil case,/states/louisiana-lawyer-costs,0,1,0,6,0,1,6,0,0,,
how much does it cost to hire a lawyer?,/states/arizona-lawyer-costs,0,1,0,10,0,1,10,0,0,,
how much does it cost to hire a lawyer?,/states/wisconsin-lawyer-costs,0,1,0,12,0,0,,0,1,12,-100.0
how much does it cost to hire a traffic lawyer,/states/new-york-lawyer-costs,0,1,0,77,0,0,,0,1,77,-100.0
how much does it cost to hire an attorney,/pages/how-much-does-a-lawyer-cost,0,1,0,68,0,0,,0,1,68,-100.0
how much does it cost to hire an attorney,/states/colorado-lawyer-costs,0,1,0,11,0,1,11,0,0,,
how much does it cost to hire an attorney,/states/indiana-lawyer-costs,0,1,0,4,0,1,4,0,0,,
how much does it cost to hire an attorney,/states/massachusetts-lawyer-costs,0,1,0,9,0,1,9,0,0,,
how much does it cost to hire an attorney,/states/missouri-lawyer-costs,0,1,0,12,0,1,12,0,0,,
how much does it cost to hire an attorney,/states/new-hampshire-lawyer-costs,0,1,0,11,0,0,,0,1,11,-100.0
how much does it cost to hire an attorney,/states/pennsylvania-lawyer-costs,0,1,0,1,0,1,1,0,0,,
how much does it cost to hire an attorney?,/states/nevada-lawyer-costs,0,1,0,12,0,0,,0,1,12,-100.0
how much does it cost to hire an immigration attorney,/pages/immigration-lawyer-cost,0,1,0,99,0,0,,0,0,,
how much does it cost to hire an immigration lawyer,/pages/immigration-lawyer-cost,0,1,0,97,0,1,97,0,0,,
how much does it cost to litigate a case,/states/massachusetts-lawyer-costs,0,1,0,9,0,1,9,0,0,,
how much does it cost to represent yourself in court,/states/missouri-lawyer-costs,0,1,0,10,0,0,,0,1,10,-100.0
how much does it cost to represent yourself in court,/states/tennessee-lawyer-costs,0,1,0,5,0,1,5,0,0,,
how much does it cost to retain a criminal defense attorney,/states/mississippi-lawyer-costs,0,1,0,12,0,0,,0,1,12,-100.0
how much does it cost to retain a lawyer,/states/connecticut-lawyer-costs,0,1,0,12,0,1,12,0,0,,
how much does it cost to retain a lawyer,/states/delaware-lawyer-costs,0,1,0,8,0,1,8,0,0,,
how much does it cost to retain a lawyer,/states/hawaii-lawyer-costs,0,1,0,10,0,1,10,0,0,,
how much does it cost to retain a lawyer,/states/maryland-lawyer-costs,0,1,0,11,0,1,11,0,0,,
how much does it cost to retain a lawyer,/states/oklahoma-lawyer-costs,0,1,0,4,0,1,4,0,0,,
how much does it cost to retain an attorney,/states/massachusetts-lawyer-costs,0,1,0,12,0,1,12,0,0,,
how much does it cost to retain an attorney,/states/utah-lawyer-costs,0,1,0,12,0,1,12,0,0,,
how much does it cost to send legal notice,/states/louisiana-lawyer-costs,0,1,0,11,0,0,,0,1,11,-100.0
how much does it cost to sue someone in texas,/states/texas-lawyer-costs,0,1,0,55,0,1,55,0,0,,
how much does it cost to talk to a lawyer,/states/louisiana-lawyer-costs,0,1,0,67,0,0,,0,1,67,-100.0
how much does it cost to talk to a lawyer,/states/mississippi-lawyer-costs,0,1,0,68,0,0,,0,1,68,-100.0
how much does it cost to talk to a lawyer,/states/texas-lawyer-costs,0,1,0,94,0,0,,0,1,94,-100.0
how much does it cost to talk to a lawyer?,/states/colorado-lawyer-costs,0,1,0,29,0,0,,0,0,,
how much does it take to become a lawyer,/pages/how-much-does-a-lawyer-cost,0,1,0,67,0,0,,0,1,67,-100.0
how much does it typically cost,/states/west-virginia-lawyer-costs,0,1,0,2,0,1,2,0,0,,
how much does it usually cost?,/states/new-york-lawyer-costs,0,1,0,8,0,1,8,0,0,,
how much does lawyer charge,/states/new-york-lawyer-costs,0,1,0,10,0,1,10,0,0,,
how much does lawyer cost,/states/california-lawyer-costs,0,1,0,83,0,0,,0,0,,
how much does lawyer cost,/states/kentucky-lawyer-costs,0,1,0,11,0,1,11,0,0,,
how much does lawyer cost,/states/mississippi-lawyer-costs,0,1,0,93,0,0,,0,1,93,-100.0
how much does lawyer cost,/states/new-york-lawyer-costs,0,1,0,3,0,1,3,0,0,,
how much does lawyer cost,/states/south-carolina-lawyer-costs,0,1,0,12,0,0,,0,0,,
how much does lawyers charge,/pages/how-much-does-a-lawyer-cost,0,1,0,75,0,0,,0,0,,
how much does lawyers charge,/states/new-york-lawyer-costs,0,1,0,12,0,1,12,0,0,,
how much does lawyers cost,/states/arizona-lawyer-costs,0,1,0,12,0,1,12,0,0,,
how much does lawyers cost,/states/connecticut-lawyer-costs,0,1,0,12,0,1,12,0,0,,
how much does lawyers cost,/states/hawaii-lawyer-costs,0,1,0,12,0,0,,0,1,12,-100.0
how much does lawyers cost,/states/maryland-lawyer-costs,0,1,0,12,0,1,12,0,0,,
how much does lawyers cost,/states/north-carolina-lawyer-costs,0,1,0,11,0,1,11,0,0,,
how much does lawyers cost,/states/virginia-lawyer-costs,0,1,0,2,0,1,2,0,0,,
how much does legal advice cost,/states/kentucky-lawyer-costs,0,1,0,9,0,1,9,0,0,,
how much does legal advice cost,/states/new-jersey-lawyer-costs,0,1,0,13,0,1,13,0,0,,
how much does legal advice cost,/states/new-mexico-lawyer-costs,0,1,0,11,0,0,,0,0,,
how much does legal aid charge,/states/new-jersey-lawyer-costs,0,1,0,11,0,1,11,0,0,,
how much does legal aid charge,/states/oregon-lawyer-costs,0,1,0,9,0,1,9,0,0,,
how much does legal aid cost,/states/arizona-lawyer-costs,0,1,0,7,0,1,7,0,0,,
how much does legal aid cost,/states/iowa-lawyer-costs,0,1,0,10,0,1,10,0,0,,
how much does legal aid cost,/states/oklahoma-lawyer-costs,0,1,0,6,0,1,6,0,0,,
how much does legal aid cost,/states/virginia-lawyer-costs,0,1,0,8,0,0,,0,1,8,-100.0
how much does legal counsel cost,/states/colorado-lawyer-costs,0,1,0,11,0,0,,0,1,11,-100.0
how much does legal counsel cost,/states/georgia-lawyer-costs,0,1,0,8,0,1,8,0,0,,
how much does legal counsel cost,/states/idaho-lawyer-costs,0,1,0,9,0,0,,0,1,9,-100.0
how much does legal counsel cost,/states/indiana-lawyer-costs,0,1,0,6,0,1,6,0,0,,
how much does legal counsel cost,/states/north-carolina-lawyer-costs,0,1,0,12,0,0,,0,1,12,-100.0
how much does legal representation cost,/states/south-dakota-lawyer-costs,0,1,0,7,0,0,,0,1,7,-100.0
how much does number 3 cost,/states/wyoming-lawyer-costs,0,1,0,3,0,1,3,0,0,,
how much does personal injury lawyer charge,/states/alaska-lawyer-costs,0,1,0,82,0,0,,0,1,82,-100.0
how much does public defender cost,/pages/criminal-defense-lawyer-cost,0,1,0,86,0,0,,0,1,86,-100.0
how much does real estate lawyer cost,/states/mississippi-lawyer-costs,0,1,0,1,0,1,1,0,0,,
how much does she charge,/states/new-york-lawyer-costs,0,1,0,2,0,1,2,0,0,,
how much does that typically cost,/states/minnesota-lawyer-costs,0,1,0,7,0,1,7,0,0,,
how much does the average attorney charge per hour,/states/arizona-lawyer-costs,0,1,0,11,0,1,11,0,0,,
how much does the average criminal trial cost,/pages/criminal-defense-lawyer-cost,0,1,0,68,0,0,,0,0,,
how much does the average divorce lawyer cost,/pages/divorce-lawyer-cost,0,1,0,98,0,0,,0,1,98,-100.0
how much does the average lawyer charge per hour,/states/colorado-lawyer-costs,0,1,0,10,0,1,10,0,0,,
how much does the average lawyer charge per hour,/states/connecticut-lawyer-costs,0,1,0,11,0,1,11,0,0,,
how much does the average lawyer charge per hour,/states/maine-lawyer-costs,0,1,0,11,0,0,,0,0,,
how much does the average lawyer charge per hour,/states/massachusetts-lawyer-costs,0,1,0,11,0,0,,0,1,11,-100.0
how much does the average lawyer charge per hour,/states/new-mexico-lawyer-costs,0,1,0,10,0,0,,0,1,10,-100.0
how much does the average lawyer charge per hour,/states/new-york-lawyer-costs,0,1,0,17,0,1,17,0,0,,
how much does the average lawyer charge per hour,/states/vermont-lawyer-costs,0,1,0,8,0,1,8,0,0,,
how much does the average lawyer charge per hour,/states/wisconsin-lawyer-costs,0,1,0,10,0,1,10,0,0,,
how much does the average lawyer cost,/states/arizona-lawyer-costs,0,1,0,12,0,1,12,0,0,,
how much does the average lawyer cost,/states/illinois-lawyer-costs,0,1,0,10,0,1,10,0,0,,
how much does the average lawyer cost,/states/indiana-lawyer-costs,0,1,0,10,0,0,,0,1,10,-100.0
how much does the average lawyer cost,/states/kentucky-lawyer-costs,0,1,0,7,0,1,7,0,0,,
how much does the average lawyer cost,/states/minnesota-lawyer-costs,0,1,0,11,0,0,,0,1,11,-100.0
how much does the average lawyer cost,/states/new-york-lawyer-costs,0,1,0,17,0,0,,0,0,,
how much does the average lawyer cost,/states/north-dakota-lawyer-costs,0,1,0,7,0,0,,0,1,7,-100.0
how much does the average lawyer cost,/states/oklahoma-lawyer-costs,0,1,0,10,0,0,,0,0,,
how much does the average lawyer cost,/states/pennsylvania-lawyer-costs,0,1,0,10,0,1,10,0,0,,
how much does the average lawyer cost,/states/virginia-lawyer-costs,0,1,0,12,0,1,12,0,0,,
how much does the average lawyer cost,/states/wisconsin-lawyer-costs,0,1,0,10,0,0,,0,1,10,-100.0
how much does trial cost,/states/mississippi-lawyer-costs,0,1,0,3,0,0,,0,1,3,-100.0
how much dui attorney cost,/states/new-york-lawyer-costs,0,1,0,59,0,0,,0,1,59,-100.0
how much eviction lawyer cost,/states/new-york-lawyer-costs,0,1,0,45,0,1,45,0,0,,
how much family lawyer cost,/states/idaho-lawyer-costs,0,1,0,8,0,1,8,0,0,,
how much family lawyer cost,/states/oregon-lawyer-costs,0,1,0,12,0,1,12,0,0,,
how much for a civil lawyer,/states/connecticut-lawyer-costs,0,1,0,11,0,1,11,0,0,,
how much for a civil lawyer,/states/louisiana-lawyer-costs,0,1,0,10,0,0,,0,1,10,-100.0
how much for a civil lawyer,/states/new-mexico-lawyer-costs,0,1,0,6,0,0,,0,1,6,-100.0
how much for a criminal defense lawyer,/pages/criminal-defense-lawyer-cost,0,1,0,56,0,0,,0,0,,
how much for a criminal defense lawyer,/states/south-carolina-lawyer-costs,0,1,0,11,0,0,,0,1,11,-100.0
how much for a criminal lawyer,/pages/criminal-defense-lawyer-cost,0,1,0,88,0,0,,0,0,,
how much for a dui lawyer,/pages/dui-lawyer-cost,0,1,0,74,0,0,,0,1,74,-100.0
how much for a family court lawyer,/states/west-virginia-lawyer-costs,0,1,0,10,0,0,,0,1,10,-100.0
how much for a good lawyer,/pages/can-i-afford-a-lawyer,0,1,0,96,0,1,96,0,0,,
how much for a good lawyer,/pages/how-much-does-a-lawyer-cost,0,1,0,39,0,0,,0,1,39,-100.0
how much for a good lawyer,/states/california-lawyer-costs,0,1,0,87,0,0,,0,0,,
how much for a lawyer,/pages/can-i-afford-a-lawyer,0,1,0,98,0,0,,0,1,98,-100.0
how much for a lawyer,/states/alabama-lawyer-costs,0,1,0,8,0,1,8,0,0,,
how much for a lawyer,/states/california-lawyer-costs,0,1,0,89,0,0,,0,0,,
how much for a lawyer,/states/delaware-lawyer-costs,0,1,0,12,0,1,12,0,0,,
how much for a lawyer,/states/indiana-lawyer-costs,0,1,0,5,0,1,5,0,0,,
how much for a lawyer,/states/new-jersey-lawyer-costs,0,1,0,12,0,1,12,0,0,,
how much for a lawyer,/states/new-mexico-lawyer-costs,0,1,0,7,0,1,7,0,0,,
how much for a lawyer,/states/north-dakota-lawyer-costs,0,1,0,12,0,1,12,0,0,,
how much for a lawyer,/states/oregon-lawyer-costs,0,1,0,6,0,1,6,0,0,,
how much for a lawyer,/states/utah-lawyer-costs,0,1,0,7,0,1,7,0,0,,
how much for a lawyer consultation,/states/california-lawyer-costs,0,1,0,68,0,0,,0,0,,
how much for a lawyer consultation,/states/colorado-lawyer-costs,0,1,0,28,0,0,,0,0,,
how much for a lawyer consultation,/states/new-york-lawyer-costs,0,1,0,27,0,0,,0,1,27,-100.0
how much for a lawyer consultation,/states/north-carolina-lawyer-costs,0,1,0,83,0,0,,0,0,,
how much for a lawyer to represent you in court,/states/arizona-lawyer-costs,0,1,0,4,0,0,,0,1,4,-100.0
how much for a lawyer to represent you in court,/states/idaho-lawyer-costs,0,1,0,4,0,0,,0,1,4,-100.0
how much for a lawyer to represent you in court,/states/indiana-lawyer-costs,0,1,0,10,0,0,,0,1,10,-100.0
how much for a lawyer to represent you in court,/states/maine-lawyer-costs,0,1,0,6,0,1,6,0,0,,
how much for a lawyer to represent you in court,/states/maryland-lawyer-costs,0,1,0,7,0,1,7,0,0,,
how much for a lawyer to represent you in court,/states/missouri-lawyer-costs,0,1,0,12,0,1,12,0,0,,
how much for a lawyer to represent you in court,/states/oregon-lawyer-costs,0,1,0,9,0,0,,0,1,9,-100.0
how much for a lawyer to represent you in court,/states/south-dakota-lawyer-costs,0,1,0,4,0,0,,0,1,4,-100.0
how much for a lawyer to represent you in court,/states/texas-lawyer-costs,0,1,0,11,0,0,,0,1,11,-100.0
how much for a lawyer to represent you in court,/states/utah-lawyer-costs,0,1,0,67,0,0,,0,1,67,-100.0
how much for a lawyer to represent you in court,/states/virginia-lawyer-costs,0,1,0,1,0,1,1,0,0,,
how much for a retainer,/states/virginia-lawyer-costs,0,1,0,3,0,1,3,0,0,,
how much for an attorney,/pages/how-much-does-a-lawyer-cost,0,1,0,32,0,0,,0,1,32,-100.0
how much for an attorney,/states/,0,1,0,70,0,0,,0,1,70,-100.0
how much for an attorney,/states/alabama-lawyer-costs,0,1,0,69,0,0,,0,0,,
how much for an attorney,/states/california-lawyer-costs,0,1,0,91,0,0,,0,0,,
how much for an attorney,/states/new-hampshire-lawyer-costs,0,1,0,12,0,0,,0,1,12,-100.0
how much for an attorney,/states/rhode-island-lawyer-costs,0,1,0,12,0,1,12,0,0,,
how much for an attorney,/states/south-carolina-lawyer-costs,0,1,0,12,0,1,12,0,0,,
how much for attorney,/states/illinois-lawyer-costs,0,1,0,90,0,1,90,0,0,,
how much for attorney,/states/kentucky-lawyer-costs,0,1,0,66,0,0,,0,1,66,-100.0
how much for attorney,/states/maryland-lawyer-costs,0,1,0,11,0,1,11,0,0,,
how much for attorney,/states/massachusetts-lawyer-costs,0,1,0,11,0,1,11,0,0,,
how much for attorney,/states/mississippi-lawyer-costs,0,1,0,45,0,0,,0,1,45,-100.0
how much for attorney,/states/nevada-lawyer-costs,0,1,0,8,0,1,8,0,0,,
how much for attorney,/states/new-jersey-lawyer-costs,0,1,0,13,0,0,,0,1,13,-100.0
how much for attorney,/states/new-mexico-lawyer-costs,0,1,0,8,0,1,8,0,0,,
how much for attorney,/states/north-dakota-lawyer-costs,0,1,0,10,0,1,10,0,0,,
how much for attorney,/states/washington-lawyer-costs,0,1,0,75,0,0,,0,1,75,-100.0
how much for attorney fees,/states/california-lawyer-costs,0,1,0,84,0,0,,0,0,,
how much for attorney fees,/states/minnesota-lawyer-costs,0,1,0,11,0,0,,0,1,11,-100.0
how much for attorney fees,/states/nevada-lawyer-costs,0,1,0,1,0,0,,0,1,1,-100.0
how much for attorney fees,/states/utah-lawyer-costs,0,1,0,45,0,0,,0,1,45,-100.0
how much for attorney fees,/states/virginia-lawyer-costs,0,1,0,12,0,0,,0,1,12,-100.0
how much for lawyer,/states/california-lawyer-costs,0,1,0,86,0,0,,0,0,,
how much for lawyer,/states/colorado-lawyer-costs,0,1,0,35,0,0,,0,0,,
how much for lawyer,/states/florida-lawyer-costs,0,1,0,74,0,0,,0,0,,
how much for lawyer,/states/indiana-lawyer-costs,0,1,0,11,0,1,11,0,0,,
how much for lawyer,/states/kentucky-lawyer-costs,0,1,0,12,0,1,12,0,0,,
how much for lawyer,/states/louisiana-lawyer-costs,0,1,0,12,0,1,12,0,0,,
how much for lawyer,/states/nevada-lawyer-costs,0,1,0,8,0,1,8,0,0,,
how much for lawyer,/states/oklahoma-lawyer-costs,0,1,0,38,0,0,,0,1,38,-100.0
how much for lawyer,/states/texas-lawyer-costs,0,1,0,87,0,0,,0,1,87,-100.0
how much for lawyer,/states/utah-lawyer-costs,0,1,0,12,0,1,12,0,0,,
how much for lawyer,/states/virginia-lawyer-costs,0,1,0,66,0,0,,0,0,,
how much for lawyer,/states/washington-lawyer-costs,0,1,0,74,0,0,,0,1,74,-100.0
how much for lawyer,/states/wisconsin-lawyer-costs,0,1,0,93,0,0,,0,1,93,-100.0
how much for lawyer fees,/states/alabama-lawyer-costs,0,1,0,63,0,0,,0,0,,
how much for lawyer fees,/states/california-lawyer-costs,0,1,0,61,0,0,,0,0,,
how much for lawyer fees,/states/florida-lawyer-costs,0,1,0,82,0,0,,0,0,,
how much for lawyer fees,/states/virginia-lawyer-costs,0,1,0,95,0,0,,0,0,,
how much for legal advice,/states/nebraska-lawyer-costs,0,1,0,13,0,0,,0,1,13,-100.0
how much for legal advice,/states/nevada-lawyer-costs,0,1,0,6,0,1,6,0,0,,
how much for legal advice,/states/west-virginia-lawyer-costs,0,1,0,11,0,1,11,0,0,,
how much he charge,/states/georgia-lawyer-costs,0,1,0,8,0,1,8,0,0,,
how much is a attorney,/pages/can-i-afford-a-lawyer,0,1,0,92,0,0,,0,1,92,-100.0
how much is a attorney,/states/arkansas-lawyer-costs,0,1,0,6,0,1,6,0,0,,
how much is a attorney,/states/connecticut-lawyer-costs,0,1,0,10,0,1,10,0,0,,
how much is a attorney,/states/indiana-lawyer-costs,0,1,0,10,0,0,,0,1,10,-100.0
how much is a attorney,/states/iowa-lawyer-costs,0,1,0,12,0,0,,0,0,,
how much is a attorney,/states/kentucky-lawyer-costs,0,1,0,10,0,1,10,0,0,,
how much is a attorney,/states/michigan-lawyer-costs,0,1,0,11,0,1,11,0,0,,
how much is a attorney,/states/mississippi-lawyer-costs,0,1,0,9,0,0,,0,1,9,-100.0
how much is a attorney,/states/nevada-lawyer-costs,0,1,0,10,0,0,,0,1,10,-100.0
how much is a attorney,/states/new-jersey-lawyer-costs,0,1,0,10,0,1,10,0,0,,
how much is a attorney,/states/north-carolina-lawyer-costs,0,1,0,93,0,0,,0,0,,
how much is a attorney,/states/pennsylvania-lawyer-costs,0,1,0,11,0,0,,0,1,11,-100.0
how much is a attorney,/states/tennessee-lawyer-costs,0,1,0,11,0,1,11,0,0,,
how much is a attorney,/states/virginia-lawyer-costs,0,1,0,4,0,0,,0,1,4,-100.0
how much is a attorney,/states/west-virginia-lawyer-costs,0,1,0,82,0,1,82,0,0,,
how much is a attorney,/states/wisconsin-lawyer-costs,0,1,0,96,0,0,,0,1,96,-100.0
how much is a attorney fee,/states/alabama-lawyer-costs,0,1,0,74,0,0,,0,0,,
how much is a attorney fee,/states/new-hampshire-lawyer-costs,0,1,0,9,0,1,9,0,0,,
how much is a attorney fee,/states/wisconsin-lawyer-costs,0,1,0,69,0,0,,0,1,69,-100.0
how much is a attorney for child custody,/states/arkansas-lawyer-costs,0,1,0,11,0,1,11,0,0,,
how much is a bankruptcy attorney,/pages/bankruptcy-lawyer-cost,0,1,0,84,0,1,84,0,0,,
how much is a cheap lawyer,/states/florida-lawyer-costs,0,1,0,11,0,0,,0,1,11,-100.0
how much is a cheap lawyer,/states/kentucky-lawyer-costs,0,1,0,11,0,0,,0,1,11,-100.0
how much is a cheap lawyer,/states/new-mexico-lawyer-costs,0,1,0,10,0,0,,0,0,,
how much is a cheap lawyer,/states/new-york-lawyer-costs,0,1,0,4,0,1,4,0,0,,
how much is a cheap lawyer,/states/oklahoma-lawyer-costs,0,1,0,8,0,0,,0,1,8,-100.0
how much is a cheap lawyer,/states/pennsylvania-lawyer-costs,0,1,0,12,0,0,,0,1,12,-100.0
how much is a cheap lawyer,/states/south-carolina-lawyer-costs,0,1,0,8,0,0,,0,1,8,-100.0
how much is a civil attorney,/states/arizona-lawyer-costs,0,1,0,8,0,1,8,0,0,,
how much is a civil attorney,/states/nevada-lawyer-costs,0,1,0,4,0,0,,0,1,4,-100.0
how much is a civil attorney,/states/new-jersey-lawyer-costs,0,1,0,12,0,0,,0,0,,
how much is a civil attorney,/states/new-mexico-lawyer-costs,0,1,0,10,0,0,,0,1,10,-100.0
how much is a civil attorney,/states/new-york-lawyer-costs,0,1,0,6,0,1,6,0,0,,
how much is a civil attorney,/states/north-dakota-lawyer-costs,0,1,0,8,0,0,,0,0,,
how much is a civil attorney,/states/oklahoma-lawyer-costs,0,1,0,8,0,1,8,0,0,,
how much is a civil attorney,/states/tennessee-lawyer-costs,0,1,0,11,0,1,11,0,0,,
how much is a civil lawyer,/states/arizona-lawyer-costs,0,1,0,7,0,1,7,0,0,,
how much is a civil lawyer,/states/california-lawyer-costs,0,1,0,12,0,1,12,0,0,,
how much is a civil lawyer,/states/colorado-lawyer-costs,0,1,0,76,0,0,,0,0,,
how much is a civil lawyer,/states/georgia-lawyer-costs,0,1,0,11,0,1,11,0,0,,
how much is a civil lawyer,/states/minnesota-lawyer-costs,0,1,0,9,0,0,,0,1,9,-100.0
how much is a civil lawyer,/states/nebraska-lawyer-costs,0,1,0,7,0,1,7,0,0,,
how much is a civil lawyer,/states/nevada-lawyer-costs,0,1,0,4,0,0,,0,1,4,-100.0
how much is a civil lawyer,/states/new-hampshire-lawyer-costs,0,1,0,66,0,0,,0,0,,
how much is a civil lawyer,/states/new-jersey-lawyer-costs,0,1,0,12,0,1,12,0,0,,
how much is a civil lawyer,/states/tennessee-lawyer-costs,0,1,0,81,0,1,81,0,0,,
how much is a civil lawyer,/states/washington-lawyer-costs,0,1,0,5,0,1,5,0,0,,
how much is a consultation with a lawyer,/states/colorado-lawyer-costs,0,1,0,37,0,0,,0,0,,
how much is a consultation with a lawyer,/states/nevada-lawyer-costs,0,1,0,10,0,1,10,0,0,,
how much is a consultation?,/states/massachusetts-lawyer-costs,0,1,0,11,0,1,11,0,0,,
how much is a court appointed lawyer,/states/washington-lawyer-costs,0,1,0,11,0,1,11,0,0,,
how much is a criminal defense attorney,/states/new-mexico-lawyer-costs,0,1,0,8,0,1,8,0,0,,
how much is a criminal defense attorney,/states/new-york-lawyer-costs,0,1,0,63,0,1,63,0,0,,
how much is a criminal defense attorney,/states/tennessee-lawyer-costs,0,1,0,10,0,1,10,0,0,,
how much is a criminal defense lawyer,/states/arkansas-lawyer-costs,0,1,0,12,0,0,,0,1,12,-100.0
how much is a criminal defense lawyer,/states/kansas-lawyer-costs,0,1,0,10,0,1,10,0,0,,
how much is a criminal lawyer,/states/connecticut-lawyer-costs,0,1,0,12,0,0,,0,1,12,-100.0
how much is a custody lawyer,/states/idaho-lawyer-costs,0,1,0,1,0,1,1,0,0,,
how much is a defence lawyer,/pages/criminal-defense-lawyer-cost,0,1,0,1,0,1,1,0,0,,
how much is a defense attorney,/states/idaho-lawyer-costs,0,1,0,10,0,0,,0,1,10,-100.0
how much is a defense attorney,/states/louisiana-lawyer-costs,0,1,0,8,0,1,8,0,0,,
how much is a defense attorney,/states/new-york-lawyer-costs,0,1,0,30,0,0,,0,1,30,-100.0
how much is a defense attorney,/states/south-dakota-lawyer-costs,0,1,0,1,0,1,1,0,0,,
how much is a defense attorney,/states/utah-lawyer-costs,0,1,0,8,0,0,,0,1,8,-100.0
how much is a defense attorney cost,/states/kentucky-lawyer-costs,0,1,0,9,0,1,9,0,0,,
how much is a defense attorney cost,/states/maine-lawyer-costs,0,1,0,8,0,0,,0,1,8,-100.0
how much is a defense attorney cost,/states/ohio-lawyer-costs,0,1,0,12,0,1,12,0,0,,
how much is a defense attorney cost,/states/south-carolina-lawyer-costs,0,1,0,10,0,1,10,0,0,,
how much is a defense attorney cost,/states/west-virginia-lawyer-costs,0,1,0,10,0,0,,0,1,10,-100.0
how much is a divorce in arkansas,/states/arkansas-lawyer-costs,0,1,0,71,0,1,71,0,0,,
how much is a divorce in ct,/states/connecticut-lawyer-costs,0,1,0,71,0,0,,0,0,,
how much is a divorce in idaho,/states/idaho-lawyer-costs,0,1,0,91,0,0,,0,1,91,-100.0
how much is a divorce in iowa,/states/iowa-lawyer-costs,0,1,0,90,0,0,,0,0,,
how much is a divorce in oregon,/states/oregon-lawyer-costs,0,1,0,75,0,1,75,0,0,,
how much is a divorce lawyer,/states/idaho-lawyer-costs,0,1,0,10,0,1,10,0,0,,
how much is a divorce lawyer in tennessee,/states/tennessee-lawyer-costs,0,1,0,1,0,1,1,0,0,,
how much is a dui attorney,/pages/dui-lawyer-cost,0,1,0,1,0,0,,0,1,1,-100.0
how much is a dui lawyer in california,/pages/dui-lawyer-cost,0,1,0,79,0,1,79,0,0,,
how much is a family court lawyer,/states/louisiana-lawyer-costs,0,1,0,11,0,1,11,0,0,,
how much is a family court lawyer,/states/wisconsin-lawyer-costs,0,1,0,11,0,1,11,0,0,,
how much is a family law attorney,/states/massachusetts-lawyer-costs,0,1,0,2,0,1,2,0,0,,
how much is a family law attorney,/states/new-york-lawyer-costs,0,1,0,85,0,1,85,0,0,,
how much is a family law attorney,/states/oregon-lawyer-costs,0,1,0,11,0,1,11,0,0,,
how much is a family law attorney,/states/west-virginia-lawyer-costs,0,1,0,11,0,1,11,0,0,,
how much is a family law lawyer,/states/new-york-lawyer-costs,0,1,0,82,0,1,82,0,0,,
how much is a family lawyer,/states/south-dakota-lawyer-costs,0,1,0,6,0,0,,0,1,6,-100.0
how much is a family lawyer for child custody,/states/oregon-lawyer-costs,0,1,0,9,0,1,9,0,0,,
how much is a family lawyer per hour,/states/arizona-lawyer-costs,0,1,0,11,0,1,11,0,0,,
how much is a family lawyer per hour,/states/arkansas-lawyer-costs,0,1,0,10,0,1,10,0,0,,
how much is a filing,/pages/small-claims-filing-fee-calculator,0,1,0,66,0,0,,0,0,,
how much is a good attorney,/pages/can-i-afford-a-lawyer,0,1,0,89,0,0,,0,0,,
how much is a good criminal defense lawyer,/states/louisiana-lawyer-costs,0,1,0,1,0,1,1,0,0,,
how much is a good divorce lawyer,/pages/divorce-lawyer-cost,0,1,0,94,0,0,,0,0,,
how much is a good lawyer,/states/arizona-lawyer-costs,0,1,0,3,0,0,,0,1,3,-100.0
how much is a good lawyer,/states/colorado-lawyer-costs,0,1,0,9,0,1,9,0,0,,
how much is a good lawyer,/states/connecticut-lawyer-costs,0,1,0,7,0,0,,0,0,,
how much is a good lawyer,/states/idaho-lawyer-costs,0,1,0,5,0,1,5,0,0,,
how much is a good lawyer,/states/maryland-lawyer-costs,0,1,0,1,0,0,,0,1,1,-100.0
how much is a good lawyer,/states/minnesota-lawyer-costs,0,1,0,4,0,0,,0,1,4,-100.0
how much is a good lawyer,/states/rhode-island-lawyer-costs,0,1,0,7,0,0,,0,0,,
how much is a good lawyer,/states/west-virginia-lawyer-costs,0,1,0,7,0,0,,0,1,7,-100.0
how much is a good lawyer per hour,/states/arizona-lawyer-costs,0,1,0,11,0,1,11,0,0,,
how much is a lawer,/states/california-lawyer-costs,0,1,0,93,0,0,,0,0,,
how much is a lawer,/states/utah-lawyer-costs,0,1,0,97,0,0,,0,1,97,-100.0
how much is a lawyer,/pages/can-i-afford-a-lawyer,0,1,0,92,0,0,,0,0,,
how much is a lawyer,/pages/dui-lawyer-cost,0,1,0,1,0,0,,0,1,1,-100.0
how much is a lawyer,/pages/hourly-vs-flat-fee-lawyer,0,1,0,1,0,1,1,0,0,,
how much is a lawyer,/states/alabama-lawyer-costs,0,1,0,13,0,0,,0,0,,
how much is a lawyer,/states/alaska-lawyer-costs,0,1,0,10,0,1,10,0,0,,
how much is a lawyer,/states/arizona-lawyer-costs,0,1,0,30,0,0,,0,0,,
how much is a lawyer,/states/delaware-lawyer-costs,0,1,0,1,0,0,,0,1,1,-100.0
how much is a lawyer,/states/iowa-lawyer-costs,0,1,0,10,0,1,10,0,0,,
how much is a lawyer,/states/kansas-lawyer-costs,0,1,0,26,0,0,,0,0,,
how much is a lawyer,/states/louisiana-lawyer-costs,0,1,0,17,0,1,17,0,0,,
how much is a lawyer,/states/maine-lawyer-costs,0,1,0,12,0,1,12,0,0,,
how much is a lawyer,/states/maryland-lawyer-costs,0,1,0,46,0,1,46,0,0,,
how much is a lawyer,/states/minnesota-lawyer-costs,0,1,0,11,0,0,,0,1,11,-100.0
how much is a lawyer,/states/nebraska-lawyer-costs,0,1,0,11,0,1,11,0,0,,
how much is a lawyer,/states/new-hampshire-lawyer-costs,0,1,0,10,0,1,10,0,0,,
how much is a lawyer,/states/oklahoma-lawyer-costs,0,1,0,60,0,1,60,0,0,,
how much is a lawyer,/states/south-dakota-lawyer-costs,0,1,0,11,0,1,11,0,0,,
how much is a lawyer,/states/tennessee-lawyer-costs,0,1,0,91,0,1,91,0,0,,
how much is a lawyer an hour,/states/kentucky-lawyer-costs,0,1,0,12,0,0,,0,1,12,-100.0
how much is a lawyer consultation,/states/california-lawyer-costs,0,1,0,57,0,0,,0,0,,
how much is a lawyer consultation,/states/michigan-lawyer-costs,0,1,0,21,0,0,,0,1,21,-100.0
how much is a lawyer consultation,/states/new-york-lawyer-costs,0,1,0,29,0,0,,0,1,29,-100.0
how much is a lawyer consultation,/states/oklahoma-lawyer-costs,0,1,0,4,0,1,4,0,0,,
how much is a lawyer consultation,/states/south-carolina-lawyer-costs,0,1,0,77,0,0,,0,0,,
how much is a lawyer consultation fee,/states/colorado-lawyer-costs,0,1,0,48,0,0,,0,0,,
how much is a lawyer consultation fee,/states/north-carolina-lawyer-costs,0,1,0,97,0,0,,0,0,,
how much is a lawyer consultation fee in usa,/pages/lawyer-consultation-fee,0,1,0,86,0,0,,0,1,86,-100.0
how much is a lawyer cost,/states/maryland-lawyer-costs,0,1,0,11,0,1,11,0,0,,
how much is a lawyer cost,/states/nevada-lawyer-costs,0,1,0,11,0,1,11,0,0,,
how much is a lawyer cost,/states/new-york-lawyer-costs,0,1,0,29,0,0,,0,0,,
how much is a lawyer cost,/states/pennsylvania-lawyer-costs,0,1,0,11,0,1,11,0,0,,
how much is a lawyer fee,/states/arizona-lawyer-costs,0,1,0,13,0,0,,0,0,,
how much is a lawyer fee,/states/connecticut-lawyer-costs,0,1,0,12,0,0,,0,1,12,-100.0
how much is a lawyer fee,/states/kansas-lawyer-costs,0,1,0,10,0,0,,0,1,10,-100.0
how much is a lawyer fee,/states/louisiana-lawyer-costs,0,1,0,10,0,1,10,0,0,,
how much is a lawyer fee,/states/new-jersey-lawyer-costs,0,1,0,10,0,0,,0,1,10,-100.0
how much is a lawyer fee,/states/utah-lawyer-costs,0,1,0,6,0,1,6,0,0,,
how much is a lawyer fee,/states/vermont-lawyer-costs,0,1,0,8,0,0,,0,1,8,-100.0
how much is a lawyer for a civil case,/states/minnesota-lawyer-costs,0,1,0,7,0,1,7,0,0,,
how much is a lawyer for a civil case,/states/new-mexico-lawyer-costs,0,1,0,7,0,1,7,0,0,,
how much is a lawyer for a civil case,/states/new-york-lawyer-costs,0,1,0,5,0,1,5,0,0,,
how much is a lawyer for a civil suit,/states/arizona-lawyer-costs,0,1,0,11,0,0,,0,1,11,-100.0
how much is a lawyer for a civil suit,/states/arkansas-lawyer-costs,0,1,0,6,0,1,6,0,0,,
how much is a lawyer for a civil suit,/states/connecticut-lawyer-costs,0,1,0,11,0,0,,0,1,11,-100.0
how much is a lawyer for a civil suit,/states/maryland-lawyer-costs,0,1,0,11,0,1,11,0,0,,
how much is a lawyer for a civil suit,/states/nevada-lawyer-costs,0,1,0,6,0,1,6,0,0,,
how much is a lawyer for a civil suit,/states/rhode-island-lawyer-costs,0,1,0,3,0,0,,0,1,3,-100.0
how much is a lawyer for a civil suit,/states/utah-lawyer-costs,0,1,0,5,0,1,5,0,0,,
how much is a lawyer for a civil suit,/states/wyoming-lawyer-costs,0,1,0,8,0,0,,0,1,8,-100.0
how much is a lawyer for a divorce,/pages/divorce-lawyer-cost,0,1,0,92,0,0,,0,0,,
how much is a lawyer for a dui,/pages/dui-lawyer-cost,0,1,0,1,0,1,1,0,0,,
how much is a lawyer for a misdemeanor,/states/new-york-lawyer-costs,0,1,0,30,0,1,30,0,0,,
how much is a lawyer for a misdemeanor,/states/oklahoma-lawyer-costs,0,1,0,7,0,1,7,0,0,,
how much is a lawyer for a simple mistomeaner,/states/indiana-lawyer-costs,0,1,0,12,0,0,,0,0,,
how much is a lawyer for a small business,/pages/business-lawyer-cost,0,1,0,87,0,0,,0,0,,
how much is a lawyer for child support,/states/arkansas-lawyer-costs,0,1,0,8,0,1,8,0,0,,
how much is a lawyer for civil court,/states/alabama-lawyer-costs,0,1,0,10,0,0,,0,0,,
how much is a lawyer for civil court,/states/connecticut-lawyer-costs,0,1,0,10,0,0,,0,0,,
how much is a lawyer for civil court,/states/idaho-lawyer-costs,0,1,0,10,0,0,,0,1,10,-100.0
how much is a lawyer for civil court,/states/iowa-lawyer-costs,0,1,0,10,0,0,,0,0,,
how much is a lawyer for civil court,/states/kentucky-lawyer-costs,0,1,0,11,0,0,,0,1,11,-100.0
how much is a lawyer for civil court,/states/new-jersey-lawyer-costs,0,1,0,7,0,1,7,0,0,,
how much is a lawyer for civil court,/states/oregon-lawyer-costs,0,1,0,13,0,0,,0,0,,
how much is a lawyer for civil court,/states/south-carolina-lawyer-costs,0,1,0,7,0,1,7,0,0,,
how much is a lawyer for civil court,/states/tennessee-lawyer-costs,0,1,0,7,0,1,7,0,0,,
how much is a lawyer for civil court,/states/utah-lawyer-costs,0,1,0,11,0,0,,0,1,11,-100.0
how much is a lawyer for civil court,/states/virginia-lawyer-costs,0,1,0,8,0,0,,0,1,8,-100.0
how much is a lawyer for civil court,/states/wisconsin-lawyer-costs,0,1,0,3,0,1,3,0,0,,
how much is a lawyer for domestic violence,/states/colorado-lawyer-costs,0,1,0,47,0,0,,0,0,,
how much is a lawyer for dui,/pages/dui-lawyer-cost,0,1,0,1,0,1,1,0,0,,
how much is a lawyer for family court,/states/maine-lawyer-costs,0,1,0,9,0,0,,0,1,9,-100.0
how much is a lawyer for family court,/states/vermont-lawyer-costs,0,1,0,9,0,0,,0,1,9,-100.0
how much is a lawyer for family court,/states/wisconsin-lawyer-costs,0,1,0,13,0,0,,0,0,,
how much is a lawyer for misdemeanor,/pages/criminal-defense-lawyer-cost,0,1,0,47,0,0,,0,0,,
how much is a lawyer for misdemeanor,/states/south-dakota-lawyer-costs,0,1,0,6,0,0,,0,0,,
how much is a lawyer for small claims court,/pages/small-claims-filing-fee-calculator,0,1,0,97,0,0,,0,1,97,-100.0
how much is a lawyer for small claims court,/states/arkansas-lawyer-costs,0,1,0,11,0,0,,0,0,,
how much is a lawyer for small claims court,/states/connecticut-lawyer-costs,0,1,0,12,0,0,,0,0,,
how much is a lawyer for small claims court,/states/indiana-lawyer-costs,0,1,0,11,0,0,,0,0,,
how much is a lawyer for small claims court,/states/kentucky-lawyer-costs,0,1,0,5,0,1,5,0,0,,
how much is a lawyer for small claims court,/states/louisiana-lawyer-costs,0,1,0,1,0,1,1,0,0,,
how much is a lawyer for small claims court,/states/minnesota-lawyer-costs,0,1,0,7,0,0,,0,1,7,-100.0
how much is a lawyer for small claims court,/states/nebraska-lawyer-costs,0,1,0,10,0,1,10,0,0,,
how much is a lawyer for small claims court,/states/new-mexico-lawyer-costs,0,1,0,8,0,0,,0,0,,
how much is a lawyer for small claims court,/states/north-carolina-lawyer-costs,0,1,0,10,0,1,10,0,0,,
how much is a lawyer for small claims court,/states/oregon-lawyer-costs,0,1,0,11,0,0,,0,1,11,-100.0
how much is a lawyer for small claims court,/states/washington-lawyer-costs,0,1,0,11,0,0,,0,0,,
how much is a lawyer in texas,/states/texas-lawyer-costs,0,1,0,1,0,1,1,0,0,,
how much is a lawyer paid per hour,/states/connecticut-lawyer-costs,0,1,0,35,0,0,,0,0,,
how much is a lawyer paid per hour,/states/south-dakota-lawyer-costs,0,1,0,7,0,1,7,0,0,,
how much is a lawyer per hour,/states/connecticut-lawyer-costs,0,1,0,12,0,0,,0,0,,
how much is a lawyer per hour,/states/idaho-lawyer-costs,0,1,0,11,0,0,,0,0,,
how much is a lawyer per hour,/states/indiana-lawyer-costs,0,1,0,11,0,1,11,0,0,,
how much is a lawyer per hour,/states/iowa-lawyer-costs,0,1,0,9,0,1,9,0,0,,
how much is a lawyer per hour,/states/kentucky-lawyer-costs,0,1,0,11,0,1,11,0,0,,
how much is a lawyer per hour,/states/michigan-lawyer-costs,0,1,0,12,0,0,,0,1,12,-100.0
how much is a lawyer per hour,/states/minnesota-lawyer-costs,0,1,0,11,0,0,,0,0,,
how much is a lawyer per hour,/states/mississippi-lawyer-costs,0,1,0,10,0,0,,0,0,,
how much is a lawyer per hour,/states/north-dakota-lawyer-costs,0,1,0,8,0,0,,0,1,8,-100.0
how much is a lawyer per hour,/states/south-carolina-lawyer-costs,0,1,0,82,0,0,,0,0,,
how much is a lawyer retainer,/states/georgia-lawyer-costs,0,1,0,4,0,0,,0,1,4,-100.0
how much is a lawyer retainer fee,/,0,1,0,1,0,0,,0,1,1,-100.0
how much is a lawyer retainer fee,/states/missouri-lawyer-costs,0,1,0,4,0,0,,0,0,,
how much is a lawyer to sue someone,/states/alabama-lawyer-costs,0,1,0,7,0,1,7,0,0,,
how much is a lawyer to sue someone,/states/south-carolina-lawyer-costs,0,1,0,11,0,1,11,0,0,,
how much is a laywer,/states/colorado-lawyer-costs,0,1,0,13,0,0,,0,0,,
how much is a legal aid lawyer,/states/louisiana-lawyer-costs,0,1,0,10,0,0,,0,0,,
how much is a legal aid lawyer,/states/virginia-lawyer-costs,0,1,0,6,0,0,,0,1,6,-100.0
how much is a litigation lawyer,/states/nevada-lawyer-costs,0,1,0,8,0,1,8,0,0,,
how much is a local criminal defense attorney,/states/alabama-lawyer-costs,0,1,0,9,0,0,,0,0,,
how much is a local criminal defense attorney,/states/massachusetts-lawyer-costs,0,1,0,7,0,1,7,0,0,,
how much is a local criminal defense attorney,/states/mississippi-lawyer-costs,0,1,0,6,0,1,6,0,0,,
how much is a local criminal defense attorney,/states/north-dakota-lawyer-costs,0,1,0,12,0,0,,0,0,,
how much is a local criminal defense attorney,/states/ohio-lawyer-costs,0,1,0,11,0,1,11,0,0,,
how much is a local criminal defense attorney,/states/oklahoma-lawyer-costs,0,1,0,5,0,1,5,0,0,,
how much is a personal lawyer,/states/arizona-lawyer-costs,0,1,0,9,0,1,9,0,0,,
how much is a personal lawyer,/states/iowa-lawyer-costs,0,1,0,10,0,0,,0,1,10,-100.0
how much is a personal lawyer,/states/massachusetts-lawyer-costs,0,1,0,10,0,0,,0,1,10,-100.0
how much is a personal lawyer,/states/michigan-lawyer-costs,0,1,0,9,0,1,9,0,0,,
how much is a personal lawyer,/states/minnesota-lawyer-costs,0,1,0,10,0,1,10,0,0,,
how much is a personal lawyer,/states/mississippi-lawyer-costs,0,1,0,9,0,0,,0,1,9,-100.0
how much is a personal lawyer,/states/missouri-lawyer-costs,0,1,0,8,0,1,8,0,0,,
how much is a personal lawyer,/states/new-york-lawyer-costs,0,1,0,8,0,0,,0,1,8,-100.0
how much is a personal lawyer,/states/tennessee-lawyer-costs,0,1,0,9,0,1,9,0,0,,
how much is a personal lawyer,/states/texas-lawyer-costs,0,1,0,11,0,1,11,0,0,,
how much is a private attorney,/states/connecticut-lawyer-costs,0,1,0,12,0,0,,0,1,12,-100.0
how much is a private attorney,/states/idaho-lawyer-costs,0,1,0,6,0,1,6,0,0,,
how much is a private attorney,/states/kansas-lawyer-costs,0,1,0,9,0,1,9,0,0,,
how much is a private attorney,/states/louisiana-lawyer-costs,0,1,0,11,0,0,,0,1,11,-100.0
how much is a private attorney,/states/new-york-lawyer-costs,0,1,0,86,0,0,,0,0,,
how much is a private attorney,/states/rhode-island-lawyer-costs,0,1,0,12,0,0,,0,1,12,-100.0
how much is a private attorney,/states/south-carolina-lawyer-costs,0,1,0,96,0,1,96,0,0,,
how much is a private attorney,/states/tennessee-lawyer-costs,0,1,0,12,0,1,12,0,0,,
how much is a private attorney,/states/texas-lawyer-costs,0,1,0,11,0,1,11,0,0,,
how much is a private attorney,/states/utah-lawyer-costs,0,1,0,8,0,0,,0,1,8,-100.0
how much is a private lawyer,/states/kansas-lawyer-costs,0,1,0,8,0,1,8,0,0,,
how much is a private lawyer,/states/maryland-lawyer-costs,0,1,0,10,0,1,10,0,0,,
how much is a private lawyer,/states/minnesota-lawyer-costs,0,1,0,10,0,0,,0,1,10,-100.0
how much is a private lawyer,/states/missouri-lawyer-costs,0,1,0,11,0,1,11,0,0,,
how much is a private lawyer,/states/rhode-island-lawyer-costs,0,1,0,11,0,1,11,0,0,,
how much is a private lawyer,/states/south-carolina-lawyer-costs,0,1,0,11,0,1,11,0,0,,
how much is a private lawyer,/states/wyoming-lawyer-costs,0,1,0,5,0,1,5,0,0,,
how much is a real estate attorney,/states/michigan-lawyer-costs,0,1,0,1,0,1,1,0,0,,
how much is a real estate lawyer,/states/new-york-lawyer-costs,0,1,0,68,0,0,,0,1,68,-100.0
how much is a restraining order in louisiana,/states/louisiana-lawyer-costs,0,1,0,73,0,0,,0,1,73,-100.0
how much is a retainer for a criminal defense attorney,/states/new-mexico-lawyer-costs,0,1,0,12,0,1,12,0,0,,
how much is a retainer for a divorce lawyer,/states/maine-lawyer-costs,0,1,0,1,0,0,,0,1,1,-100.0
how much is a retainer for a lawyer,/states/delaware-lawyer-costs,0,1,0,4,0,1,4,0,0,,
how much is a retainer for a lawyer,/states/washington-lawyer-costs,0,1,0,10,0,1,10,0,0,,
how much is a small claims lawyer,/states/kansas-lawyer-costs,0,1,0,11,0,0,,0,0,,
how much is a small claims lawyer,/states/kentucky-lawyer-costs,0,1,0,7,0,1,7,0,0,,
how much is a small claims lawyer,/states/mississippi-lawyer-costs,0,1,0,8,0,0,,0,1,8,-100.0
how much is a small claims lawyer,/states/north-dakota-lawyer-costs,0,1,0,9,0,0,,0,1,9,-100.0
how much is a small claims lawyer,/states/virginia-lawyer-costs,0,1,0,8,0,1,8,0,0,,
how much is a small claims lawyer,/states/west-virginia-lawyer-costs,0,1,0,8,0,0,,0,0,,
how much is a succession in louisiana,/states/louisiana-lawyer-costs,0,1,0,1,0,1,1,0,0,,
how much is a tax lawyer,/states/new-york-lawyer-costs,0,1,0,84,0,0,,0,1,84,-100.0
how much is a traffic lawyer,/states/new-york-lawyer-costs,0,1,0,100,0,0,,0,1,100,-100.0
how much is an attorney,/states/,0,1,0,79,0,0,,0,1,79,-100.0
how much is an attorney,/states/arizona-lawyer-costs,0,1,0,11,0,0,,0,1,11,-100.0
how much is an attorney,/states/connecticut-lawyer-costs,0,1,0,9,0,1,9,0,0,,
how much is an attorney,/states/hawaii-lawyer-costs,0,1,0,12,0,1,12,0,0,,
how much is an attorney,/states/idaho-lawyer-costs,0,1,0,11,0,0,,0,1,11,-100.0
how much is an attorney,/states/illinois-lawyer-costs,0,1,0,3,0,0,,0,1,3,-100.0
how much is an attorney,/states/iowa-lawyer-costs,0,1,0,12,0,0,,0,1,12,-100.0
how much is an attorney,/states/new-jersey-lawyer-costs,0,1,0,12,0,1,12,0,0,,
how much is an attorney,/states/new-mexico-lawyer-costs,0,1,0,10,0,1,10,0,0,,
how much is an attorney,/states/oregon-lawyer-costs,0,1,0,19,0,0,,0,0,,
how much is an attorney,/states/pennsylvania-lawyer-costs,0,1,0,12,0,1,12,0,0,,
how much is an attorney,/states/rhode-island-lawyer-costs,0,1,0,9,0,1,9,0,0,,
how much is an attorney,/states/tennessee-lawyer-costs,0,1,0,98,0,0,,0,1,98,-100.0
how much is an attorney,/states/texas-lawyer-costs,0,1,0,6,0,0,,0,1,6,-100.0
how much is an attorney,/states/virginia-lawyer-costs,0,1,0,98,0,0,,0,0,,
how much is an attorney,/states/wyoming-lawyer-costs,0,1,0,10,0,0,,0,1,10,-100.0
how much is an attorney consultation,/states/ohio-lawyer-costs,0,1,0,20,0,0,,0,1,20,-100.0
how much is an attorney for dui,/pages/dui-lawyer-cost,0,1,0,82,0,1,82,0,0,,
how much is an attorney for small claims court,/states/arkansas-lawyer-costs,0,1,0,9,0,1,9,0,0,,
how much is an attorney for small claims court,/states/delaware-lawyer-costs,0,1,0,8,0,0,,0,1,8,-100.0
how much is an attorney for small claims court,/states/idaho-lawyer-costs,0,1,0,9,0,1,9,0,0,,
how much is an attorney for small claims court,/states/maine-lawyer-costs,0,1,0,9,0,1,9,0,0,,
how much is an attorney for small claims court,/states/maryland-lawyer-costs,0,1,0,10,0,1,10,0,0,,
how much is an attorney for small claims court,/states/missouri-lawyer-costs,0,1,0,11,0,1,11,0,0,,
how much is an attorney for small claims court,/states/new-mexico-lawyer-costs,0,1,0,10,0,0,,0,1,10,-100.0
how much is an attorney for small claims court,/states/new-york-lawyer-costs,0,1,0,10,0,0,,0,1,10,-100.0
how much is an attorney for small claims court,/states/virginia-lawyer-costs,0,1,0,10,0,0,,0,0,,
how much is an attorney for small claims court,/states/washington-lawyer-costs,0,1,0,10,0,1,10,0,0,,
how much is an attorney for small claims court,/states/wyoming-lawyer-costs,0,1,0,7,0,0,,0,0,,
how much is an attorney in jeff city mo,/states/missouri-lawyer-costs,0,1,0,13,0,0,,0,0,,
how much is an attorney per hour,/states/indiana-lawyer-costs,0,1,0,5,0,1,5,0,0,,
how much is an attorney per hour,/states/minnesota-lawyer-costs,0,1,0,6,0,0,,0,1,6,-100.0
how much is an attorney per hour,/states/mississippi-lawyer-costs,0,1,0,8,0,0,,0,1,8,-100.0
how much is an attorney per hour,/states/new-jersey-lawyer-costs,0,1,0,12,0,0,,0,0,,
how much is an attorney per hour,/states/tennessee-lawyer-costs,0,1,0,11,0,0,,0,1,11,-100.0
how much is an attorny,/states/new-jersey-lawyer-costs,0,1,0,12,0,1,12,0,0,,
how much is an estate lawyer,/pages/estate-planning-lawyer-cost,0,1,0,87,0,0,,0,0,,
how much is an estate lawyer,/states/maryland-lawyer-costs,0,1,0,79,0,0,,0,0,,
how much is an eviction lawyer,/states/new-york-lawyer-costs,0,1,0,96,0,1,96,0,0,,
how much is attorney,/states/kentucky-lawyer-costs,0,1,0,81,0,0,,0,1,81,-100.0
how much is attorney,/states/michigan-lawyer-costs,0,1,0,11,0,1,11,0,0,,
how much is attorney,/states/missouri-lawyer-costs,0,1,0,88,0,0,,0,1,88,-100.0
how much is attorney,/states/north-carolina-lawyer-costs,0,1,0,100,0,0,,0,1,100,-100.0
how much is attorney,/states/virginia-lawyer-costs,0,1,0,83,0,0,,0,0,,
how much is attorney,/states/washington-lawyer-costs,0,1,0,96,0,0,,0,1,96,-100.0
how much is attorney consultation fee,/pages/lawyer-consultation-fee,0,1,0,69,0,1,69,0,0,,
how much is attorney consultation fee,/states/south-carolina-lawyer-costs,0,1,0,66,0,0,,0,1,66,-100.0
how much is attorney fees,/states/alabama-lawyer-costs,0,1,0,66,0,0,,0,0,,
how much is attorney fees,/states/california-lawyer-costs,0,1,0,99,0,0,,0,0,,
how much is attorney fees,/states/florida-lawyer-costs,0,1,0,88,0,0,,0,0,,
how much is attorney fees,/states/minnesota-lawyer-costs,0,1,0,8,0,1,8,0,0,,
how much is attorney fees,/states/missouri-lawyer-costs,0,1,0,10,0,1,10,0,0,,
how much is attorney fees,/states/montana-lawyer-costs,0,1,0,5,0,1,5,0,0,,
how much is attorney fees,/states/tennessee-lawyer-costs,0,1,0,10,0,1,10,0,0,,
how much is attorney fees,/states/utah-lawyer-costs,0,1,0,83,0,0,,0,1,83,-100.0
how much is attorney fees,/states/vermont-lawyer-costs,0,1,0,6,0,0,,0,1,6,-100.0
how much is attorney fees,/states/west-virginia-lawyer-costs,0,1,0,53,0,0,,0,1,53,-100.0
how much is attorney fees,/states/wisconsin-lawyer-costs,0,1,0,6,0,1,6,0,0,,
how much is consultation with a lawyer,/pages/lawyer-consultation-fee,0,1,0,30,0,1,30,0,0,,
how much is court cost,/states/missouri-lawyer-costs,0,1,0,11,0,0,,0,1,11,-100.0
how much is court cost in florida,/states/florida-lawyer-costs,0,1,0,70,0,1,70,0,0,,
how much is court cost in louisiana,/states/louisiana-lawyer-costs,0,1,0,53,0,0,,0,0,,
how much is court cost in tennessee,/states/tennessee-lawyer-costs,0,1,0,65,0,0,,0,0,,
how much is court cost in virginia,/states/virginia-lawyer-costs,0,1,0,28,0,1,28,0,0,,
how much is court fees,/states/south-dakota-lawyer-costs,0,1,0,10,0,1,10,0,0,,
how much is criminal defense attorney,/states/new-mexico-lawyer-costs,0,1,0,9,0,0,,0,1,9,-100.0
how much is criminal defense attorney,/states/ohio-lawyer-costs,0,1,0,11,0,1,11,0,0,,
how much is criminal defense attorney,/states/south-carolina-lawyer-costs,0,1,0,12,0,0,,0,1,12,-100.0
how much is criminal defense attorney,/states/vermont-lawyer-costs,0,1,0,10,0,1,10,0,0,,
how much is criminal defense lawyer,/states/new-york-lawyer-costs,0,1,0,66,0,1,66,0,0,,
how much is divorce lawyer,/pages/divorce-lawyer-cost,0,1,0,97,0,0,,0,1,97,-100.0
how much is divorce lawyer,/states/arkansas-lawyer-costs,0,1,0,12,0,1,12,0,0,,
how much is dui lawyer,/pages/dui-lawyer-cost,0,1,0,1,0,0,,0,1,1,-100.0
how much is family lawyer,/states/new-york-lawyer-costs,0,1,0,42,0,1,42,0,0,,
how much is family lawyer cost,/states/oregon-lawyer-costs,0,1,0,10,0,1,10,0,0,,
how much is for a lawyer,/states/new-york-lawyer-costs,0,1,0,7,0,1,7,0,0,,
how much is he charging,/states/massachusetts-lawyer-costs,0,1,0,1,0,1,1,0,0,,
how much is his fees,/states/massachusetts-lawyer-costs,0,1,0,1,0,1,1,0,0,,
how much is it for a divorce lawyer,/states/north-dakota-lawyer-costs,0,1,0,11,0,1,11,0,0,,
how much is it for a family lawyer,/states/new-hampshire-lawyer-costs,0,1,0,3,0,0,,0,1,3,-100.0
how much is it for a lawyer,/,0,1,0,1,0,1,1,0,0,,
how much is it for a lawyer,/states/california-lawyer-costs,0,1,0,88,0,0,,0,0,,
how much is it for a lawyer,/states/colorado-lawyer-costs,0,1,0,86,0,0,,0,0,,
how much is it for a lawyer,/states/kentucky-lawyer-costs,0,1,0,7,0,1,7,0,0,,
how much is it for a lawyer,/states/maryland-lawyer-costs,0,1,0,51,0,0,,0,0,,
how much is it for a lawyer,/states/nebraska-lawyer-costs,0,1,0,12,0,1,12,0,0,,
how much is it for a lawyer,/states/west-virginia-lawyer-costs,0,1,0,88,0,1,88,0,0,,
how much is it for an attorney,/states/colorado-lawyer-costs,0,1,0,12,0,1,12,0,0,,
how much is it for an attorney,/states/hawaii-lawyer-costs,0,1,0,12,0,1,12,0,0,,
how much is it to consult a lawyer,/states/arkansas-lawyer-costs,0,1,0,9,0,0,,0,1,9,-100.0
how much is it to consult a lawyer,/states/north-dakota-lawyer-costs,0,1,0,7,0,1,7,0,0,,
how much is it to consult a lawyer,/states/rhode-island-lawyer-costs,0,1,0,11,0,0,,0,0,,
how much is it to file a motion in court,/states/indiana-lawyer-costs,0,1,0,9,0,0,,0,0,,
how much is it to file a motion in court,/states/mississippi-lawyer-costs,0,1,0,7,0,1,7,0,0,,
how much is it to file a motion in court,/states/wisconsin-lawyer-costs,0,1,0,10,0,0,,0,0,,
how much is it to get a lawyer,/pages/can-i-afford-a-lawyer,0,1,0,75,0,0,,0,0,,
how much is it to get a lawyer,/states/new-mexico-lawyer-costs,0,1,0,6,0,1,6,0,0,,
how much is it to get a lawyer,/states/south-dakota-lawyer-costs,0,1,0,10,0,1,10,0,0,,
how much is it to get a lawyer,/states/vermont-lawyer-costs,0,1,0,12,0,1,12,0,0,,
how much is it to get an attorney,/states/kentucky-lawyer-costs,0,1,0,12,0,0,,0,1,12,-100.0
how much is it to get an attorney,/states/mississippi-lawyer-costs,0,1,0,10,0,1,10,0,0,,
how much is it to get an attorney,/states/missouri-lawyer-costs,0,1,0,9,0,1,9,0,0,,
how much is it to get an attorney,/states/nebraska-lawyer-costs,0,1,0,12,0,1,12,0,0,,
how much is it to get an attorney,/states/oklahoma-lawyer-costs,0,1,0,9,0,0,,0,1,9,-100.0
how much is it to get an attorney,/states/pennsylvania-lawyer-costs,0,1,0,12,0,1,12,0,0,,
how much is it to get an immigration lawyer,/pages/immigration-lawyer-cost,0,1,0,100,0,0,,0,1,100,-100.0
how much is it to have a lawyer,/states/new-york-lawyer-costs,0,1,0,11,0,1,11,0,0,,
how much is it to have a lawyer,/states/south-carolina-lawyer-costs,0,1,0,10,0,1,10,0,0,,
how much is it to have a lawyer on retainer,/states/new-jersey-lawyer-costs,0,1,0,1,0,1,1,0,0,,
how much is it to have a lawyer on retainer,/states/washington-lawyer-costs,0,1,0,3,0,0,,0,1,3,-100.0
how much is it to hire a criminal defense attorney,/pages/criminal-defense-lawyer-cost,0,1,0,73,0,0,,0,1,73,-100.0
how much is it to hire a criminal defense attorney,/states/new-york-lawyer-costs,0,1,0,61,0,1,61,0,0,,
how much is it to hire a lawyer,/states/kansas-lawyer-costs,0,1,0,10,0,0,,0,1,10,-100.0
how much is it to hire a lawyer,/states/louisiana-lawyer-costs,0,1,0,10,0,0,,0,1,10,-100.0
how much is it to hire a lawyer,/states/massachusetts-lawyer-costs,0,1,0,2,0,0,,0,1,2,-100.0
how much is it to hire a lawyer,/states/missouri-lawyer-costs,0,1,0,11,0,1,11,0,0,,
how much is it to hire a lawyer,/states/new-jersey-lawyer-costs,0,1,0,10,0,1,10,0,0,,
how much is it to hire a lawyer,/states/new-mexico-lawyer-costs,0,1,0,12,0,0,,0,1,12,-100.0
how much is it to hire a lawyer,/states/wyoming-lawyer-costs,0,1,0,11,0,0,,0,0,,
how much is it to hire an attorney,/pages/how-much-does-a-lawyer-cost,0,1,0,73,0,1,73,0,0,,
how much is it to hire an attorney,/states/alabama-lawyer-costs,0,1,0,12,0,1,12,0,0,,
how much is it to hire an attorney,/states/massachusetts-lawyer-costs,0,1,0,10,0,0,,0,1,10,-100.0
how much is it to hire an attorney,/states/new-jersey-lawyer-costs,0,1,0,12,0,1,12,0,0,,
how much is it to hire an attorney,/states/new-york-lawyer-costs,0,1,0,60,0,0,,0,0,,
how much is it to hire an attorney,/states/south-carolina-lawyer-costs,0,1,0,9,0,1,9,0,0,,
how much is it to hire an attorney,/states/utah-lawyer-costs,0,1,0,11,0,0,,0,1,11,-100.0
how much is it to talk to a lawyer,/states/indiana-lawyer-costs,0,1,0,8,0,1,8,0,0,,
how much is it to talk to a lawyer,/states/pennsylvania-lawyer-costs,0,1,0,12,0,0,,0,1,12,-100.0
how much is it to talk to a lawyer,/states/rhode-island-lawyer-costs,0,1,0,11,0,1,11,0,0,,
how much is it usually,/states/virginia-lawyer-costs,0,1,0,1,0,1,1,0,0,,
how much is kevin reddington,/states/massachusetts-lawyer-costs,0,1,0,1,0,1,1,0,0,,
how much is lawyer,/states/alabama-lawyer-costs,0,1,0,11,0,1,11,0,0,,
how much is lawyer,/states/nevada-lawyer-costs,0,1,0,12,0,1,12,0,0,,
how much is lawyer,/states/oklahoma-lawyer-costs,0,1,0,12,0,0,,0,1,12,-100.0
how much is lawyer,/states/texas-lawyer-costs,0,1,0,84,0,0,,0,1,84,-100.0
how much is lawyer,/states/virginia-lawyer-costs,0,1,0,8,0,1,8,0,0,,
how much is lawyer,/states/west-virginia-lawyer-costs,0,1,0,96,0,1,96,0,0,,
how much is lawyer consultation fee,/pages/lawyer-consultation-fee,0,1,0,41,0,1,41,0,0,,
how much is lawyer fee,/states/arizona-lawyer-costs,0,1,0,9,0,0,,0,1,9,-100.0
how much is lawyer fee,/states/louisiana-lawyer-costs,0,1,0,9,0,1,9,0,0,,
how much is lawyer fee,/states/virginia-lawyer-costs,0,1,0,97,0,0,,0,0,,
how much is lawyer fees,/pages/how-much-does-a-lawyer-cost,0,1,0,42,0,0,,0,1,42,-100.0
how much is lawyer fees,/states/arizona-lawyer-costs,0,1,0,11,0,1,11,0,0,,
how much is lawyer fees,/states/california-lawyer-costs,0,1,0,91,0,0,,0,0,,
how much is lawyer fees,/states/kansas-lawyer-costs,0,1,0,12,0,0,,0,1,12,-100.0
how much is lawyer fees,/states/maryland-lawyer-costs,0,1,0,7,0,1,7,0,0,,
how much is lawyer fees,/states/ohio-lawyer-costs,0,1,0,13,0,0,,0,1,13,-100.0
how much is lawyer fees,/states/rhode-island-lawyer-costs,0,1,0,11,0,1,11,0,0,,
how much is lawyer retainer fee,/states/west-virginia-lawyer-costs,0,1,0,12,0,0,,0,1,12,-100.0
how much is lawyers,/states/pennsylvania-lawyer-costs,0,1,0,11,0,1,11,0,0,,
how much is lawyers fees,/pages/how-much-does-a-lawyer-cost,0,1,0,46,0,0,,0,1,46,-100.0
how much is lawyers fees,/states/california-lawyer-costs,0,1,0,97,0,0,,0,1,97,-100.0
how much is lawyers fees,/states/delaware-lawyer-costs,0,1,0,13,0,0,,0,1,13,-100.0
how much is lawyers fees,/states/maryland-lawyer-costs,0,1,0,10,0,1,10,0,0,,
how much is lawyers fees,/states/new-mexico-lawyer-costs,0,1,0,7,0,1,7,0,0,,
how much is legal,/states/georgia-lawyer-costs,0,1,0,11,0,1,11,0,0,,
how much is legal,/states/maryland-lawyer-costs,0,1,0,9,0,1,9,0,0,,
how much is legal,/states/mississippi-lawyer-costs,0,1,0,8,0,0,,0,1,8,-100.0
how much is legal,/states/missouri-lawyer-costs,0,1,0,5,0,0,,0,1,5,-100.0
how much is legal,/states/virginia-lawyer-costs,0,1,0,8,0,1,8,0,0,,
how much is legal,/states/wisconsin-lawyer-costs,0,1,0,7,0,0,,0,0,,
how much is legal advice,/states/kentucky-lawyer-costs,0,1,0,9,0,0,,0,1,9,-100.0
how much is legal advice,/states/pennsylvania-lawyer-costs,0,1,0,10,0,0,,0,1,10,-100.0
how much is legal advice,/states/south-carolina-lawyer-costs,0,1,0,12,0,0,,0,1,12,-100.0
how much is legal advice,/states/tennessee-lawyer-costs,0,1,0,9,0,1,9,0,0,,
how much is legal aid,/states/mississippi-lawyer-costs,0,1,0,12,0,1,12,0,0,,
how much is legal aid,/states/south-carolina-lawyer-costs,0,1,0,11,0,0,,0,1,11,-100.0
how much is legal aid fees,/states/indiana-lawyer-costs,0,1,0,8,0,0,,0,0,,
how much is legal aid fees,/states/north-carolina-lawyer-costs,0,1,0,11,0,0,,0,1,11,-100.0
how much is legal aid fees,/states/virginia-lawyer-costs,0,1,0,9,0,0,,0,0,,
how much is legal aid per month,/states/mississippi-lawyer-costs,0,1,0,6,0,1,6,0,0,,
how much is legal fees,/states/florida-lawyer-costs,0,1,0,72,0,0,,0,0,,
how much is legal fees,/states/indiana-lawyer-costs,0,1,0,10,0,1,10,0,0,,
how much is legal fees,/states/kentucky-lawyer-costs,0,1,0,5,0,1,5,0,0,,
how much is my personal injury case worth calculator,/pages/personal-injury-settlement-calculator,0,1,0,91,0,0,,0,1,91,-100.0
how much is payment for attorney,/states/new-york-lawyer-costs,0,1,0,9,0,1,9,0,0,,
how much is real estate lawyer fee,/states/wisconsin-lawyer-costs,0,1,0,95,0,1,95,0,0,,
how much is the attorney fee,/states/hawaii-lawyer-costs,0,1,0,6,0,1,6,0,0,,
how much is the attorney fee,/states/louisiana-lawyer-costs,0,1,0,6,0,0,,0,1,6,-100.0
how much is the attorney fee,/states/nevada-lawyer-costs,0,1,0,3,0,1,3,0,0,,
how much is the attorney fee,/states/rhode-island-lawyer-costs,0,1,0,4,0,1,4,0,0,,
how much is the attorney fee,/states/virginia-lawyer-costs,0,1,0,9,0,1,9,0,0,,
how much is the attorney fee,/states/wisconsin-lawyer-costs,0,1,0,6,0,1,6,0,0,,
how much is the average lawyer,/states/new-york-lawyer-costs,0,1,0,6,0,1,6,0,0,,
how much is the average retainer fee for a lawyer,/states/nevada-lawyer-costs,0,1,0,9,0,1,9,0,0,,
how much is the fee?,/states/massachusetts-lawyer-costs,0,1,0,3,0,0,,0,1,3,-100.0
how much is the lawyer fee,/states/indiana-lawyer-costs,0,1,0,3,0,1,3,0,0,,
how much is the lawyer fee,/states/mississippi-lawyer-costs,0,1,0,12,0,0,,0,1,12,-100.0
how much is the lawyer fee,/states/nevada-lawyer-costs,0,1,0,11,0,0,,0,1,11,-100.0
how much is the lawyer fee,/states/oregon-lawyer-costs,0,1,0,12,0,1,12,0,0,,
how much is the retainer fee for a lawyer,/states/massachusetts-lawyer-costs,0,1,0,12,0,0,,0,1,12,-100.0
how much is this going to cost me,/states/wisconsin-lawyer-costs,0,1,0,3,0,0,,0,1,3,-100.0
how much is this going to cost me?,/states/south-carolina-lawyer-costs,0,1,0,2,0,0,,0,1,2,-100.0
how much is to hire a lawyer,/states/minnesota-lawyer-costs,0,1,0,12,0,0,,0,1,12,-100.0
how much it cost for a lawyer,/states/alabama-lawyer-costs,0,1,0,12,0,0,,0,0,,
how much it cost to get a lawyer,/states/pennsylvania-lawyer-costs,0,1,0,10,0,0,,0,1,10,-100.0
how much it cost to hire a lawyer,/states/arkansas-lawyer-costs,0,1,0,8,0,1,8,0,0,,
how much it cost to hire a lawyer,/states/maryland-lawyer-costs,0,1,0,11,0,0,,0,1,11,-100.0
how much it cost to hire a lawyer,/states/north-dakota-lawyer-costs,0,1,0,8,0,0,,0,1,8,-100.0
how much itcost,/states/minnesota-lawyer-costs,0,1,0,2,0,1,2,0,0,,
how much lawyer,/,0,1,0,39,0,0,,0,1,39,-100.0
how much lawyer,/states/colorado-lawyer-costs,0,1,0,26,0,0,,0,0,,
how much lawyer,/states/hawaii-lawyer-costs,0,1,0,10,0,0,,0,1,10,-100.0
how much lawyer,/states/massachusetts-lawyer-costs,0,1,0,12,0,1,12,0,0,,
how much lawyer,/states/missouri-lawyer-costs,0,1,0,40,0,1,40,0,0,,
how much lawyer,/states/south-carolina-lawyer-costs,0,1,0,87,0,0,,0,0,,
how much lawyer,/states/tennessee-lawyer-costs,0,1,0,98,0,1,98,0,0,,
how much lawyer,/states/virginia-lawyer-costs,0,1,0,94,0,0,,0,0,,
how much lawyer,/states/west-virginia-lawyer-costs,0,1,0,74,0,1,74,0,0,,
how much lawyer charge,/states/south-carolina-lawyer-costs,0,1,0,56,0,1,56,0,0,,
how much lawyer charge,/states/tennessee-lawyer-costs,0,1,0,93,0,1,93,0,0,,
how much lawyer charge for bankruptcies,/pages/bankruptcy-lawyer-cost,0,1,0,54,0,1,54,0,0,,
how much lawyer charge per hour,/states/indiana-lawyer-costs,0,1,0,5,0,1,5,0,0,,
how much lawyer charge per hour,/states/new-york-lawyer-costs,0,1,0,57,0,0,,0,0,,
how much lawyer cost,/,0,1,0,96,0,1,96,0,0,,
how much lawyer cost,/pages/how-much-does-a-lawyer-cost,0,1,0,83,0,1,83,0,0,,
how much lawyer cost,/states/alabama-lawyer-costs,0,1,0,9,0,1,9,0,0,,
how much lawyer cost,/states/minnesota-lawyer-costs,0,1,0,18,0,0,,0,1,18,-100.0
how much lawyer cost,/states/north-carolina-lawyer-costs,0,1,0,91,0,0,,0,1,91,-100.0
how much lawyer cost,/states/texas-lawyer-costs,0,1,0,82,0,0,,0,0,,
how much lawyer cost,/states/west-virginia-lawyer-costs,0,1,0,12,0,1,12,0,0,,
how much lawyer fees,/states/california-lawyer-costs,0,1,0,91,0,1,91,0,0,,
how much lawyer fees,/states/kansas-lawyer-costs,0,1,0,11,0,0,,0,1,11,-100.0
how much lawyer fees,/states/minnesota-lawyer-costs,0,1,0,11,0,0,,0,1,11,-100.0
how much lawyer fees,/states/new-york-lawyer-costs,0,1,0,10,0,1,10,0,0,,
how much lawyer fees,/states/south-carolina-lawyer-costs,0,1,0,86,0,1,86,0,0,,
how much lawyer fees,/states/tennessee-lawyer-costs,0,1,0,67,0,1,67,0,0,,
how much lawyer fees,/states/wisconsin-lawyer-costs,0,1,0,39,0,1,39,0,0,,
how much lawyers charge,/states/maryland-lawyer-costs,0,1,0,11,0,1,11,0,0,,
how much lawyers charge for legal notice,/states/oregon-lawyer-costs,0,1,0,5,0,1,5,0,0,,
how much lawyers charge per hour,/states/missouri-lawyer-costs,0,1,0,98,0,0,,0,0,,
how much lawyers charge per hour,/states/tennessee-lawyer-costs,0,1,0,10,0,1,10,0,0,,
how much lawyers cost,/states/alabama-lawyer-costs,0,1,0,12,0,0,,0,1,12,-100.0
how much lawyers cost,/states/california-lawyer-costs,0,1,0,69,0,0,,0,0,,
how much lawyers cost,/states/connecticut-lawyer-costs,0,1,0,1,0,1,1,0,0,,
how much lawyers cost,/states/maryland-lawyer-costs,0,1,0,11,0,1,11,0,0,,
how much lawyers cost,/states/tennessee-lawyer-costs,0,1,0,91,0,1,91,0,0,,
how much lawyers cost,/states/wisconsin-lawyer-costs,0,1,0,87,0,0,,0,1,87,-100.0
how much legal fees,/states/massachusetts-lawyer-costs,0,1,0,11,0,0,,0,1,11,-100.0
how much money does a lawyer cost,/states/south-carolina-lawyer-costs,0,1,0,10,0,1,10,0,0,,
how much money does a lawyer cost,/states/wisconsin-lawyer-costs,0,1,0,11,0,1,11,0,0,,
how much money is a lawyer,/states/colorado-lawyer-costs,0,1,0,39,0,0,,0,0,,
how much money is a lawyer,/states/nevada-lawyer-costs,0,1,0,8,0,0,,0,1,8,-100.0
how much per hour,/states/pennsylvania-lawyer-costs,0,1,0,4,0,1,4,0,0,,
how much percent does a lawyer take,/,0,1,0,85,0,1,85,0,0,,
how much percent does a lawyer take,/pages/how-much-does-a-lawyer-cost,0,1,0,66,0,1,66,0,0,,
how much percent does a lawyer take,/states/,0,1,0,100,0,1,100,0,0,,
how much private lawyer cost,/states/washington-lawyer-costs,0,1,0,10,0,1,10,0,0,,
how much she charges,/states/delaware-lawyer-costs,0,1,0,2,0,0,,0,1,2,-100.0
how much should a lawyer charge,/states/oklahoma-lawyer-costs,0,1,0,98,0,0,,0,1,98,-100.0
how much should a lawyer cost,/states/minnesota-lawyer-costs,0,1,0,10,0,0,,0,0,,
how much should a lawyer cost,/states/south-carolina-lawyer-costs,0,1,0,100,0,0,,0,1,100,-100.0
how much should a lawyer cost,/states/tennessee-lawyer-costs,0,1,0,69,0,1,69,0,0,,
how much should a lawyer cost,/states/utah-lawyer-costs,0,1,0,10,0,1,10,0,0,,
how much should a lawyer cost,/states/west-virginia-lawyer-costs,0,1,0,11,0,1,11,0,0,,
how much should a personal injury lawyer charge,/pages/personal-injury-lawyer-cost,0,1,0,60,0,1,60,0,0,,
how much should a real estate lawyer cost,/states/wisconsin-lawyer-costs,0,1,0,93,0,1,93,0,0,,
how much should this cost,/states/maine-lawyer-costs,0,1,0,4,0,0,,0,1,4,-100.0
how much the attorney fee,/states/kentucky-lawyer-costs,0,1,0,11,0,1,11,0,0,,
how much the lawyer cost,/states/new-york-lawyer-costs,0,1,0,12,0,0,,0,0,,
how much they charge,/states/michigan-lawyer-costs,0,1,0,5,0,1,5,0,0,,
how much they charge,/states/south-dakota-lawyer-costs,0,1,0,2,0,0,,0,1,2,-100.0
how much to become a lawyer,/pages/how-much-does-a-lawyer-cost,0,1,0,63,0,0,,0,0,,
how much to consult a lawyer,/pages/can-i-afford-a-lawyer,0,1,0,88,0,0,,0,0,,
how much to consult a lawyer,/states/arkansas-lawyer-costs,0,1,0,12,0,1,12,0,0,,
how much to consult with a lawyer,/states/california-lawyer-costs,0,1,0,65,0,0,,0,0,,
how much to consult with a lawyer,/states/north-carolina-lawyer-costs,0,1,0,93,0,0,,0,0,,
how much to file a motion in court,/states/west-virginia-lawyer-costs,0,1,0,10,0,0,,0,0,,
how much to file small claims,/pages/small-claims-filing-fee-calculator,0,1,0,93,0,1,93,0,0,,
how much to file small claims court,/pages/small-claims-filing-fee-calculator,0,1,0,88,0,0,,0,1,88,-100.0
how much to get a lawyer,/pages/how-much-does-a-lawyer-cost,0,1,0,50,0,0,,0,0,,
how much to get a lawyer,/states/new-mexico-lawyer-costs,0,1,0,10,0,1,10,0,0,,
how much to get an attorney,/states/nevada-lawyer-costs,0,1,0,9,0,0,,0,1,9,-100.0
how much to hire a lawyer,/states/iowa-lawyer-costs,0,1,0,16,0,1,16,0,0,,
how much to hire a lawyer,/states/nevada-lawyer-costs,0,1,0,12,0,1,12,0,0,,
how much to hire a lawyer,/states/new-york-lawyer-costs,0,1,0,38,0,0,,0,1,38,-100.0
how much to hire a lawyer,/states/rhode-island-lawyer-costs,0,1,0,10,0,0,,0,0,,
how much to hire a lawyer,/states/virginia-lawyer-costs,0,1,0,4,0,0,,0,0,,
how much to hire a lawyer,/states/wisconsin-lawyer-costs,0,1,0,98,0,0,,0,1,98,-100.0
how much to hire a real estate attorney,/states/kentucky-lawyer-costs,0,1,0,11,0,0,,0,1,11,-100.0
how much to hire lawyer,/pages/how-much-does-a-lawyer-cost,0,1,0,95,0,0,,0,0,,
how much to pay for divorce lawyer,/pages/divorce-lawyer-cost,0,1,0,98,0,0,,0,1,98,-100.0
how much will a divorce lawyer cost,/pages/divorce-lawyer-cost,0,1,0,97,0,0,,0,1,97,-100.0
how much will a lawyer cost,/pages/how-much-does-a-lawyer-cost,0,1,0,55,0,0,,0,1,55,-100.0
how much will a lawyer cost,/states/colorado-lawyer-costs,0,1,0,1,0,1,1,0,0,,
how much will a lawyer cost,/states/hawaii-lawyer-costs,0,1,0,2,0,1,2,0,0,,
how much will a lawyer cost,/states/mississippi-lawyer-costs,0,1,0,5,0,1,5,0,0,,
how much will a lawyer cost,/states/new-jersey-lawyer-costs,0,1,0,13,0,0,,0,0,,
how much will a lawyer cost,/states/new-mexico-lawyer-costs,0,1,0,7,0,1,7,0,0,,
how much will a lawyer cost,/states/rhode-island-lawyer-costs,0,1,0,10,0,1,10,0,0,,
how much will a lawyer cost,/states/south-carolina-lawyer-costs,0,1,0,99,0,0,,0,1,99,-100.0
how much will a lawyer cost for misdemeanor,/states/illinois-lawyer-costs,0,1,0,89,0,1,89,0,0,,
how much will an attorney cost,/states/arkansas-lawyer-costs,0,1,0,2,0,1,2,0,0,,
how much will an attorney cost,/states/louisiana-lawyer-costs,0,1,0,12,0,1,12,0,0,,
how much will an attorney cost,/states/new-mexico-lawyer-costs,0,1,0,11,0,1,11,0,0,,
how much will an attorney cost,/states/north-dakota-lawyer-costs,0,1,0,12,0,0,,0,1,12,-100.0
how much will an attorney cost,/states/tennessee-lawyer-costs,0,1,0,88,0,0,,0,1,88,-100.0
how much will an attorney cost,/states/wisconsin-lawyer-costs,0,1,0,69,0,0,,0,1,69,-100.0
how much will i pay,/states/connecticut-lawyer-costs,0,1,0,4,0,0,,0,1,4,-100.0
how much will that cost?,/states/kentucky-lawyer-costs,0,1,0,4,0,1,4,0,0,,
how much will they charge me,/states/utah-lawyer-costs,0,1,0,1,0,1,1,0,0,,
how much will this cost,/states/tennessee-lawyer-costs,0,1,0,8,0,0,,0,0,,
how much will this cost me,/states/kentucky-lawyer-costs,0,1,0,4,0,1,4,0,0,,
how much will this cost me?,/states/new-jersey-lawyer-costs,0,1,0,1,0,1,1,0,0,,
how much would a lawyer charge for this,/states/arkansas-lawyer-costs,0,1,0,2,0,1,2,0,0,,
how much would a lawyer cost,/states/arizona-lawyer-costs,0,1,0,10,0,1,10,0,0,,
how much would a lawyer cost,/states/california-lawyer-costs,0,1,0,90,0,1,90,0,0,,
how much would a lawyer cost,/states/georgia-lawyer-costs,0,1,0,12,0,1,12,0,0,,
how much would a lawyer cost,/states/maine-lawyer-costs,0,1,0,10,0,1,10,0,0,,
how much would a lawyer cost,/states/missouri-lawyer-costs,0,1,0,12,0,1,12,0,0,,
how much would a lawyer cost,/states/new-mexico-lawyer-costs,0,1,0,11,0,0,,0,1,11,-100.0
how much would a lawyer cost,/states/pennsylvania-lawyer-costs,0,1,0,1,0,1,1,0,0,,
how much would a lawyer cost for this,/states/colorado-lawyer-costs,0,1,0,4,0,1,4,0,0,,
how much would an attorney charge,/states/west-virginia-lawyer-costs,0,1,0,3,0,1,3,0,0,,
how much would an attorney cost,/states/illinois-lawyer-costs,0,1,0,10,0,1,10,0,0,,
how much would an attorney cost,/states/north-dakota-lawyer-costs,0,1,0,10,0,0,,0,1,10,-100.0
how much would an attorney cost,/states/west-virginia-lawyer-costs,0,1,0,8,0,1,8,0,0,,
how much would an attorney cost?,/states/michigan-lawyer-costs,0,1,0,8,0,1,8,0,0,,
how much would it cost,/states/massachusetts-lawyer-costs,0,1,0,11,0,0,,0,1,11,-100.0
how much would it cost,/states/new-jersey-lawyer-costs,0,1,0,3,0,0,,0,1,3,-100.0
how much would it cost,/states/oregon-lawyer-costs,0,1,0,7,0,0,,0,1,7,-100.0
how much would they charge,/states/wyoming-lawyer-costs,0,1,0,2,0,1,2,0,0,,
how much would this cost me,/states/maryland-lawyer-costs,0,1,0,2,0,1,2,0,0,,
how much?,/states/louisiana-lawyer-costs,0,1,0,5,0,1,5,0,0,,
how to calculate a personal injury settlement,/pages/personal-injury-settlement-calculator,0,1,0,91,0,0,,0,1,91,-100.0
how to calculate contingency fee,/pages/contingency-fee-calculator,0,1,0,17,0,1,17,0,0,,
how to calculate demurrage charges,/pages/contingency-fee-calculator,0,1,0,99,0,1,99,0,0,,
how to compare pricing and value when hiring professional estate tax planning and trust administration?,/pages/estate-planning-lawyer-cost,0,1,0,40,0,1,40,0,0,,
how to create a will in wisconsin,/states/wisconsin-lawyer-costs,0,1,0,3,0,1,3,0,0,,
how to file a civil lawsuit in nj,/states/new-jersey-lawyer-costs,0,1,0,2,0,0,,0,1,2,-100.0
how to find an affordable lawyer,/pages/can-i-afford-a-lawyer,0,1,0,79,0,1,79,0,0,,
how to get help paying for a lawyer,/pages/can-i-afford-a-lawyer,0,1,0,92,0,1,92,0,0,,
how to get help paying for a lawyer,/states/new-york-lawyer-costs,0,1,0,94,0,1,94,0,0,,
how to get legal advice for free,/states/michigan-lawyer-costs,0,1,0,3,0,1,3,0,0,,
how to get money for a lawyer,/pages/how-much-does-a-lawyer-cost,0,1,0,94,0,1,94,0,0,,
how to get money for a lawyer,/states/new-york-lawyer-costs,0,1,0,63,0,0,,0,1,63,-100.0
how to get poa in indiana,/states/indiana-lawyer-costs,0,1,0,3,0,1,3,0,0,,
how to get power of attorney in arizona,/states/arizona-lawyer-costs,0,1,0,2,0,1,2,0,0,,
how to get power of attorney in colorado,/states/colorado-lawyer-costs,0,1,0,3,0,1,3,0,0,,
how to get power of attorney in indiana,/states/indiana-lawyer-costs,0,1,0,3,0,1,3,0,0,,
how to get power of attorney in sc,/states/south-carolina-lawyer-costs,0,1,0,2,0,1,2,0,0,,
how to make a will in maryland,/states/maryland-lawyer-costs,0,1,0,3,0,1,3,0,0,,
how to make a will in minnesota,/states/minnesota-lawyer-costs,0,1,0,2,0,1,2,0,0,,
how to negotiate mesothelioma attorney fees,/pages/mesothelioma-lawyer-cost,0,1,0,59,0,1,59,0,0,,
how to pay for lawyer fees,/states/new-york-lawyer-costs,0,1,0,84,0,0,,0,1,84,-100.0
how to pay lawyer fees,/states/new-york-lawyer-costs,0,1,0,70,0,0,,0,0,,
how to retain a lawyer,/states/maryland-lawyer-costs,0,1,0,2,0,1,2,0,0,,
how to set up a trust in arkansas,/states/arkansas-lawyer-costs,0,1,0,2,0,1,2,0,0,,
how to write a will in nebraska,/states/nebraska-lawyer-costs,0,1,0,3,0,1,3,0,0,,
how.much does a lawyer cost,/pages/how-much-does-a-lawyer-cost,0,1,0,93,0,0,,0,0,,
how.much does a lawyer cost,/states/michigan-lawyer-costs,0,1,0,11,0,1,11,0,0,,
how.much does a lawyer cost,/states/new-hampshire-lawyer-costs,0,1,0,12,0,0,,0,0,,
how.much does a lawyer cost,/states/new-york-lawyer-costs,0,1,0,40,0,0,,0,1,40,-100.0
howmuch,/states/arizona-lawyer-costs,0,1,0,5,0,0,,0,1,5,-100.0
hrs 607-14,/states/hawaii-lawyer-costs,0,1,0,38,0,0,,0,0,,
hud schedule of standard attorney fees 2022,/states/new-york-lawyer-costs,0,1,0,43,0,0,,0,1,43,-100.0
hw much are they,/states/tennessee-lawyer-costs,0,1,0,6,0,1,6,0,0,,
"i am a 25-34 or 35-44 year old account executive, accountant, software engineer, product manager, marketing manager, sales manager, data analyst, financial analyst, designer, customer success manager, it manager, hr manager, or founder in the finance, healthcare, media, pharma, professional services, real estate, technology, or telecom industry. my job seniority is at the senior, manager, or director level. i work at a company with 250-1k employees or 1k-10k employees. my main motivations: emerging mass affluent customers seek wealth growth, security, and life goals. they value simple digital tools, transparent pricing, and personalized advice. priorities: saving, investing, and debt control. choices hinge on ease of use, education, and innovative solutions. they want a banking partner that guides them, adapts as needs change, and delivers convenience and clarity throughout their journey. my main pain points: emerging mass affluent people face limited personal advice, complex fees, and competing goals like saving, investing, and paying debt. they struggle to find easy digital banking and lack learning resources. overwhelmed by many investment choices, they want clear guidance to grow assets while managing debt. can you give me an estimate for legal fees associated with business succession planning",/pages/estate-planning-lawyer-cost,0,1,0,8,0,1,8,0,0,,
"i am a 25-34 or 35-44 year old account executive, accountant, software engineer, product manager, marketing manager, sales manager, data analyst, financial analyst, designer, customer success manager, it manager, hr manager, or founder in the finance, healthcare, media, pharma, professional services, real estate, technology, or telecom industry. my job seniority is at the senior, manager, or director level. i work at a company with 250-1k employees or 1k-10k employees. my main motivations: emerging mass affluent customers seek wealth growth, security, and life goals. they value simple digital tools, transparent pricing, and personalized advice. priorities: saving, investing, and debt control. choices hinge on ease of use, education, and innovative solutions. they want a banking partner that guides them, adapts as needs change, and delivers convenience and clarity throughout their journey. my main pain points: emerging mass affluent people face limited personal advice, complex fees, and competing goals like saving, investing, and paying debt. they struggle to find easy digital banking and lack learning resources. overwhelmed by many investment choices, they want clear guidance to grow assets while managing debt. what is the expected cost range for professional estate planning guidance, including drafting wills, powers of attorney, and advanced directives",/pages/estate-planning-lawyer-cost,0,1,0,9,0,1,9,0,0,,
"i am a 35-44, 45-54, or 55-64 year old lender or debt fund manager. my main motivations: wants: efficient capital deployment, strong credit structuring, reliable borrower pipeline, fast/certain execution my main pain points: pain points: thin underwriting data (especially newer sectors like data centers), refinancing wall pressure, hard to find matching sponsors, manual servicing/workout processes how much does real estate litigation support typically cost?",/pages/real-estate-lawyer-cost,0,1,0,7,0,1,7,0,0,,
"i am a financial analyst who covers j&j with a specific focus on quantifying the total financial liability from its global litigation. i search for any information that helps me model the probability and cost of different outcomes—from a global settlement to bankruptcy proceedings—to determine the true risk-adjusted valuation of the company. can you recommend some pharmaceutical companies that have the most positive official statements & public relations? for each brand, give me pros and cons in the context of official statements & public relations.",/pages/personal-injury-settlement-calculator,0,1,0,96,0,1,96,0,0,,
i am a financial analyst who covers j&j with a specific focus on quantifying the total financial liability from its global litigation. i search for any information that helps me model the probability and cost of different outcomes—from a global settlement to bankruptcy proceedings—to determine the true risk-adjusted valuation of the company. what are the most significant court rulings against johnson & johnson regarding their pharmaceutical products?,/pages/personal-injury-settlement-calculator,0,1,0,80,0,1,80,0,0,,
i am a financial analyst who covers j&j with a specific focus on quantifying the total financial liability from its global litigation. i search for any information that helps me model the probability and cost of different outcomes—from a global settlement to bankruptcy proceedings—to determine the true risk-adjusted valuation of the company. what are the most significant court rulings involving johnson & johnson in recent years?,/pages/personal-injury-settlement-calculator,0,1,0,98,0,1,98,0,0,,
i am a financial analyst who covers j&j with a specific focus on quantifying the total financial liability from its global litigation. i search for any information that helps me model the probability and cost of different outcomes—from a global settlement to bankruptcy proceedings—to determine the true risk-adjusted valuation of the company. what impact have johnson & johnson's lawsuit settlements had on their financial performance?,/pages/personal-injury-settlement-calculator,0,1,0,90,0,1,90,0,0,,
i cant afford a lawyer,/states/new-york-lawyer-costs,0,1,0,89,0,1,89,0,0,,
i live in maryland,/states/maryland-lawyer-costs,0,1,0,9,0,0,,0,1,9,-100.0
i live in vermont,/states/vermont-lawyer-costs,0,1,0,3,0,0,,0,1,3,-100.0
i need help paying for a lawyer,/states/new-york-lawyer-costs,0,1,0,84,0,0,,0,1,84,-100.0
i wisconsin,/states/wisconsin-lawyer-costs,0,1,0,4,0,1,4,0,0,,
ibp rate,/states/pennsylvania-lawyer-costs,0,1,0,55,0,0,,0,0,,
idaho code 12 120,/states/idaho-lawyer-costs,0,1,0,26,0,1,26,0,0,,
idaho will forms,/states/idaho-lawyer-costs,0,1,0,3,0,1,3,0,0,,
illinois bar dues,/states/illinois-lawyer-costs,0,1,0,38,0,0,,0,0,,
illinois business attorney hourly rate contract review 2026,/pages/business-lawyer-cost,0,1,0,69,0,1,69,0,0,,
illinois criminal defense attorney hourly rate 2026,/states/illinois-lawyer-costs,0,1,0,6,0,0,,0,0,,
illinois private process server fee range 2026,/states/illinois-lawyer-costs,0,1,0,41,0,0,,0,0,,
illinois real estate lawyer,/states/illinois-lawyer-costs,0,1,0,2,0,1,2,0,0,,
illinois tool works inc. sanctions,/pages/small-claims-filing-fee-calculator,0,1,0,4,0,0,,0,0,,
immigration and family lawyer,/pages/immigration-lawyer-cost,0,1,0,8,0,1,8,0,0,,
immigration attorney cost,/pages/immigration-lawyer-cost,0,1,0,67,0,1,67,0,0,,
immigration attorney dallas texas,/pages/immigration-lawyer-cost,0,1,0,3,0,1,3,0,0,,
immigration lawyer chicago cost,/pages/immigration-lawyer-cost,0,1,0,89,0,0,,0,0,,
immigration lawyer costs,/pages/immigration-lawyer-cost,0,1,0,66,0,1,66,0,0,,
immigration lawyer how much does it cost,/pages/immigration-lawyer-cost,0,1,0,83,0,1,83,0,0,,
immigration lawyer jonesboro ar,/pages/immigration-lawyer-cost,0,1,0,3,0,1,3,0,0,,
immigration lawyer odessa tx,/pages/immigration-lawyer-cost,0,1,0,3,0,1,3,0,0,,
immigration lawyer price,/pages/immigration-lawyer-cost,0,1,0,63,0,1,63,0,0,,
immigration lawyer san antonio tx,/pages/immigration-lawyer-cost,0,1,0,3,0,1,3,0,0,,
immigration lawyer vallejo,/pages/immigration-lawyer-cost,0,1,0,3,0,1,3,0,0,,
immigration lawyers stockton,/pages/immigration-lawyer-cost,0,1,0,2,0,1,2,0,0,,
in baton rouge,/states/louisiana-lawyer-costs,0,1,0,3,0,1,3,0,0,,
in idaho,/states/idaho-lawyer-costs,0,1,0,7,0,1,7,0,0,,
in ky,/states/kentucky-lawyer-costs,0,1,0,2,0,0,,0,1,2,-100.0
in long island,/pages/dui-lawyer-cost,0,1,0,4,0,0,,0,1,4,-100.0
in mass,/states/massachusetts-lawyer-costs,0,1,0,10,0,1,10,0,0,,
in mn,/states/minnesota-lawyer-costs,0,1,0,4,0,0,,0,1,4,-100.0
in new jersey,/states/new-jersey-lawyer-costs,0,1,0,6,0,1,6,0,0,,
in new york??,/states/new-york-lawyer-costs,0,1,0,3,0,1,3,0,0,,
in nh,/states/new-hampshire-lawyer-costs,0,1,0,1,0,1,1,0,0,,
in oregon,/states/oregon-lawyer-costs,0,1,0,9,0,1,9,0,0,,
in ri,/states/rhode-island-lawyer-costs,0,1,0,4,0,1,4,0,0,,
in tacoma,/states/washington-lawyer-costs,0,1,0,2,0,1,2,0,0,,
in washington state,/states/washington-lawyer-costs,0,1,0,4,0,0,,0,1,4,-100.0
in west virginia,/states/west-virginia-lawyer-costs,0,1,0,4,0,1,4,0,0,,
in wisconsin,/states/wisconsin-lawyer-costs,0,1,0,3,0,1,3,0,0,,
independent legal advice cost,/states/california-lawyer-costs,0,1,0,69,0,0,,0,0,,
independent legal advice cost,/states/maryland-lawyer-costs,0,1,0,20,0,1,20,0,0,,
independent legal advice cost,/states/massachusetts-lawyer-costs,0,1,0,55,0,0,,0,1,55,-100.0
independent legal advice cost,/states/new-york-lawyer-costs,0,1,0,14,0,0,,0,1,14,-100.0
indiana business attorney,/pages/business-lawyer-cost,0,1,0,2,0,1,2,0,0,,
indiana real estate attorney,/states/indiana-lawyer-costs,0,1,0,2,0,1,2,0,0,,
injury law,/states/tennessee-lawyer-costs,0,1,0,4,0,0,,0,1,4,-100.0
injury lawyer cost,/states/kentucky-lawyer-costs,0,1,0,65,0,0,,0,1,65,-100.0
interactive legal pricing,/pages/estate-planning-lawyer-cost,0,1,0,45,0,0,,0,1,45,-100.0
iowa attorney,/states/iowa-lawyer-costs,0,1,0,2,0,1,2,0,0,,
iowa lawyers des moines,/states/iowa-lawyer-costs,0,1,0,2,0,0,,0,1,2,-100.0
is 350 an hour expensive for a lawyer,/states/illinois-lawyer-costs,0,1,0,6,0,1,6,0,0,,
is 350 an hour expensive for a lawyer,/states/kentucky-lawyer-costs,0,1,0,7,0,1,7,0,0,,
is 350 an hour expensive for a lawyer,/states/new-hampshire-lawyer-costs,0,1,0,11,0,1,11,0,0,,
is a consultation free,/pages/lawyer-consultation-fee,0,1,0,82,0,0,,0,0,,
is a consultation with a lawyer free,/states/kentucky-lawyer-costs,0,1,0,6,0,1,6,0,0,,
is a handwritten will legal in kentucky,/states/kentucky-lawyer-costs,0,1,0,2,0,1,2,0,0,,
is he expensive,/states/alabama-lawyer-costs,0,1,0,3,0,0,,0,0,,
is he expensive,/states/massachusetts-lawyer-costs,0,1,0,2,0,1,2,0,0,,
is he expensive,/states/nevada-lawyer-costs,0,1,0,1,0,1,1,0,0,,
is one more expensive than the other,/states/new-hampshire-lawyer-costs,0,1,0,3,0,0,,0,1,3,-100.0
j todd mitchell law firm reviews,/states/georgia-lawyer-costs,0,1,0,2,0,1,2,0,0,,
jackson county,/states/oregon-lawyer-costs,0,1,0,3,0,1,3,0,0,,
jackson mississippi attorneys,/states/mississippi-lawyer-costs,0,1,0,9,0,0,,0,0,,
jean law group,/pages/immigration-lawyer-cost,0,1,0,4,0,1,4,0,0,,
jersey city attorneys,/states/new-jersey-lawyer-costs,0,1,0,5,0,0,,0,1,5,-100.0
jill goudeau attorney monroe la,/states/louisiana-lawyer-costs,0,1,0,6,0,1,6,0,0,,
jovel martinez law,/pages/immigration-lawyer-cost,0,1,0,8,0,1,8,0,0,,
just give me a range,/states/new-jersey-lawyer-costs,0,1,0,15,0,1,15,0,0,,
kansas bar dues,/states/kansas-lawyer-costs,0,1,0,16,0,0,,0,1,16,-100.0
kansas city missouri lawyers,/states/missouri-lawyer-costs,0,1,0,2,0,1,2,0,0,,
kaukauna,/states/wisconsin-lawyer-costs,0,1,0,2,0,1,2,0,0,,
keith copeland attorney gadsden al,/states/alabama-lawyer-costs,0,1,0,4,0,1,4,0,0,,
kelley law firm rogers ar,/states/arkansas-lawyer-costs,0,1,0,8,0,1,8,0,0,,
kelly ramsey attorney iowa,/states/iowa-lawyer-costs,0,1,0,9,0,1,9,0,0,,
kenai lawyer,/states/alaska-lawyer-costs,0,1,0,12,0,1,12,0,0,,
kentucky lawyers,/states/kentucky-lawyer-costs,0,1,0,2,0,1,2,0,0,,
kentucky small claims court limit,/states/kentucky-lawyer-costs,0,1,0,3,0,0,,0,1,3,-100.0
kevin reddington fees,/states/massachusetts-lawyer-costs,0,1,0,1,0,1,1,0,0,,
knoxville criminal defense attorneys,/states/tennessee-lawyer-costs,0,1,0,3,0,1,3,0,0,,
kyle moore attorney shreveport,/states/louisiana-lawyer-costs,0,1,0,11,0,1,11,0,0,,
kyllä,/pages/legal-fee-calculator,0,1,0,6,0,0,,0,1,6,-100.0
labor attorney nyc,/pages/employment-lawyer-cost,0,1,0,2,0,1,2,0,0,,
labor lawyer brooklyn,/pages/employment-lawyer-cost,0,1,0,2,0,1,2,0,0,,
labour lawyer cost,/pages/employment-lawyer-cost,0,1,0,72,0,0,,0,0,,
lafayette division,/states/louisiana-lawyer-costs,0,1,0,4,0,1,4,0,0,,
lafayette family law attorneys,/states/louisiana-lawyer-costs,0,1,0,3,0,1,3,0,0,,
laffey matrix california,/states/california-lawyer-costs,0,1,0,45,0,0,,0,0,,
landlord retaliation,/states/iowa-lawyer-costs,0,1,0,5,0,1,5,0,0,,
las vegas dui attorney,/pages/dui-lawyer-cost,0,1,0,3,0,0,,0,1,3,-100.0
law association fees,/states/iowa-lawyer-costs,0,1,0,96,0,1,96,0,0,,
law association fees,/states/massachusetts-lawyer-costs,0,1,0,43,0,1,43,0,0,,
law charges,/states/new-york-lawyer-costs,0,1,0,1,0,1,1,0,0,,
law costs consultants,/contact,0,1,0,83,0,0,,0,0,,
law costs consultants,/how-we-research,0,1,0,74,0,0,,0,1,74,-100.0
law costs consultants,/pages/lawyer-cost-calculator,0,1,0,85,0,0,,0,1,85,-100.0
law costs consultants,/states/new-york-lawyer-costs,0,1,0,28,0,0,,0,1,28,-100.0
law costs consultants,/terms,0,1,0,43,0,0,,0,0,,
law fees,/states/rhode-island-lawyer-costs,0,1,0,11,0,0,,0,1,11,-100.0
law firm,/states/louisiana-lawyer-costs,0,1,0,2,0,1,2,0,0,,
law firm costs,/states/maryland-lawyer-costs,0,1,0,91,0,1,91,0,0,,
law firm costs,/states/massachusetts-lawyer-costs,0,1,0,75,0,1,75,0,0,,
law firm fee setting consultant,/pages/lawyer-consultation-fee,0,1,0,74,0,0,,0,1,74,-100.0
law firm fees,/states/massachusetts-lawyer-costs,0,1,0,88,0,1,88,0,0,,
law firm legal service pricing,/states/maryland-lawyer-costs,0,1,0,47,0,1,47,0,0,,
law firm legal service pricing,/states/massachusetts-lawyer-costs,0,1,0,71,0,0,,0,1,71,-100.0
law firm legal service pricing,/states/south-carolina-lawyer-costs,0,1,0,90,0,0,,0,1,90,-100.0
law firm pricing,/states/california-lawyer-costs,0,1,0,82,0,0,,0,0,,
law ny ithaca,/states/new-york-lawyer-costs,0,1,0,4,0,1,4,0,0,,
law society fees,/states/california-lawyer-costs,0,1,0,73,0,0,,0,1,73,-100.0
law society fees,/states/massachusetts-lawyer-costs,0,1,0,52,0,1,52,0,0,,
lawer cost,/states/connecticut-lawyer-costs,0,1,0,9,0,0,,0,0,,
lawer fee,/states/minnesota-lawyer-costs,0,1,0,10,0,1,10,0,0,,
lawer fees,/states/florida-lawyer-costs,0,1,0,62,0,0,,0,1,62,-100.0
lawer fees,/states/indiana-lawyer-costs,0,1,0,79,0,0,,0,1,79,-100.0
lawer fees,/states/kentucky-lawyer-costs,0,1,0,46,0,0,,0,1,46,-100.0
lawer fees,/states/maryland-lawyer-costs,0,1,0,10,0,1,10,0,0,,
lawer fees,/states/mississippi-lawyer-costs,0,1,0,11,0,1,11,0,0,,
lawer fees,/states/tennessee-lawyer-costs,0,1,0,73,0,0,,0,1,73,-100.0
lawer fees,/states/virginia-lawyer-costs,0,1,0,1,0,1,1,0,0,,
lawer fees,/states/wisconsin-lawyer-costs,0,1,0,76,0,0,,0,1,76,-100.0
lawsuit attorney,/states/maryland-lawyer-costs,0,1,0,2,0,1,2,0,0,,
lawyer,/states/colorado-lawyer-costs,0,1,0,2,0,0,,0,1,2,-100.0
lawyer amount,/states/nevada-lawyer-costs,0,1,0,8,0,0,,0,1,8,-100.0
lawyer average hourly rate,/states/missouri-lawyer-costs,0,1,0,55,0,1,55,0,0,,
lawyer average hourly rate,/states/new-york-lawyer-costs,0,1,0,17,0,1,17,0,0,,
lawyer batesville ms,/states/mississippi-lawyer-costs,0,1,0,3,0,0,,0,0,,
lawyer bill,/states/colorado-lawyer-costs,0,1,0,47,0,0,,0,0,,
lawyer billing rates,/states/arkansas-lawyer-costs,0,1,0,10,0,0,,0,1,10,-100.0
lawyer bronx ny,/states/new-york-lawyer-costs,0,1,0,2,0,1,2,0,0,,
lawyer business law,/pages/business-lawyer-cost,0,1,0,2,0,1,2,0,0,,
lawyer charge per hour,/states/new-york-lawyer-costs,0,1,0,17,0,1,17,0,0,,
lawyer charge per hour,/states/rhode-island-lawyer-costs,0,1,0,11,0,0,,0,1,11,-100.0
lawyer charges,/states/missouri-lawyer-costs,0,1,0,11,0,1,11,0,0,,
lawyer charges,/states/south-carolina-lawyer-costs,0,1,0,12,0,1,12,0,0,,
lawyer charges per hour,/states/new-mexico-lawyer-costs,0,1,0,8,0,1,8,0,0,,
lawyer chicago,/states/illinois-lawyer-costs,0,1,0,2,0,1,2,0,0,,
lawyer clovis nm,/states/new-mexico-lawyer-costs,0,1,0,3,0,1,3,0,0,,
lawyer columbia sc,/states/south-carolina-lawyer-costs,0,1,0,4,0,1,4,0,0,,
lawyer consultant fees,/states/nevada-lawyer-costs,0,1,0,12,0,0,,0,1,12,-100.0
lawyer consultation cost,/states/colorado-lawyer-costs,0,1,0,8,0,1,8,0,0,,
lawyer consultation cost,/states/north-carolina-lawyer-costs,0,1,0,67,0,0,,0,0,,
lawyer consultation cost,/states/wisconsin-lawyer-costs,0,1,0,1,0,1,1,0,0,,
lawyer consultation fee,/states/kansas-lawyer-costs,0,1,0,43,0,0,,0,0,,
lawyer consultation price,/states/indiana-lawyer-costs,0,1,0,8,0,1,8,0,0,,
lawyer consulting fee,/states/california-lawyer-costs,0,1,0,78,0,0,,0,0,,
lawyer cost,/,0,1,0,90,0,0,,0,1,90,-100.0
lawyer cost,/states/alaska-lawyer-costs,0,1,0,7,0,0,,0,1,7,-100.0
lawyer cost,/states/arkansas-lawyer-costs,0,1,0,7,0,0,,0,1,7,-100.0
lawyer cost,/states/hawaii-lawyer-costs,0,1,0,10,0,1,10,0,0,,
lawyer cost,/states/idaho-lawyer-costs,0,1,0,6,0,0,,0,1,6,-100.0
lawyer cost,/states/montana-lawyer-costs,0,1,0,9,0,0,,0,1,9,-100.0
lawyer cost,/states/nebraska-lawyer-costs,0,1,0,7,0,0,,0,1,7,-100.0
lawyer cost,/states/north-dakota-lawyer-costs,0,1,0,9,0,0,,0,0,,
lawyer cost,/states/ohio-lawyer-costs,0,1,0,93,0,1,93,0,0,,
lawyer cost,/states/rhode-island-lawyer-costs,0,1,0,8,0,0,,0,1,8,-100.0
lawyer cost near me,/states/oklahoma-lawyer-costs,0,1,0,93,0,0,,0,1,93,-100.0
lawyer cost per hour,/states/iowa-lawyer-costs,0,1,0,10,0,1,10,0,0,,
lawyer cost per hour,/states/kansas-lawyer-costs,0,1,0,49,0,0,,0,0,,
lawyer cost per hour,/states/minnesota-lawyer-costs,0,1,0,10,0,0,,0,1,10,-100.0
lawyer cost per hour,/states/nevada-lawyer-costs,0,1,0,8,0,0,,0,1,8,-100.0
lawyer cost per hour,/states/new-hampshire-lawyer-costs,0,1,0,9,0,0,,0,1,9,-100.0
lawyer cost per hour,/states/north-dakota-lawyer-costs,0,1,0,7,0,0,,0,1,7,-100.0
lawyer cost per hour,/states/rhode-island-lawyer-costs,0,1,0,8,0,0,,0,1,8,-100.0
lawyer cost per hour,/states/west-virginia-lawyer-costs,0,1,0,9,0,0,,0,1,9,-100.0
lawyer cost to buy a house,/pages/real-estate-lawyer-cost,0,1,0,77,0,0,,0,0,,
lawyer costs,/,0,1,0,19,0,1,19,0,0,,
lawyer costs,/states/illinois-lawyer-costs,0,1,0,35,0,0,,0,1,35,-100.0
lawyer costs,/states/iowa-lawyer-costs,0,1,0,10,0,0,,0,1,10,-100.0
lawyer costs,/states/kansas-lawyer-costs,0,1,0,8,0,1,8,0,0,,
lawyer costs,/states/maryland-lawyer-costs,0,1,0,8,0,1,8,0,0,,
lawyer costs,/states/mississippi-lawyer-costs,0,1,0,4,0,1,4,0,0,,
lawyer costs,/states/nevada-lawyer-costs,0,1,0,77,0,1,77,0,0,,
lawyer costs,/states/new-hampshire-lawyer-costs,0,1,0,5,0,0,,0,1,5,-100.0
lawyer costs,/states/new-jersey-lawyer-costs,0,1,0,12,0,0,,0,1,12,-100.0
lawyer costs,/states/pennsylvania-lawyer-costs,0,1,0,8,0,0,,0,1,8,-100.0
lawyer costs,/states/utah-lawyer-costs,0,1,0,87,0,0,,0,1,87,-100.0
lawyer costs,/states/west-virginia-lawyer-costs,0,1,0,32,0,0,,0,1,32,-100.0
lawyer costs,/states/wyoming-lawyer-costs,0,1,0,12,0,0,,0,0,,
lawyer costs per hour,/pages/how-much-does-a-lawyer-cost,0,1,0,100,0,0,,0,1,100,-100.0
lawyer costs per hour,/states/missouri-lawyer-costs,0,1,0,80,0,0,,0,0,,
lawyer costs per hour,/states/oregon-lawyer-costs,0,1,0,10,0,1,10,0,0,,
lawyer ct,/states/connecticut-lawyer-costs,0,1,0,2,0,1,2,0,0,,
lawyer divorce cost,/states/alaska-lawyer-costs,0,1,0,65,0,0,,0,1,65,-100.0
lawyer employment law,/pages/employment-lawyer-cost,0,1,0,2,0,1,2,0,0,,
lawyer expenses,/states/new-york-lawyer-costs,0,1,0,49,0,0,,0,0,,
lawyer fee,/pages/how-much-does-a-lawyer-cost,0,1,0,88,0,0,,0,1,88,-100.0
lawyer fee,/states/arkansas-lawyer-costs,0,1,0,10,0,1,10,0,0,,
lawyer fee,/states/connecticut-lawyer-costs,0,1,0,11,0,1,11,0,0,,
lawyer fee,/states/delaware-lawyer-costs,0,1,0,11,0,0,,0,1,11,-100.0
lawyer fee,/states/hawaii-lawyer-costs,0,1,0,12,0,1,12,0,0,,
lawyer fee,/states/illinois-lawyer-costs,0,1,0,37,0,0,,0,1,37,-100.0
lawyer fee,/states/maine-lawyer-costs,0,1,0,9,0,1,9,0,0,,
lawyer fee,/states/new-mexico-lawyer-costs,0,1,0,12,0,1,12,0,0,,
lawyer fee,/states/north-dakota-lawyer-costs,0,1,0,7,0,0,,0,1,7,-100.0
lawyer fee,/states/washington-lawyer-costs,0,1,0,74,0,1,74,0,0,,
lawyer fee per hour,/states/alaska-lawyer-costs,0,1,0,9,0,0,,0,1,9,-100.0
lawyer fee per hour,/states/illinois-lawyer-costs,0,1,0,40,0,1,40,0,0,,
lawyer fee per hour,/states/maryland-lawyer-costs,0,1,0,11,0,1,11,0,0,,
lawyer fee per hour,/states/missouri-lawyer-costs,0,1,0,93,0,1,93,0,0,,
lawyer fee per hour,/states/washington-lawyer-costs,0,1,0,7,0,1,7,0,0,,
lawyer fee schedule,/states/mississippi-lawyer-costs,0,1,0,9,0,1,9,0,0,,
lawyer fee structure,/states/mississippi-lawyer-costs,0,1,0,11,0,1,11,0,0,,
lawyer fees,/states/alaska-lawyer-costs,0,1,0,8,0,0,,0,1,8,-100.0
lawyer fees,/states/michigan-lawyer-costs,0,1,0,98,0,0,,0,0,,
lawyer fees,/states/nebraska-lawyer-costs,0,1,0,10,0,1,10,0,0,,
lawyer fees,/states/new-hampshire-lawyer-costs,0,1,0,8,0,0,,0,1,8,-100.0
lawyer fees,/states/new-mexico-lawyer-costs,0,1,0,11,0,1,11,0,0,,
lawyer fees,/states/ohio-lawyer-costs,0,1,0,26,0,0,,0,1,26,-100.0
lawyer fees,/states/pennsylvania-lawyer-costs,0,1,0,12,0,1,12,0,0,,
lawyer fees,/states/utah-lawyer-costs,0,1,0,11,0,1,11,0,0,,
lawyer fees for bail,/states/indiana-lawyer-costs,0,1,0,73,0,0,,0,0,,
lawyer fees for civil case,/states/colorado-lawyer-costs,0,1,0,94,0,1,94,0,0,,
lawyer fees for civil cases,/states/new-york-lawyer-costs,0,1,0,9,0,1,9,0,0,,
lawyer fees for civil cases,/states/tennessee-lawyer-costs,0,1,0,12,0,1,12,0,0,,
lawyer fees for civil cases,/states/west-virginia-lawyer-costs,0,1,0,12,0,1,12,0,0,,
lawyer fees for closing costs,/states/new-york-lawyer-costs,0,1,0,61,0,0,,0,1,61,-100.0
lawyer fees for criminal cases,/states/louisiana-lawyer-costs,0,1,0,13,0,0,,0,1,13,-100.0
lawyer fees for criminal cases,/states/new-york-lawyer-costs,0,1,0,36,0,1,36,0,0,,
lawyer fees for divorce,/states/alaska-lawyer-costs,0,1,0,8,0,0,,0,1,8,-100.0
lawyer fees for property disputes,/states/kansas-lawyer-costs,0,1,0,44,0,0,,0,0,,
lawyer fees for property disputes,/states/kentucky-lawyer-costs,0,1,0,4,0,0,,0,1,4,-100.0
lawyer fees for property disputes,/states/new-york-lawyer-costs,0,1,0,29,0,1,29,0,0,,
lawyer fees for small claims court,/states/massachusetts-lawyer-costs,0,1,0,11,0,1,11,0,0,,
lawyer fees for small claims court,/states/mississippi-lawyer-costs,0,1,0,8,0,0,,0,1,8,-100.0
lawyer fees for small claims court,/states/tennessee-lawyer-costs,0,1,0,10,0,0,,0,1,10,-100.0
lawyer fees for starting a business,/pages/business-lawyer-cost,0,1,0,95,0,0,,0,1,95,-100.0
lawyer fees per hour,/states/delaware-lawyer-costs,0,1,0,9,0,1,9,0,0,,
lawyer fees per hour,/states/idaho-lawyer-costs,0,1,0,8,0,0,,0,1,8,-100.0
lawyer fees per hour,/states/indiana-lawyer-costs,0,1,0,5,0,1,5,0,0,,
lawyer fees per hour,/states/louisiana-lawyer-costs,0,1,0,9,0,0,,0,1,9,-100.0
lawyer fees per hour,/states/montana-lawyer-costs,0,1,0,13,0,0,,0,1,13,-100.0
lawyer fees per hour,/states/oklahoma-lawyer-costs,0,1,0,12,0,0,,0,0,,
lawyer fees per hour,/states/south-dakota-lawyer-costs,0,1,0,7,0,0,,0,1,7,-100.0
lawyer for business sale,/pages/business-lawyer-cost,0,1,0,2,0,1,2,0,0,,
lawyer for closing on house near me,/states/new-jersey-lawyer-costs,0,1,0,2,0,1,2,0,0,,
lawyer for commercial business,/pages/business-lawyer-cost,0,1,0,2,0,1,2,0,0,,
lawyer for dui near me,/pages/dui-lawyer-cost,0,1,0,2,0,1,2,0,0,,
lawyer frederick md,/states/maryland-lawyer-costs,0,1,0,2,0,1,2,0,0,,
lawyer hour rate,/pages/how-much-does-a-lawyer-cost,0,1,0,67,0,0,,0,0,,
lawyer hourly,/states/delaware-lawyer-costs,0,1,0,9,0,1,9,0,0,,
lawyer hourly,/states/new-york-lawyer-costs,0,1,0,63,0,1,63,0,0,,
lawyer hourly fee,/states/maryland-lawyer-costs,0,1,0,76,0,0,,0,0,,
lawyer hourly fee,/states/new-york-lawyer-costs,0,1,0,25,0,1,25,0,0,,
lawyer hourly pay,/states/colorado-lawyer-costs,0,1,0,47,0,0,,0,0,,
lawyer hourly rate,/states/connecticut-lawyer-costs,0,1,0,6,0,1,6,0,0,,
lawyer hourly rate,/states/hawaii-lawyer-costs,0,1,0,11,0,1,11,0,0,,
lawyer hourly rate,/states/idaho-lawyer-costs,0,1,0,8,0,0,,0,1,8,-100.0
lawyer hourly rate,/states/kentucky-lawyer-costs,0,1,0,11,0,0,,0,1,11,-100.0
lawyer hourly rate,/states/minnesota-lawyer-costs,0,1,0,9,0,1,9,0,0,,
lawyer hourly rate,/states/pennsylvania-lawyer-costs,0,1,0,25,0,0,,0,0,,
lawyer hourly rate,/states/wisconsin-lawyer-costs,0,1,0,7,0,1,7,0,0,,
lawyer hourly rates,/states/illinois-lawyer-costs,0,1,0,65,0,1,65,0,0,,
lawyer hourly rates,/states/maryland-lawyer-costs,0,1,0,10,0,1,10,0,0,,
lawyer how much,/states/arkansas-lawyer-costs,0,1,0,12,0,0,,0,1,12,-100.0
lawyer how much,/states/maine-lawyer-costs,0,1,0,10,0,0,,0,1,10,-100.0
lawyer how much,/states/new-york-lawyer-costs,0,1,0,10,0,0,,0,1,10,-100.0
lawyer how much,/states/virginia-lawyer-costs,0,1,0,95,0,0,,0,0,,
lawyer how much,/states/wisconsin-lawyer-costs,0,1,0,56,0,1,56,0,0,,
lawyer in louisiana,/states/louisiana-lawyer-costs,0,1,0,4,0,1,4,0,0,,
lawyer in providence ri,/states/rhode-island-lawyer-costs,0,1,0,4,0,0,,0,1,4,-100.0
lawyer in vicksburg ms,/states/mississippi-lawyer-costs,0,1,0,2,0,0,,0,0,,
lawyer legal fees,/states/colorado-lawyer-costs,0,1,0,22,0,0,,0,0,,
lawyer legal fees,/states/indiana-lawyer-costs,0,1,0,8,0,1,8,0,0,,
lawyer legal fees,/states/kansas-lawyer-costs,0,1,0,12,0,1,12,0,0,,
lawyer legal fees,/states/minnesota-lawyer-costs,0,1,0,8,0,1,8,0,0,,
lawyer legal fees,/states/texas-lawyer-costs,0,1,0,35,0,0,,0,1,35,-100.0
lawyer letter cost,/states/massachusetts-lawyer-costs,0,1,0,46,0,0,,0,1,46,-100.0
lawyer madison wi,/states/wisconsin-lawyer-costs,0,1,0,3,0,1,3,0,0,,
lawyer mccomb ms,/states/mississippi-lawyer-costs,0,1,0,3,0,0,,0,0,,
lawyer minneapolis,/states/minnesota-lawyer-costs,0,1,0,2,0,1,2,0,0,,
lawyer monthly fee,/states/massachusetts-lawyer-costs,0,1,0,71,0,1,71,0,0,,
lawyer monthly fee,/states/new-york-lawyer-costs,0,1,0,41,0,1,41,0,0,,
lawyer monthly fee,/states/south-carolina-lawyer-costs,0,1,0,11,0,1,11,0,0,,
lawyer nj,/states/new-jersey-lawyer-costs,0,1,0,2,0,1,2,0,0,,
lawyer on retainer cost,/states/arizona-lawyer-costs,0,1,0,67,0,0,,0,1,67,-100.0
lawyer payment,/states/colorado-lawyer-costs,0,1,0,36,0,0,,0,0,,
lawyer payment plan,/states/minnesota-lawyer-costs,0,1,0,56,0,0,,0,1,56,-100.0
lawyer per hour rate,/states/arizona-lawyer-costs,0,1,0,10,0,1,10,0,0,,
lawyer per hour rate,/states/montana-lawyer-costs,0,1,0,10,0,1,10,0,0,,
lawyer price,/states/arkansas-lawyer-costs,0,1,0,8,0,0,,0,1,8,-100.0
lawyer price,/states/georgia-lawyer-costs,0,1,0,9,0,1,9,0,0,,
lawyer price,/states/iowa-lawyer-costs,0,1,0,8,0,0,,0,1,8,-100.0
lawyer price,/states/louisiana-lawyer-costs,0,1,0,80,0,0,,0,0,,
lawyer price,/states/maine-lawyer-costs,0,1,0,5,0,1,5,0,0,,
lawyer price,/states/minnesota-lawyer-costs,0,1,0,10,0,1,10,0,0,,
lawyer price,/states/mississippi-lawyer-costs,0,1,0,52,0,0,,0,1,52,-100.0
lawyer price,/states/missouri-lawyer-costs,0,1,0,11,0,0,,0,0,,
lawyer price,/states/new-jersey-lawyer-costs,0,1,0,12,0,0,,0,0,,
lawyer price,/states/ohio-lawyer-costs,0,1,0,84,0,1,84,0,0,,
lawyer price per hour,/states/alabama-lawyer-costs,0,1,0,9,0,0,,0,1,9,-100.0
lawyer price per hour,/states/indiana-lawyer-costs,0,1,0,11,0,0,,0,1,11,-100.0
lawyer price per hour,/states/new-mexico-lawyer-costs,0,1,0,10,0,0,,0,1,10,-100.0
lawyer prices,/states/arkansas-lawyer-costs,0,1,0,10,0,0,,0,0,,
lawyer prices,/states/mississippi-lawyer-costs,0,1,0,36,0,0,,0,0,,
lawyer prices,/states/missouri-lawyer-costs,0,1,0,9,0,0,,0,0,,
lawyer prices,/states/nevada-lawyer-costs,0,1,0,4,0,0,,0,1,4,-100.0
lawyer prices,/states/ohio-lawyer-costs,0,1,0,6,0,1,6,0,0,,
lawyer prices,/states/oregon-lawyer-costs,0,1,0,6,0,0,,0,1,6,-100.0
lawyer prices,/states/texas-lawyer-costs,0,1,0,10,0,1,10,0,0,,
lawyer prices,/states/west-virginia-lawyer-costs,0,1,0,71,0,1,71,0,0,,
lawyer prices near me,/states/ohio-lawyer-costs,0,1,0,5,0,1,5,0,0,,
lawyer prices near me,/states/tennessee-lawyer-costs,0,1,0,9,0,0,,0,1,9,-100.0
lawyer prices per hour,/states/oklahoma-lawyer-costs,0,1,0,7,0,0,,0,1,7,-100.0
lawyer pricing,/states/minnesota-lawyer-costs,0,1,0,8,0,1,8,0,0,,
lawyer pricing,/states/north-carolina-lawyer-costs,0,1,0,76,0,0,,0,1,76,-100.0
lawyer pricing,/states/pennsylvania-lawyer-costs,0,1,0,9,0,1,9,0,0,,
lawyer pricing,/states/virginia-lawyer-costs,0,1,0,86,0,0,,0,0,,
lawyer queens,/states/new-york-lawyer-costs,0,1,0,2,0,1,2,0,0,,
lawyer rate,/states/california-lawyer-costs,0,1,0,37,0,0,,0,0,,
lawyer rate,/states/delaware-lawyer-costs,0,1,0,75,0,0,,0,1,75,-100.0
lawyer rate,/states/florida-lawyer-costs,0,1,0,63,0,0,,0,0,,
lawyer rate,/states/idaho-lawyer-costs,0,1,0,92,0,0,,0,0,,
lawyer rate,/states/louisiana-lawyer-costs,0,1,0,77,0,0,,0,0,,
lawyer rate,/states/maryland-lawyer-costs,0,1,0,11,0,1,11,0,0,,
lawyer rate,/states/mississippi-lawyer-costs,0,1,0,11,0,0,,0,1,11,-100.0
lawyer rate,/states/new-mexico-lawyer-costs,0,1,0,10,0,1,10,0,0,,
lawyer rate,/states/tennessee-lawyer-costs,0,1,0,81,0,0,,0,1,81,-100.0
lawyer rate,/states/west-virginia-lawyer-costs,0,1,0,12,0,0,,0,1,12,-100.0
lawyer rate per hour,/states/maine-lawyer-costs,0,1,0,9,0,0,,0,1,9,-100.0
lawyer rate per hour,/states/washington-lawyer-costs,0,1,0,10,0,1,10,0,0,,
lawyer rates,/states/hawaii-lawyer-costs,0,1,0,10,0,1,10,0,0,,
lawyer rates,/states/illinois-lawyer-costs,0,1,0,36,0,0,,0,1,36,-100.0
lawyer rates,/states/massachusetts-lawyer-costs,0,1,0,10,0,1,10,0,0,,
lawyer rates,/states/michigan-lawyer-costs,0,1,0,12,0,1,12,0,0,,
lawyer rates,/states/minnesota-lawyer-costs,0,1,0,5,0,1,5,0,0,,
lawyer rates,/states/mississippi-lawyer-costs,0,1,0,12,0,0,,0,1,12,-100.0
lawyer rates,/states/north-carolina-lawyer-costs,0,1,0,99,0,0,,0,0,,
lawyer rates,/states/oregon-lawyer-costs,0,1,0,5,0,1,5,0,0,,
lawyer rates,/states/south-carolina-lawyer-costs,0,1,0,88,0,0,,0,0,,
lawyer rates,/states/tennessee-lawyer-costs,0,1,0,85,0,1,85,0,0,,
lawyer rates,/states/utah-lawyer-costs,0,1,0,51,0,1,51,0,0,,
lawyer rates per hour,/states/hawaii-lawyer-costs,0,1,0,48,0,0,,0,0,,
lawyer rates per hour,/states/illinois-lawyer-costs,0,1,0,46,0,0,,0,1,46,-100.0
lawyer rates per hour,/states/kansas-lawyer-costs,0,1,0,13,0,0,,0,0,,
lawyer rates per hour,/states/kentucky-lawyer-costs,0,1,0,9,0,0,,0,1,9,-100.0
lawyer rates per hour,/states/minnesota-lawyer-costs,0,1,0,9,0,1,9,0,0,,
lawyer rates per hour,/states/mississippi-lawyer-costs,0,1,0,8,0,1,8,0,0,,
lawyer rates per hour,/states/tennessee-lawyer-costs,0,1,0,35,0,1,35,0,0,,
lawyer rates per hour,/states/vermont-lawyer-costs,0,1,0,6,0,0,,0,1,6,-100.0
lawyer rates per hour,/states/virginia-lawyer-costs,0,1,0,11,0,0,,0,1,11,-100.0
lawyer rates per hour,/states/wisconsin-lawyer-costs,0,1,0,11,0,0,,0,1,11,-100.0
lawyer retainer fee,/states/kentucky-lawyer-costs,0,1,0,4,0,0,,0,0,,
lawyer salary in colorado,/states/colorado-lawyer-costs,0,1,0,33,0,0,,0,0,,
lawyer salary in south carolina,/states/south-carolina-lawyer-costs,0,1,0,38,0,0,,0,0,,
lawyer salary indiana,/states/indiana-lawyer-costs,0,1,0,30,0,1,30,0,0,,
lawyer scranton pa,/states/pennsylvania-lawyer-costs,0,1,0,5,0,1,5,0,0,,
lawyer springfield ohio,/states/ohio-lawyer-costs,0,1,0,2,0,1,2,0,0,,
lawyer trenton nj,/states/new-jersey-lawyer-costs,0,1,0,3,0,1,3,0,0,,
lawyer tuscaloosa al,/states/alabama-lawyer-costs,0,1,0,3,0,0,,0,0,,
lawyer wilmington de,/states/delaware-lawyer-costs,0,1,0,4,0,1,4,0,0,,
lawyer's fees,/pages/how-much-does-a-lawyer-cost,0,1,0,45,0,0,,0,1,45,-100.0
lawyer's fees,/states/california-lawyer-costs,0,1,0,58,0,0,,0,1,58,-100.0
lawyer's fees,/states/wisconsin-lawyer-costs,0,1,0,73,0,0,,0,1,73,-100.0
lawyer's hourly rate,/states/indiana-lawyer-costs,0,1,0,7,0,1,7,0,0,,
lawyer's hourly rate,/states/new-york-lawyer-costs,0,1,0,74,0,1,74,0,0,,
lawyers alamogordo,/states/new-mexico-lawyer-costs,0,1,0,3,0,0,,0,1,3,-100.0
lawyers alton il,/states/illinois-lawyer-costs,0,1,0,4,0,1,4,0,0,,
lawyers anderson indiana,/states/indiana-lawyer-costs,0,1,0,2,0,1,2,0,0,,
lawyers barbourville ky,/states/kentucky-lawyer-costs,0,1,0,3,0,1,3,0,0,,
lawyers baton rouge,/states/louisiana-lawyer-costs,0,1,0,3,0,0,,0,1,3,-100.0
lawyers boston,/states/massachusetts-lawyer-costs,0,1,0,2,0,0,,0,1,2,-100.0
lawyers brick nj,/states/new-jersey-lawyer-costs,0,1,0,2,0,1,2,0,0,,
lawyers bridgeport ct,/states/connecticut-lawyer-costs,0,1,0,3,0,0,,0,1,3,-100.0
lawyers bronx ny,/states/new-york-lawyer-costs,0,1,0,2,0,1,2,0,0,,
lawyers chandler,/states/arizona-lawyer-costs,0,1,0,2,0,0,,0,1,2,-100.0
lawyers charge,/states/new-york-lawyer-costs,0,1,0,23,0,1,23,0,0,,
lawyers charge,/states/tennessee-lawyer-costs,0,1,0,90,0,1,90,0,0,,
lawyers charge per hour,/states/colorado-lawyer-costs,0,1,0,32,0,0,,0,0,,
lawyers charge per hour,/states/montana-lawyer-costs,0,1,0,10,0,1,10,0,0,,
lawyers charge per hour,/states/new-york-lawyer-costs,0,1,0,31,0,1,31,0,0,,
lawyers charges,/states/south-carolina-lawyer-costs,0,1,0,49,0,1,49,0,0,,
lawyers clovis nm,/states/new-mexico-lawyer-costs,0,1,0,2,0,1,2,0,0,,
lawyers columbus indiana,/states/indiana-lawyer-costs,0,1,0,3,0,1,3,0,0,,
lawyers consultation fee,/states/california-lawyer-costs,0,1,0,70,0,0,,0,1,70,-100.0
lawyers consultation fee,/states/south-carolina-lawyer-costs,0,1,0,79,0,0,,0,1,79,-100.0
lawyers consultation fees,/pages/how-much-does-a-lawyer-cost,0,1,0,44,0,0,,0,0,,
lawyers consultation fees,/states/south-carolina-lawyer-costs,0,1,0,83,0,1,83,0,0,,
lawyers conway sc,/states/south-carolina-lawyer-costs,0,1,0,5,0,1,5,0,0,,
lawyers cost,/states/california-lawyer-costs,0,1,0,64,0,0,,0,0,,
lawyers cost,/states/maine-lawyer-costs,0,1,0,6,0,1,6,0,0,,
lawyers cost,/states/michigan-lawyer-costs,0,1,0,10,0,1,10,0,0,,
lawyers cost,/states/new-jersey-lawyer-costs,0,1,0,12,0,1,12,0,0,,
lawyers cost,/states/pennsylvania-lawyer-costs,0,1,0,26,0,0,,0,0,,
lawyers cost,/states/utah-lawyer-costs,0,1,0,13,0,0,,0,0,,
lawyers cost,/states/virginia-lawyer-costs,0,1,0,85,0,0,,0,0,,
lawyers cost per hour,/states/colorado-lawyer-costs,0,1,0,30,0,0,,0,0,,
lawyers cost per hour,/states/hawaii-lawyer-costs,0,1,0,11,0,1,11,0,0,,
lawyers cost per hour,/states/illinois-lawyer-costs,0,1,0,39,0,0,,0,1,39,-100.0
lawyers cost per hour,/states/wisconsin-lawyer-costs,0,1,0,1,0,0,,0,1,1,-100.0
lawyers costs,/states/idaho-lawyer-costs,0,1,0,10,0,0,,0,1,10,-100.0
lawyers costs,/states/kentucky-lawyer-costs,0,1,0,87,0,0,,0,1,87,-100.0
lawyers costs,/states/massachusetts-lawyer-costs,0,1,0,66,0,1,66,0,0,,
lawyers costs,/states/west-virginia-lawyer-costs,0,1,0,93,0,1,93,0,0,,
lawyers denver,/states/colorado-lawyer-costs,0,1,0,2,0,1,2,0,0,,
lawyers eau claire,/states/wisconsin-lawyer-costs,0,1,0,5,0,1,5,0,0,,
lawyers fee,/states/alabama-lawyer-costs,0,1,0,12,0,1,12,0,0,,
lawyers fee,/states/arkansas-lawyer-costs,0,1,0,13,0,0,,0,0,,
lawyers fee,/states/iowa-lawyer-costs,0,1,0,9,0,1,9,0,0,,
lawyers fee,/states/nevada-lawyer-costs,0,1,0,7,0,1,7,0,0,,
lawyers fee,/states/south-dakota-lawyer-costs,0,1,0,5,0,1,5,0,0,,
lawyers fee,/states/texas-lawyer-costs,0,1,0,1,0,1,1,0,0,,
lawyers fee,/states/utah-lawyer-costs,0,1,0,11,0,1,11,0,0,,
lawyers fee,/states/wisconsin-lawyer-costs,0,1,0,97,0,0,,0,1,97,-100.0
lawyers fees,/,0,1,0,99,0,1,99,0,0,,
lawyers fees,/states/alabama-lawyer-costs,0,1,0,12,0,1,12,0,0,,
lawyers fees,/states/colorado-lawyer-costs,0,1,0,50,0,0,,0,0,,
lawyers fees,/states/illinois-lawyer-costs,0,1,0,43,0,0,,0,1,43,-100.0
lawyers fees,/states/kansas-lawyer-costs,0,1,0,11,0,1,11,0,0,,
lawyers fees,/states/massachusetts-lawyer-costs,0,1,0,10,0,1,10,0,0,,
lawyers fees,/states/montana-lawyer-costs,0,1,0,1,0,1,1,0,0,,
lawyers fees,/states/nevada-lawyer-costs,0,1,0,10,0,1,10,0,0,,
lawyers fees,/states/oklahoma-lawyer-costs,0,1,0,37,0,0,,0,1,37,-100.0
lawyers fees,/states/pennsylvania-lawyer-costs,0,1,0,12,0,1,12,0,0,,
lawyers fees,/states/utah-lawyer-costs,0,1,0,11,0,0,,0,1,11,-100.0
lawyers fees,/states/west-virginia-lawyer-costs,0,1,0,10,0,1,10,0,0,,
lawyers fees per hour,/states/new-york-lawyer-costs,0,1,0,37,0,0,,0,1,37,-100.0
lawyers florence ky,/states/kentucky-lawyer-costs,0,1,0,5,0,1,5,0,0,,
lawyers for inmates in ny,/states/new-york-lawyer-costs,0,1,0,7,0,1,7,0,0,,
lawyers for selling a business,/pages/business-lawyer-cost,0,1,0,2,0,1,2,0,0,,
lawyers fremont nebraska,/states/nebraska-lawyer-costs,0,1,0,4,0,1,4,0,0,,
lawyers hammond indiana,/states/indiana-lawyer-costs,0,1,0,2,0,1,2,0,0,,
lawyers hampton va,/states/virginia-lawyer-costs,0,1,0,5,0,0,,0,1,5,-100.0
lawyers hattiesburg ms,/states/mississippi-lawyer-costs,0,1,0,2,0,0,,0,1,2,-100.0
lawyers honesdale pa,/states/pennsylvania-lawyer-costs,0,1,0,4,0,1,4,0,0,,
lawyers honolulu,/states/hawaii-lawyer-costs,0,1,0,3,0,0,,0,1,3,-100.0
lawyers hourly rate,/states/hawaii-lawyer-costs,0,1,0,10,0,1,10,0,0,,
lawyers hourly rate,/states/idaho-lawyer-costs,0,1,0,10,0,1,10,0,0,,
lawyers hourly rate,/states/kentucky-lawyer-costs,0,1,0,43,0,0,,0,1,43,-100.0
lawyers hourly rate,/states/missouri-lawyer-costs,0,1,0,9,0,1,9,0,0,,
lawyers hourly rate,/states/washington-lawyer-costs,0,1,0,8,0,1,8,0,0,,
lawyers hourly rate,/states/wisconsin-lawyer-costs,0,1,0,11,0,1,11,0,0,,
lawyers hourly rates,/states/california-lawyer-costs,0,1,0,59,0,0,,0,1,59,-100.0
lawyers hourly rates,/states/colorado-lawyer-costs,0,1,0,46,0,0,,0,1,46,-100.0
lawyers hourly rates,/states/illinois-lawyer-costs,0,1,0,74,0,1,74,0,0,,
lawyers hourly rates,/states/massachusetts-lawyer-costs,0,1,0,98,0,0,,0,1,98,-100.0
lawyers hourly rates,/states/new-york-lawyer-costs,0,1,0,43,0,0,,0,1,43,-100.0
lawyers hourly rates,/states/virginia-lawyer-costs,0,1,0,87,0,0,,0,1,87,-100.0
lawyers hourly rates,/states/wisconsin-lawyer-costs,0,1,0,41,0,0,,0,0,,
lawyers in alaska,/states/alaska-lawyer-costs,0,1,0,3,0,1,3,0,0,,
lawyers in albuquerque,/states/new-mexico-lawyer-costs,0,1,0,4,0,1,4,0,0,,
lawyers in alexandria va,/states/virginia-lawyer-costs,0,1,0,3,0,0,,0,1,3,-100.0
lawyers in arizona,/states/arizona-lawyer-costs,0,1,0,2,0,1,2,0,0,,
lawyers in auburn alabama,/states/alabama-lawyer-costs,0,1,0,6,0,1,6,0,0,,
lawyers in beaumont tx,/states/texas-lawyer-costs,0,1,0,4,0,1,4,0,0,,
lawyers in biloxi mississippi,/states/mississippi-lawyer-costs,0,1,0,3,0,1,3,0,0,,
lawyers in botetourt county va,/states/virginia-lawyer-costs,0,1,0,5,0,1,5,0,0,,
lawyers in bridgeport wv,/states/west-virginia-lawyer-costs,0,1,0,7,0,1,7,0,0,,
lawyers in bristol ct,/states/connecticut-lawyer-costs,0,1,0,5,0,0,,0,1,5,-100.0
lawyers in brownsville texas,/states/texas-lawyer-costs,0,1,0,2,0,1,2,0,0,,
lawyers in carbondale il,/states/illinois-lawyer-costs,0,1,0,5,0,1,5,0,0,,
lawyers in charles city iowa,/states/iowa-lawyer-costs,0,1,0,2,0,1,2,0,0,,
lawyers in charles county md,/states/maryland-lawyer-costs,0,1,0,5,0,1,5,0,0,,
lawyers in chesterfield va,/states/virginia-lawyer-costs,0,1,0,4,0,1,4,0,0,,
lawyers in clinton nj,/states/new-jersey-lawyer-costs,0,1,0,5,0,1,5,0,0,,
lawyers in davenport iowa,/states/iowa-lawyer-costs,0,1,0,4,0,1,4,0,0,,
lawyers in dover delaware,/states/delaware-lawyer-costs,0,1,0,4,0,0,,0,1,4,-100.0
lawyers in eugene oregon,/states/oregon-lawyer-costs,0,1,0,3,0,0,,0,1,3,-100.0
lawyers in fairfield iowa,/states/iowa-lawyer-costs,0,1,0,4,0,1,4,0,0,,
lawyers in fairhope alabama,/states/alabama-lawyer-costs,0,1,0,6,0,0,,0,0,,
lawyers in forrest city arkansas,/states/arkansas-lawyer-costs,0,1,0,3,0,1,3,0,0,,
lawyers in hermiston oregon,/states/oregon-lawyer-costs,0,1,0,4,0,0,,0,1,4,-100.0
lawyers in indiana,/states/indiana-lawyer-costs,0,1,0,2,0,1,2,0,0,,
lawyers in jersey city,/states/new-jersey-lawyer-costs,0,1,0,2,0,0,,0,1,2,-100.0
lawyers in kansas,/states/kansas-lawyer-costs,0,1,0,4,0,1,4,0,0,,
lawyers in keene nh,/states/new-hampshire-lawyer-costs,0,1,0,5,0,1,5,0,0,,
lawyers in lexington,/states/kentucky-lawyer-costs,0,1,0,3,0,1,3,0,0,,
lawyers in madison wisconsin,/states/wisconsin-lawyer-costs,0,1,0,3,0,0,,0,0,,
lawyers in maine,/states/maine-lawyer-costs,0,1,0,2,0,1,2,0,0,,
lawyers in marion va,/states/virginia-lawyer-costs,0,1,0,4,0,1,4,0,0,,
lawyers in marshall county alabama,/states/alabama-lawyer-costs,0,1,0,10,0,0,,0,0,,
lawyers in maryland,/states/maryland-lawyer-costs,0,1,0,2,0,0,,0,1,2,-100.0
lawyers in massachusetts,/states/massachusetts-lawyer-costs,0,1,0,3,0,0,,0,1,3,-100.0
lawyers in mcminnville tennessee,/states/tennessee-lawyer-costs,0,1,0,3,0,0,,0,1,3,-100.0
lawyers in mobile alabama,/states/alabama-lawyer-costs,0,1,0,3,0,0,,0,0,,
lawyers in new mexico,/states/new-mexico-lawyer-costs,0,1,0,2,0,1,2,0,0,,
lawyers in omaha nebraska,/states/nebraska-lawyer-costs,0,1,0,4,0,1,4,0,0,,
lawyers in oneonta ny,/states/new-york-lawyer-costs,0,1,0,5,0,1,5,0,0,,
lawyers in pendleton oregon,/states/oregon-lawyer-costs,0,1,0,4,0,0,,0,1,4,-100.0
lawyers in pennsylvania,/states/pennsylvania-lawyer-costs,0,1,0,2,0,1,2,0,0,,
lawyers in point pleasant wv,/states/west-virginia-lawyer-costs,0,1,0,3,0,1,3,0,0,,
lawyers in rapid city sd,/states/south-dakota-lawyer-costs,0,1,0,4,0,1,4,0,0,,
lawyers in scottsboro al,/states/alabama-lawyer-costs,0,1,0,8,0,1,8,0,0,,
lawyers in somerset ky,/states/kentucky-lawyer-costs,0,1,0,4,0,1,4,0,0,,
lawyers in southington ct,/states/connecticut-lawyer-costs,0,1,0,4,0,0,,0,1,4,-100.0
lawyers in spring tx,/states/texas-lawyer-costs,0,1,0,4,0,1,4,0,0,,
lawyers in tennessee,/states/tennessee-lawyer-costs,0,1,0,2,0,1,2,0,0,,
lawyers in utah,/states/utah-lawyer-costs,0,1,0,2,0,1,2,0,0,,
lawyers in vicksburg ms,/states/mississippi-lawyer-costs,0,1,0,4,0,1,4,0,0,,
lawyers in wellsboro pa,/states/pennsylvania-lawyer-costs,0,1,0,4,0,1,4,0,0,,
lawyers in west virginia,/states/west-virginia-lawyer-costs,0,1,0,2,0,1,2,0,0,,
lawyers in wilmington delaware,/states/delaware-lawyer-costs,0,1,0,4,0,1,4,0,0,,
lawyers in winchester virginia,/states/virginia-lawyer-costs,0,1,0,4,0,1,4,0,0,,
lawyers independence mo,/states/missouri-lawyer-costs,0,1,0,2,0,1,2,0,0,,
lawyers joliet illinois,/states/illinois-lawyer-costs,0,1,0,2,0,1,2,0,0,,
lawyers kansas city,/states/kansas-lawyer-costs,0,1,0,2,0,1,2,0,0,,
lawyers kansas city,/states/missouri-lawyer-costs,0,1,0,2,0,1,2,0,0,,
lawyers kenton ohio,/states/ohio-lawyer-costs,0,1,0,5,0,1,5,0,0,,
lawyers lafayette la,/states/louisiana-lawyer-costs,0,1,0,3,0,0,,0,1,3,-100.0
lawyers lawrenceburg ky,/states/kentucky-lawyer-costs,0,1,0,5,0,0,,0,1,5,-100.0
lawyers lawrenceburg tn,/states/tennessee-lawyer-costs,0,1,0,7,0,0,,0,1,7,-100.0
lawyers leavenworth ks,/states/kansas-lawyer-costs,0,1,0,5,0,1,5,0,0,,
lawyers lowell ma,/states/massachusetts-lawyer-costs,0,1,0,2,0,1,2,0,0,,
lawyers manchester nh,/states/new-hampshire-lawyer-costs,0,1,0,4,0,0,,0,1,4,-100.0
lawyers memphis,/states/tennessee-lawyer-costs,0,1,0,3,0,1,3,0,0,,
lawyers minnesota,/states/minnesota-lawyer-costs,0,1,0,2,0,1,2,0,0,,
lawyers muscle shoals al,/states/alabama-lawyer-costs,0,1,0,4,0,0,,0,0,,
lawyers near me.,/pages/hourly-vs-flat-fee-lawyer,0,1,0,3,0,1,3,0,0,,
lawyers new mexico,/states/new-mexico-lawyer-costs,0,1,0,3,0,1,3,0,0,,
lawyers norfolk va,/states/virginia-lawyer-costs,0,1,0,3,0,1,3,0,0,,
lawyers nyc,/states/new-york-lawyer-costs,0,1,0,2,0,1,2,0,0,,
lawyers okc,/states/oklahoma-lawyer-costs,0,1,0,3,0,1,3,0,0,,
lawyers oklahoma,/states/oklahoma-lawyer-costs,0,1,0,3,0,1,3,0,0,,
lawyers omaha,/states/nebraska-lawyer-costs,0,1,0,2,0,1,2,0,0,,
lawyers portsmouth nh,/states/new-hampshire-lawyer-costs,0,1,0,4,0,1,4,0,0,,
lawyers price,/states/california-lawyer-costs,0,1,0,69,0,0,,0,0,,
lawyers price,/states/south-carolina-lawyer-costs,0,1,0,44,0,0,,0,0,,
lawyers price,/states/texas-lawyer-costs,0,1,0,85,0,0,,0,0,,
lawyers price,/states/west-virginia-lawyer-costs,0,1,0,96,0,1,96,0,0,,
lawyers prices,/states/alabama-lawyer-costs,0,1,0,59,0,0,,0,0,,
lawyers prices,/states/california-lawyer-costs,0,1,0,94,0,0,,0,1,94,-100.0
lawyers prices,/states/colorado-lawyer-costs,0,1,0,6,0,1,6,0,0,,
lawyers prices,/states/indiana-lawyer-costs,0,1,0,86,0,0,,0,1,86,-100.0
lawyers prices,/states/kentucky-lawyer-costs,0,1,0,72,0,0,,0,1,72,-100.0
lawyers prices,/states/oklahoma-lawyer-costs,0,1,0,83,0,0,,0,1,83,-100.0
lawyers prices,/states/tennessee-lawyer-costs,0,1,0,90,0,0,,0,1,90,-100.0
lawyers prices,/states/west-virginia-lawyer-costs,0,1,0,93,0,1,93,0,0,,
lawyers rate,/states/california-lawyer-costs,0,1,0,68,0,0,,0,0,,
lawyers rate,/states/idaho-lawyer-costs,0,1,0,85,0,0,,0,0,,
lawyers rate,/states/louisiana-lawyer-costs,0,1,0,78,0,0,,0,0,,
lawyers rate,/states/oklahoma-lawyer-costs,0,1,0,92,0,0,,0,0,,
lawyers rate,/states/south-carolina-lawyer-costs,0,1,0,89,0,0,,0,0,,
lawyers rate calculator,/,0,1,0,78,0,1,78,0,0,,
lawyers rate calculator,/pages/lawyer-cost-calculator,0,1,0,63,0,1,63,0,0,,
lawyers rate calculator,/pages/legal-fee-calculator,0,1,0,73,0,1,73,0,0,,
lawyers rate per hour,/states/maryland-lawyer-costs,0,1,0,84,0,0,,0,0,,
lawyers rates,/states/indiana-lawyer-costs,0,1,0,7,0,1,7,0,0,,
lawyers rates,/states/pennsylvania-lawyer-costs,0,1,0,73,0,1,73,0,0,,
lawyers rates per hour,/states/maryland-lawyer-costs,0,1,0,8,0,1,8,0,0,,
lawyers rates per hour,/states/new-york-lawyer-costs,0,1,0,14,0,1,14,0,0,,
lawyers rhode island,/states/rhode-island-lawyer-costs,0,1,0,2,0,1,2,0,0,,
lawyers richmond ky,/states/kentucky-lawyer-costs,0,1,0,3,0,1,3,0,0,,
lawyers rio rancho,/states/new-mexico-lawyer-costs,0,1,0,3,0,1,3,0,0,,
lawyers rock hill sc,/states/south-carolina-lawyer-costs,0,1,0,8,0,1,8,0,0,,
lawyers rutland vt,/states/vermont-lawyer-costs,0,1,0,5,0,1,5,0,0,,
lawyers scale of fees,/states/massachusetts-lawyer-costs,0,1,0,83,0,0,,0,1,83,-100.0
lawyers scale of fees,/states/new-york-lawyer-costs,0,1,0,39,0,0,,0,1,39,-100.0
lawyers scottsbluff ne,/states/nebraska-lawyer-costs,0,1,0,5,0,1,5,0,0,,
lawyers spirit lake iowa,/states/iowa-lawyer-costs,0,1,0,4,0,1,4,0,0,,
lawyers st cloud mn,/states/minnesota-lawyer-costs,0,1,0,3,0,1,3,0,0,,
lawyers stroudsburg pa,/states/pennsylvania-lawyer-costs,0,1,0,6,0,1,6,0,0,,
lawyers title calculator,/pages/lawyer-cost-calculator,0,1,0,43,0,1,43,0,0,,
lawyers title fee calculator,/pages/lawyer-cost-calculator,0,1,0,32,0,0,,0,0,,
lawyers title fee calculator,/pages/legal-fee-calculator,0,1,0,72,0,0,,0,0,,
lawyers title rate calculator,/pages/lawyer-cost-calculator,0,1,0,35,0,0,,0,0,,
lawyers tucson,/states/arizona-lawyer-costs,0,1,0,3,0,1,3,0,0,,
lawyers tulsa,/states/oklahoma-lawyer-costs,0,1,0,3,0,1,3,0,0,,
lawyers union city tn,/states/tennessee-lawyer-costs,0,1,0,3,0,1,3,0,0,,
lawyers vancouver wa,/states/washington-lawyer-costs,0,1,0,2,0,1,2,0,0,,
lawyers wisconsin,/states/wisconsin-lawyer-costs,0,1,0,2,0,1,2,0,0,,
lawyers with low retainer fees,/states/north-dakota-lawyer-costs,0,1,0,12,0,1,12,0,0,,
lawyers wytheville va,/states/virginia-lawyer-costs,0,1,0,6,0,1,6,0,0,,
layer fees,/states/west-virginia-lawyer-costs,0,1,0,10,0,1,10,0,0,,
laywer fees,/states/minnesota-lawyer-costs,0,1,0,12,0,0,,0,1,12,-100.0
laywer fees,/states/pennsylvania-lawyer-costs,0,1,0,38,0,1,38,0,0,,
laywer fees,/states/south-carolina-lawyer-costs,0,1,0,10,0,0,,0,1,10,-100.0
legal advice cost,/,0,1,0,98,0,0,,0,1,98,-100.0
legal advice cost,/states/louisiana-lawyer-costs,0,1,0,76,0,1,76,0,0,,
legal advice cost,/states/mississippi-lawyer-costs,0,1,0,83,0,1,83,0,0,,
legal advice cost,/states/ohio-lawyer-costs,0,1,0,95,0,1,95,0,0,,
legal advice cost,/states/texas-lawyer-costs,0,1,0,88,0,0,,0,1,88,-100.0
legal advice fees,/states/maryland-lawyer-costs,0,1,0,66,0,1,66,0,0,,
legal advice fees,/states/new-york-lawyer-costs,0,1,0,16,0,1,16,0,0,,
legal advice fees,/states/pennsylvania-lawyer-costs,0,1,0,87,0,1,87,0,0,,
legal advice free,/pages/hourly-vs-flat-fee-lawyer,0,1,0,3,0,1,3,0,0,,
legal advisor fees,/states/connecticut-lawyer-costs,0,1,0,95,0,1,95,0,0,,
legal aid barrister fees,/states/connecticut-lawyer-costs,0,1,0,70,0,0,,0,0,,
legal aid barrister fees,/states/indiana-lawyer-costs,0,1,0,84,0,1,84,0,0,,
legal aid barrister fees,/states/iowa-lawyer-costs,0,1,0,63,0,1,63,0,0,,
legal aid cost,/states/arizona-lawyer-costs,0,1,0,11,0,1,11,0,0,,
legal aid cost,/states/oregon-lawyer-costs,0,1,0,7,0,1,7,0,0,,
legal aid costs,/pages/legal-aid-guide,0,1,0,70,0,0,,0,0,,
legal aid costs,/states/new-york-lawyer-costs,0,1,0,11,0,1,11,0,0,,
legal aid costs,/states/oklahoma-lawyer-costs,0,1,0,10,0,1,10,0,0,,
legal aid counsel fees,/states/maryland-lawyer-costs,0,1,0,75,0,1,75,0,0,,
legal aid counsel fees,/states/new-york-lawyer-costs,0,1,0,19,0,1,19,0,0,,
legal aid counsel rates,/states/iowa-lawyer-costs,0,1,0,49,0,0,,0,0,,
legal aid criminal solicitors near me,/pages/criminal-defense-lawyer-cost,0,1,0,3,0,1,3,0,0,,
legal aid fees,/states/arkansas-lawyer-costs,0,1,0,26,0,1,26,0,0,,
legal aid fees,/states/new-york-lawyer-costs,0,1,0,21,0,0,,0,1,21,-100.0
legal aid fees,/states/ohio-lawyer-costs,0,1,0,36,0,1,36,0,0,,
legal aid hourly rate,/states/washington-lawyer-costs,0,1,0,9,0,1,9,0,0,,
legal aid hourly rates,/pages/legal-aid-guide,0,1,0,37,0,1,37,0,0,,
legal aid hourly rates,/states/kentucky-lawyer-costs,0,1,0,63,0,0,,0,1,63,-100.0
legal aid pay rates,/states/tennessee-lawyer-costs,0,1,0,33,0,1,33,0,0,,
legal aid remuneration rates,/pages/legal-aid-guide,0,1,0,32,0,1,32,0,0,,
legal attorney fees,/states/south-carolina-lawyer-costs,0,1,0,88,0,0,,0,1,88,-100.0
legal billing pricing,/pages/legal-fee-calculator,0,1,0,80,0,0,,0,1,80,-100.0
legal consultant fees,/pages/lawyer-consultation-fee,0,1,0,92,0,1,92,0,0,,
legal consultation cost,/states/delaware-lawyer-costs,0,1,0,11,0,1,11,0,0,,
legal consultation cost,/states/massachusetts-lawyer-costs,0,1,0,10,0,0,,0,1,10,-100.0
legal consultation fees,/states/illinois-lawyer-costs,0,1,0,34,0,0,,0,1,34,-100.0
legal consultation fees,/states/new-york-lawyer-costs,0,1,0,65,0,0,,0,0,,
legal consultation fees,/states/south-carolina-lawyer-costs,0,1,0,49,0,0,,0,0,,
legal consultation hourly rate,/pages/hourly-vs-flat-fee-lawyer,0,1,0,10,0,1,10,0,0,,
legal consulting fees,/pages/how-much-does-a-lawyer-cost,0,1,0,77,0,0,,0,1,77,-100.0
legal consulting fees,/states/south-carolina-lawyer-costs,0,1,0,99,0,1,99,0,0,,
legal content cost,/privacy-policy,0,1,0,72,0,1,72,0,0,,
legal cost,/states/indiana-lawyer-costs,0,1,0,72,0,0,,0,0,,
legal cost,/states/oklahoma-lawyer-costs,0,1,0,55,0,0,,0,1,55,-100.0
legal cost,/states/texas-lawyer-costs,0,1,0,85,0,0,,0,0,,
legal cost calculator,/pages/legal-fee-calculator,0,1,0,47,0,1,47,0,0,,
legal cost consultant,/contact,0,1,0,91,0,0,,0,1,91,-100.0
legal cost consulting,/pages/lawyer-consultation-fee,0,1,0,87,0,0,,0,1,87,-100.0
legal costs assessment,/pages/legal-fee-calculator,0,1,0,77,0,0,,0,0,,
legal costs consultants,/contact,0,1,0,68,0,1,68,0,0,,
legal costs consultants,/pages/lawyer-cost-calculator,0,1,0,99,0,0,,0,1,99,-100.0
legal costs consultants,/states/new-york-lawyer-costs,0,1,0,53,0,0,,0,1,53,-100.0
legal counsel cost,/states/mississippi-lawyer-costs,0,1,0,9,0,0,,0,0,,
legal counsel fees,/states/maryland-lawyer-costs,0,1,0,83,0,0,,0,0,,
legal counsel near me,/pages/how-much-does-a-lawyer-cost,0,1,0,2,0,1,2,0,0,,
legal fee,/states/nevada-lawyer-costs,0,1,0,10,0,1,10,0,0,,
legal fee benchmarking,/pages/legal-fee-calculator,0,1,0,34,0,0,,0,0,,
legal fee calculation,/pages/lawyer-cost-calculator,0,1,0,73,0,0,,0,0,,
legal fee estimate,/pages/how-much-does-a-lawyer-cost,0,1,0,81,0,0,,0,1,81,-100.0
legal fee estimate,/states/maryland-lawyer-costs,0,1,0,98,0,1,98,0,0,,
legal fee estimate,/states/north-carolina-lawyer-costs,0,1,0,83,0,0,,0,0,,
legal fee estimate,/states/pennsylvania-lawyer-costs,0,1,0,94,0,1,94,0,0,,
legal fee schedule,/states/alabama-lawyer-costs,0,1,0,12,0,0,,0,0,,
legal fee schedule,/states/california-lawyer-costs,0,1,0,89,0,0,,0,0,,
legal fee schedule,/states/massachusetts-lawyer-costs,0,1,0,85,0,1,85,0,0,,
legal fee schedule,/states/south-carolina-lawyer-costs,0,1,0,64,0,0,,0,0,,
legal fee schedule,/states/virginia-lawyer-costs,0,1,0,11,0,1,11,0,0,,
legal fees,/states/maryland-lawyer-costs,0,1,0,10,0,1,10,0,0,,
legal fees,/states/texas-lawyer-costs,0,1,0,42,0,0,,0,1,42,-100.0
legal fees calculator,/pages/lawyer-cost-calculator,0,1,0,52,0,1,52,0,0,,
legal fees california,/states/california-lawyer-costs,0,1,0,53,0,0,,0,1,53,-100.0
legal fees cost,/states/kentucky-lawyer-costs,0,1,0,7,0,0,,0,1,7,-100.0
legal fees per hour,/states/colorado-lawyer-costs,0,1,0,48,0,0,,0,0,,
legal fees per hour,/states/new-york-lawyer-costs,0,1,0,38,0,0,,0,1,38,-100.0
legal insurance cost,/states/texas-lawyer-costs,0,1,0,75,0,0,,0,0,,
legal opinion letter cost,/states/california-lawyer-costs,0,1,0,79,0,0,,0,1,79,-100.0
legal opinion letter cost,/states/new-york-lawyer-costs,0,1,0,29,0,0,,0,1,29,-100.0
legal price,/pages/legal-fee-calculator,0,1,0,85,0,0,,0,0,,
legal price,/states/kentucky-lawyer-costs,0,1,0,56,0,1,56,0,0,,
legal price,/states/texas-lawyer-costs,0,1,0,67,0,0,,0,0,,
legal professional fees,/states/new-york-lawyer-costs,0,1,0,43,0,0,,0,1,43,-100.0
legal rates,/states/washington-lawyer-costs,0,1,0,12,0,1,12,0,0,,
legal retainer meaning,/states/utah-lawyer-costs,0,1,0,3,0,1,3,0,0,,
legal service fee,/states/rhode-island-lawyer-costs,0,1,0,10,0,1,10,0,0,,
legal.advice,/states/michigan-lawyer-costs,0,1,0,6,0,1,6,0,0,,
legaloffice la pricing,/states/kentucky-lawyer-costs,0,1,0,55,0,1,55,0,0,,
less than $200,/states/colorado-lawyer-costs,0,1,0,8,0,1,8,0,0,,
lexington,/states/kentucky-lawyer-costs,0,1,0,10,0,1,10,0,0,,
limited scope representation cost,/states/delaware-lawyer-costs,0,1,0,7,0,1,7,0,0,,
limited scope representation cost,/states/idaho-lawyer-costs,0,1,0,6,0,1,6,0,0,,
limited scope representation cost,/states/kentucky-lawyer-costs,0,1,0,10,0,1,10,0,0,,
limited scope representation cost,/states/maryland-lawyer-costs,0,1,0,11,0,0,,0,1,11,-100.0
limited scope representation cost,/states/minnesota-lawyer-costs,0,1,0,7,0,1,7,0,0,,
limited scope representation cost,/states/new-york-lawyer-costs,0,1,0,16,0,0,,0,0,,
limited scope representation cost,/states/ohio-lawyer-costs,0,1,0,9,0,1,9,0,0,,
limited scope representation family law,/states/arizona-lawyer-costs,0,1,0,9,0,1,9,0,0,,
list of allowances virginia,/states/virginia-lawyer-costs,0,1,0,25,0,0,,0,0,,
literary attorney near me,/pages/hourly-vs-flat-fee-lawyer,0,1,0,3,0,1,3,0,0,,
litigation,/states/massachusetts-lawyer-costs,0,1,0,7,0,0,,0,1,7,-100.0
litigation attorney cost,/states/south-carolina-lawyer-costs,0,1,0,8,0,1,8,0,0,,
litigation cost calculator 2026,/pages/contingency-fee-calculator,0,1,0,68,0,0,,0,0,,
litigation cost calculator 2026,/pages/lawyer-cost-calculator,0,1,0,57,0,0,,0,0,,
litigation cost calculator 2026,/pages/small-claims-filing-fee-calculator,0,1,0,78,0,0,,0,0,,
litigation cost calculator 2026,/states/california-lawyer-costs,0,1,0,80,0,0,,0,0,,
litigation lawyer cost,/states/florida-lawyer-costs,0,1,0,58,0,0,,0,0,,
litigation lawyer fees,/states/south-carolina-lawyer-costs,0,1,0,91,0,0,,0,1,91,-100.0
litigator fee calculator,/pages/lawyer-cost-calculator,0,1,0,73,0,0,,0,1,73,-100.0
litigator fee calculator,/pages/legal-fee-calculator,0,1,0,59,0,0,,0,1,59,-100.0
litigator fee calculator,/pages/small-claims-filing-fee-calculator,0,1,0,77,0,0,,0,1,77,-100.0
living will maryland,/states/maryland-lawyer-costs,0,1,0,4,0,1,4,0,0,,
living will mississippi,/states/mississippi-lawyer-costs,0,1,0,3,0,1,3,0,0,,
llc attorney cost,/states/massachusetts-lawyer-costs,0,1,0,94,0,0,,0,1,94,-100.0
llc lawyer cost,/pages/business-lawyer-cost,0,1,0,68,0,0,,0,0,,
llc lawyer fees,/pages/business-lawyer-cost,0,1,0,58,0,0,,0,0,,
local attorney fees,/states/massachusetts-lawyer-costs,0,1,0,77,0,1,77,0,0,,
local attorney fees,/states/missouri-lawyer-costs,0,1,0,87,0,1,87,0,0,,
local attorney fees,/states/new-york-lawyer-costs,0,1,0,30,0,0,,0,1,30,-100.0
local attorney fees,/states/oklahoma-lawyer-costs,0,1,0,59,0,0,,0,1,59,-100.0
local attorney fees,/states/wisconsin-lawyer-costs,0,1,0,82,0,1,82,0,0,,
local business lawyer,/pages/business-lawyer-cost,0,1,0,2,0,1,2,0,0,,
louisiana criminal defense attorney consultation cost,/states/louisiana-lawyer-costs,0,1,0,54,0,0,,0,1,54,-100.0
louisiana divorce consultation fee,/states/louisiana-lawyer-costs,0,1,0,87,0,0,,0,1,87,-100.0
louisiana estate attorney,/states/louisiana-lawyer-costs,0,1,0,2,0,1,2,0,0,,
louisiana lawyers,/states/louisiana-lawyer-costs,0,1,0,3,0,1,3,0,0,,
lynch law office keosauqua iowa,/states/iowa-lawyer-costs,0,1,0,3,0,0,,0,1,3,-100.0
maggie moss des moines iowa,/states/iowa-lawyer-costs,0,1,0,12,0,1,12,0,0,,
maine,/states/maine-lawyer-costs,0,1,0,1,0,1,1,0,0,,
maine divorce lawyer free consultation,/states/maine-lawyer-costs,0,1,0,3,0,1,3,0,0,,
malescu law,/pages/immigration-lawyer-cost,0,1,0,6,0,1,6,0,0,,
mandl law,/pages/immigration-lawyer-cost,0,1,0,5,0,1,5,0,0,,
mark kohler fees,/states/michigan-lawyer-costs,0,1,0,3,0,1,3,0,0,,
marriage lawyer cost,/states/oregon-lawyer-costs,0,1,0,11,0,0,,0,1,11,-100.0
marshalltown lawyers,/states/iowa-lawyer-costs,0,1,0,2,0,0,,0,1,2,-100.0
maryland attorney,/states/maryland-lawyer-costs,0,1,0,4,0,1,4,0,0,,
maryland business lawyer,/states/maryland-lawyer-costs,0,1,0,2,0,0,,0,1,2,-100.0
maryland divorce attorney,/states/maryland-lawyer-costs,0,1,0,2,0,1,2,0,0,,
maryland divorce consultation fee,/states/maryland-lawyer-costs,0,1,0,72,0,0,,0,0,,
maryland estate lawyer,/states/maryland-lawyer-costs,0,1,0,2,0,1,2,0,0,,
maryland estate lawyers,/states/maryland-lawyer-costs,0,1,0,2,0,1,2,0,0,,
maryland lawyers,/states/maryland-lawyer-costs,0,1,0,3,0,1,3,0,0,,
maryland personal injury lawyer,/states/maryland-lawyer-costs,0,1,0,4,0,0,,0,1,4,-100.0
maryland real estate attorney,/states/maryland-lawyer-costs,0,1,0,2,0,1,2,0,0,,
maryland real estate lawyer,/states/maryland-lawyer-costs,0,1,0,4,0,1,4,0,0,,
maryland real estate lawyers,/states/maryland-lawyer-costs,0,1,0,4,0,1,4,0,0,,
maryland real estate litigation attorney,/states/maryland-lawyer-costs,0,1,0,11,0,1,11,0,0,,
maryland trust,/states/maryland-lawyer-costs,0,1,0,5,0,1,5,0,0,,
massachusetts divorce consultation fee,/states/massachusetts-lawyer-costs,0,1,0,44,0,0,,0,0,,
massachusetts personal injury lawyers contingency fee rates comparison,/states/massachusetts-lawyer-costs,0,1,0,28,0,1,28,0,0,,
matter pricing calculator,/pages/lawyer-cost-calculator,0,1,0,1,0,1,1,0,0,,
maui divorce lawyers,/states/hawaii-lawyer-costs,0,1,0,2,0,1,2,0,0,,
md real estate attorney,/states/maryland-lawyer-costs,0,1,0,2,0,1,2,0,0,,
medical claim calculator,/pages/personal-injury-settlement-calculator,0,1,0,72,0,0,,0,0,,
memphis criminal defense lawyers,/states/tennessee-lawyer-costs,0,1,0,5,0,0,,0,1,5,-100.0
memphis criminal lawyers,/states/tennessee-lawyer-costs,0,1,0,3,0,1,3,0,0,,
mesothelioma law firm,/pages/mesothelioma-lawyer-cost,0,1,0,3,0,1,3,0,0,,
mesothelioma lawyer,/pages/mesothelioma-lawyer-cost,0,1,0,4,0,1,4,0,0,,
michael m phillips law firm reviews,/states/utah-lawyer-costs,0,1,0,3,0,1,3,0,0,,
michael negri attorney new city,/states/new-york-lawyer-costs,0,1,0,10,0,1,10,0,0,,
michigan dui attorney,/states/michigan-lawyer-costs,0,1,0,4,0,1,4,0,0,,
michigan dui lawyer cost,/states/michigan-lawyer-costs,0,1,0,51,0,0,,0,1,51,-100.0
minnesota bar exam costs,/states/minnesota-lawyer-costs,0,1,0,50,0,0,,0,1,50,-100.0
misdemeanor lawyer cost,/pages/criminal-defense-lawyer-cost,0,1,0,98,0,0,,0,0,,
misdemeanor lawyer cost,/states/kentucky-lawyer-costs,0,1,0,11,0,0,,0,0,,
misdemeanor lawyer cost,/states/ohio-lawyer-costs,0,1,0,10,0,1,10,0,0,,
misdemeanor lawyer cost,/states/oklahoma-lawyer-costs,0,1,0,8,0,0,,0,1,8,-100.0
misdemeanor lawyer cost,/states/south-carolina-lawyer-costs,0,1,0,11,0,0,,0,1,11,-100.0
mississippi,/states/mississippi-lawyer-costs,0,1,0,4,0,1,4,0,0,,
mississippi legal services,/states/mississippi-lawyer-costs,0,1,0,5,0,1,5,0,0,,
missouri lawyers hourly rates survey real estate,/states/missouri-lawyer-costs,0,1,0,7,0,0,,0,0,,
missouri real estate lawyers,/states/missouri-lawyer-costs,0,1,0,3,0,0,,0,0,,
mitchell sd lawyers,/states/south-dakota-lawyer-costs,0,1,0,3,0,0,,0,1,3,-100.0
mn,/states/minnesota-lawyer-costs,0,1,0,4,0,1,4,0,0,,
monthly lawyer cost,/states/washington-lawyer-costs,0,1,0,99,0,0,,0,1,99,-100.0
monthly lawyer cost,/states/wisconsin-lawyer-costs,0,1,0,99,0,0,,0,1,99,-100.0
morgantown west virginia lawyers,/states/west-virginia-lawyer-costs,0,1,0,4,0,1,4,0,0,,
most expensive criminal defense attorney,/states/pennsylvania-lawyer-costs,0,1,0,4,0,1,4,0,0,,
motion for attorney fees and costs,/states/new-york-lawyer-costs,0,1,0,64,0,1,64,0,0,,
motorcycle accident attorney contingency fee comparison guide,/pages/motorcycle-accident-lawyer-cost,0,1,0,9,0,0,,0,0,,
motorcycle accident legal representation cost comparison,/pages/motorcycle-accident-lawyer-cost,0,1,0,50,0,0,,0,0,,
murray osorio pllc photos,/pages/immigration-lawyer-cost,0,1,0,5,0,1,5,0,0,,
musical instrument cost child support attorney washington,/states/washington-lawyer-costs,0,1,0,86,0,1,86,0,0,,
naklady,/pages/dui-lawyer-cost,0,1,0,5,0,1,5,0,0,,
name change lawyer nj cost,/states/new-jersey-lawyer-costs,0,1,0,56,0,0,,0,0,,
nashville tn,/states/tennessee-lawyer-costs,0,1,0,7,0,0,,0,1,7,-100.0
nc court costs,/states/north-carolina-lawyer-costs,0,1,0,25,0,1,25,0,0,,
nc divorce lawyer cost,/states/north-carolina-lawyer-costs,0,1,0,90,0,0,,0,1,90,-100.0
ncbar.gov,/states/north-carolina-lawyer-costs,0,1,0,32,0,1,32,0,0,,
nebraska cost,/states/nebraska-lawyer-costs,0,1,0,2,0,1,2,0,0,,
nebraska court costs,/states/nebraska-lawyer-costs,0,1,0,24,0,1,24,0,0,,
need money for a lawyer,/pages/can-i-afford-a-lawyer,0,1,0,99,0,0,,0,1,99,-100.0
nevada lawyers,/states/nevada-lawyer-costs,0,1,0,3,0,1,3,0,0,,
new hampshire lawyer salary,/states/new-hampshire-lawyer-costs,0,1,0,45,0,1,45,0,0,,
new haven medical malpractice lawyer,/states/connecticut-lawyer-costs,0,1,0,6,0,0,,0,1,6,-100.0
new jersey,/states/new-jersey-lawyer-costs,0,1,0,9,0,1,9,0,0,,
new jersey bar dues,/states/new-jersey-lawyer-costs,0,1,0,23,0,0,,0,0,,
new jersey price,/states/new-jersey-lawyer-costs,0,1,0,6,0,0,,0,0,,
new mexico divorce cost,/states/new-mexico-lawyer-costs,0,1,0,69,0,0,,0,0,,
new york city employment lawyer,/pages/employment-lawyer-cost,0,1,0,3,0,1,3,0,0,,
new york contingency fee rules,/pages/contingency-fee-explained,0,1,0,88,0,1,88,0,0,,
new york employment lawyer,/pages/employment-lawyer-cost,0,1,0,2,0,1,2,0,0,,
new york probate lawyer fees,/states/new-york-lawyer-costs,0,1,0,94,0,0,,0,1,94,-100.0
nh bar association,/states/new-hampshire-lawyer-costs,0,1,0,4,0,1,4,0,0,,
nh lawyers,/states/new-hampshire-lawyer-costs,0,1,0,4,0,1,4,0,0,,
nj bar dues,/states/new-jersey-lawyer-costs,0,1,0,25,0,0,,0,0,,
nj estate planning attorney,/states/new-jersey-lawyer-costs,0,1,0,2,0,1,2,0,0,,
nj family law attorney,/states/new-jersey-lawyer-costs,0,1,0,2,0,1,2,0,0,,
nj probate attorney fees,/states/new-jersey-lawyer-costs,0,1,0,73,0,0,,0,0,,
nj real estate attorney fees,/states/new-jersey-lawyer-costs,0,1,0,79,0,0,,0,1,79,-100.0
nj real estate attorneys,/states/new-jersey-lawyer-costs,0,1,0,2,0,1,2,0,0,,
no agreement signed,/states/minnesota-lawyer-costs,0,1,0,3,0,1,3,0,0,,
normal attorney fees,/states/south-carolina-lawyer-costs,0,1,0,72,0,0,,0,1,72,-100.0
normal attorney fees,/states/tennessee-lawyer-costs,0,1,0,99,0,1,99,0,0,,
normal lawyer fees,/states/alaska-lawyer-costs,0,1,0,10,0,0,,0,1,10,-100.0
normal lawyer fees,/states/indiana-lawyer-costs,0,1,0,12,0,0,,0,1,12,-100.0
normal lawyer fees,/states/massachusetts-lawyer-costs,0,1,0,66,0,1,66,0,0,,
normal lawyer fees,/states/nevada-lawyer-costs,0,1,0,90,0,1,90,0,0,,
normal lawyer fees,/states/new-hampshire-lawyer-costs,0,1,0,9,0,0,,0,1,9,-100.0
normal lawyer fees,/states/oklahoma-lawyer-costs,0,1,0,68,0,0,,0,1,68,-100.0
normal lawyer fees,/states/south-dakota-lawyer-costs,0,1,0,11,0,1,11,0,0,,
normal lawyer fees,/states/utah-lawyer-costs,0,1,0,83,0,0,,0,0,,
normal retainer fee attorney,/states/west-virginia-lawyer-costs,0,1,0,9,0,0,,0,0,,
north carolina attorney hourly rate civil litigation 2025 2026 average,/states/north-carolina-lawyer-costs,0,1,0,7,0,1,7,0,0,,
north carolina landlord tenant attorney hourly rate 2025 2026,/states/north-carolina-lawyer-costs,0,1,0,3,0,0,,0,0,,
north dakota speeding ticket cost,/states/north-dakota-lawyer-costs,0,1,0,86,0,0,,0,1,86,-100.0
ny attorney registration fee,/states/new-york-lawyer-costs,0,1,0,44,0,0,,0,0,,
ny employment lawyer,/pages/employment-lawyer-cost,0,1,0,2,0,1,2,0,0,,
ny tax lawyer,/states/new-york-lawyer-costs,0,1,0,2,0,1,2,0,0,,
nyc criminal lawyer cost,/pages/criminal-defense-lawyer-cost,0,1,0,84,0,1,84,0,0,,
nyc criminal lawyer cost,/states/new-york-lawyer-costs,0,1,0,68,0,1,68,0,0,,
nyc lawyers,/states/new-york-lawyer-costs,0,1,0,3,0,1,3,0,0,,
nyc real estate lawyer,/states/new-york-lawyer-costs,0,1,0,2,0,1,2,0,0,,
nys bar association,/states/new-york-lawyer-costs,0,1,0,3,0,1,3,0,0,,
nys tax attorney,/states/new-york-lawyer-costs,0,1,0,2,0,1,2,0,0,,
oakland county real estate attorneys,/states/michigan-lawyer-costs,0,1,0,4,0,1,4,0,0,,
ocean county civil court,/states/new-jersey-lawyer-costs,0,1,0,4,0,0,,0,1,4,-100.0
okc real estate attorney,/states/oklahoma-lawyer-costs,0,1,0,2,0,1,2,0,0,,
online personal injury settlement calculator,/pages/personal-injury-settlement-calculator,0,1,0,86,0,0,,0,1,86,-100.0
oregon family law attorney,/states/oregon-lawyer-costs,0,1,0,2,0,1,2,0,0,,
oregon family lawyers,/states/oregon-lawyer-costs,0,1,0,3,0,1,3,0,0,,
oshkosh wi,/states/wisconsin-lawyer-costs,0,1,0,7,0,0,,0,1,7,-100.0
pa bar dues,/states/pennsylvania-lawyer-costs,0,1,0,34,0,0,,0,1,34,-100.0
pa business attorney,/pages/business-lawyer-cost,0,1,0,2,0,1,2,0,0,,
pa real estate lawyer,/states/pennsylvania-lawyer-costs,0,1,0,2,0,1,2,0,0,,
pacific northwest family law richland wa,/states/washington-lawyer-costs,0,1,0,4,0,0,,0,1,4,-100.0
paralegal charging rates,/states/idaho-lawyer-costs,0,1,0,90,0,1,90,0,0,,
paralegal charging rates,/states/south-carolina-lawyer-costs,0,1,0,79,0,1,79,0,0,,
paralegal divorce cost,/pages/divorce-lawyer-cost,0,1,0,77,0,1,77,0,0,,
paul padda law reviews,/pages/how-much-does-a-lawyer-cost,0,1,0,2,0,1,2,0,0,,
paying lawyer fees,/states/new-york-lawyer-costs,0,1,0,26,0,1,26,0,0,,
pendleton law firm,/pages/how-much-does-a-lawyer-cost,0,1,0,2,0,1,2,0,0,,
pennsylvania attorneys,/states/pennsylvania-lawyer-costs,0,1,0,6,0,1,6,0,0,,
pennsylvania lawyers,/states/pennsylvania-lawyer-costs,0,1,0,3,0,1,3,0,0,,
per hearing fees of lawyer,/states/arkansas-lawyer-costs,0,1,0,4,0,1,4,0,0,,
per hour price,/states/massachusetts-lawyer-costs,0,1,0,1,0,1,1,0,0,,
personal injury attorney fees,/states/west-virginia-lawyer-costs,0,1,0,48,0,1,48,0,0,,
personal injury defense lawyer cost,/states/new-york-lawyer-costs,0,1,0,21,0,1,21,0,0,,
personal injury lawyer fee,/states/rhode-island-lawyer-costs,0,1,0,11,0,0,,0,1,11,-100.0
personal injury lawyer hourly rate,/states/colorado-lawyer-costs,0,1,0,12,0,0,,0,0,,
personal injury lawyer near me,/states/nebraska-lawyer-costs,0,1,0,7,0,1,7,0,0,,
personal injury lawyer price,/states/new-hampshire-lawyer-costs,0,1,0,13,0,0,,0,0,,
personal injury lawyer vt,/states/vermont-lawyer-costs,0,1,0,5,0,0,,0,1,5,-100.0
personal injury lawyers fees in the us,/pages/personal-injury-lawyer-cost,0,1,0,60,0,1,60,0,0,,
personal injuryâ lawsuit calculator,/pages/personal-injury-settlement-calculator,0,1,0,85,0,1,85,0,0,,
personal lawyer cost,/states/arizona-lawyer-costs,0,1,0,9,0,1,9,0,0,,
personal lawyer cost,/states/connecticut-lawyer-costs,0,1,0,11,0,0,,0,0,,
personal lawyer cost,/states/kentucky-lawyer-costs,0,1,0,9,0,1,9,0,0,,
personal lawyer cost,/states/maryland-lawyer-costs,0,1,0,10,0,0,,0,0,,
personal lawyer cost,/states/michigan-lawyer-costs,0,1,0,9,0,0,,0,0,,
personal lawyer cost,/states/oklahoma-lawyer-costs,0,1,0,9,0,1,9,0,0,,
personal lawyer cost,/states/tennessee-lawyer-costs,0,1,0,8,0,1,8,0,0,,
personal lawyer cost,/states/utah-lawyer-costs,0,1,0,7,0,0,,0,0,,
personal lawyer cost,/states/west-virginia-lawyer-costs,0,1,0,100,0,1,100,0,0,,
personal lawyer cost,/states/wisconsin-lawyer-costs,0,1,0,9,0,1,9,0,0,,
personal loan for lawyer fees,/states/new-york-lawyer-costs,0,1,0,98,0,0,,0,1,98,-100.0
phoenix arizona lawyer,/states/arizona-lawyer-costs,0,1,0,2,0,1,2,0,0,,
phoenix lawyers,/states/arizona-lawyer-costs,0,1,0,5,0,0,,0,1,5,-100.0
pittsburg ks attorneys,/states/kansas-lawyer-costs,0,1,0,10,0,1,10,0,0,,
pittsburgh defense attorney,/states/pennsylvania-lawyer-costs,0,1,0,2,0,1,2,0,0,,
pittsburgh lawyers free consultation,/states/pennsylvania-lawyer-costs,0,1,0,5,0,1,5,0,0,,
power of attorney arizona,/states/arizona-lawyer-costs,0,1,0,3,0,1,3,0,0,,
power of attorney colorado,/states/colorado-lawyer-costs,0,1,0,3,0,1,3,0,0,,
power of attorney form indiana,/states/indiana-lawyer-costs,0,1,0,3,0,1,3,0,0,,
power of attorney form virginia,/states/virginia-lawyer-costs,0,1,0,3,0,1,3,0,0,,
power of attorney lawyer cost near me,/states/arkansas-lawyer-costs,0,1,0,1,0,1,1,0,0,,
power of attorney lawyer cost near me,/states/north-dakota-lawyer-costs,0,1,0,9,0,0,,0,1,9,-100.0
power of attorney prices,/states/new-york-lawyer-costs,0,1,0,64,0,0,,0,1,64,-100.0
precio abogado,/states/california-lawyer-costs,0,1,0,84,0,0,,0,0,,
precio abogado,/states/new-york-lawyer-costs,0,1,0,57,0,0,,0,0,,
precio abogados,/,0,1,0,88,0,1,88,0,0,,
precio de consulta abogado,/states/new-york-lawyer-costs,0,1,0,79,0,0,,0,1,79,-100.0
precio de un abogado para divorcio,/pages/divorce-lawyer-cost,0,1,0,91,0,1,91,0,0,,
precios abogados,/,0,1,0,89,0,1,89,0,0,,
price,/states/delaware-lawyer-costs,0,1,0,1,0,1,1,0,0,,
price,/states/maine-lawyer-costs,0,1,0,3,0,1,3,0,0,,
price attorney,/states/massachusetts-lawyer-costs,0,1,0,1,0,0,,0,1,1,-100.0
price benowitz accident injury lawyers llp,/pages/personal-injury-lawyer-cost,0,1,0,88,0,1,88,0,0,,
price for criminal defense leads,/pages/criminal-defense-lawyer-cost,0,1,0,50,0,0,,0,1,50,-100.0
price of divorce attorney,/states/south-dakota-lawyer-costs,0,1,0,11,0,1,11,0,0,,
price of lawyer,/states/south-carolina-lawyer-costs,0,1,0,80,0,0,,0,1,80,-100.0
price of lawyer,/states/tennessee-lawyer-costs,0,1,0,87,0,0,,0,1,87,-100.0
price of lawyer,/states/texas-lawyer-costs,0,1,0,95,0,0,,0,1,95,-100.0
price of lawyer,/states/utah-lawyer-costs,0,1,0,38,0,0,,0,1,38,-100.0
price of lawyer,/states/wisconsin-lawyer-costs,0,1,0,67,0,0,,0,1,67,-100.0
price range,/states/oregon-lawyer-costs,0,1,0,3,0,1,3,0,0,,
prices,/states/new-york-lawyer-costs,0,1,0,4,0,1,4,0,0,,
prices,/states/west-virginia-lawyer-costs,0,1,0,3,0,1,3,0,0,,
pricing,/states/mississippi-lawyer-costs,0,1,0,1,0,1,1,0,0,,
pricing,/states/pennsylvania-lawyer-costs,0,1,0,2,0,1,2,0,0,,
private attorney cost,/states/arizona-lawyer-costs,0,1,0,7,0,0,,0,1,7,-100.0
private attorney cost,/states/arkansas-lawyer-costs,0,1,0,9,0,1,9,0,0,,
private attorney cost,/states/kansas-lawyer-costs,0,1,0,10,0,0,,0,0,,
private attorney cost,/states/kentucky-lawyer-costs,0,1,0,11,0,1,11,0,0,,
private attorney cost,/states/massachusetts-lawyer-costs,0,1,0,12,0,1,12,0,0,,
private attorney cost,/states/michigan-lawyer-costs,0,1,0,10,0,1,10,0,0,,
private attorney cost,/states/minnesota-lawyer-costs,0,1,0,12,0,0,,0,1,12,-100.0
private attorney cost,/states/new-york-lawyer-costs,0,1,0,67,0,0,,0,0,,
private attorney cost,/states/utah-lawyer-costs,0,1,0,6,0,1,6,0,0,,
private attorney cost,/states/washington-lawyer-costs,0,1,0,12,0,0,,0,1,12,-100.0
private attorney cost,/states/west-virginia-lawyer-costs,0,1,0,12,0,0,,0,0,,
private lawyer cost,/states/alaska-lawyer-costs,0,1,0,8,0,1,8,0,0,,
private lawyer cost,/states/colorado-lawyer-costs,0,1,0,41,0,0,,0,0,,
private lawyer cost,/states/indiana-lawyer-costs,0,1,0,9,0,0,,0,1,9,-100.0
private lawyer cost,/states/nevada-lawyer-costs,0,1,0,8,0,1,8,0,0,,
private lawyer cost,/states/rhode-island-lawyer-costs,0,1,0,4,0,1,4,0,0,,
private lawyer cost,/states/tennessee-lawyer-costs,0,1,0,86,0,1,86,0,0,,
private lawyer fees,/states/kansas-lawyer-costs,0,1,0,9,0,1,9,0,0,,
private practice,/states/connecticut-lawyer-costs,0,1,0,2,0,1,2,0,0,,
probate,/states/louisiana-lawyer-costs,0,1,0,7,0,1,7,0,0,,
probate attorney cost in maryland,/states/maryland-lawyer-costs,0,1,0,86,0,0,,0,1,86,-100.0
probate costs by state,/states/maryland-lawyer-costs,0,1,0,4,0,1,4,0,0,,
probate court new mexico,/states/new-mexico-lawyer-costs,0,1,0,5,0,1,5,0,0,,
probate lawyer albuquerque,/states/new-mexico-lawyer-costs,0,1,0,2,0,1,2,0,0,,
property damage lawyer cost,/states/new-jersey-lawyer-costs,0,1,0,12,0,0,,0,1,12,-100.0
property damage lawyer cost,/states/new-york-lawyer-costs,0,1,0,34,0,1,34,0,0,,
property damage lawyer cost,/states/north-carolina-lawyer-costs,0,1,0,21,0,0,,0,0,,
property damage lawyer cost,/states/tennessee-lawyer-costs,0,1,0,12,0,0,,0,1,12,-100.0
property dispute,/states/wisconsin-lawyer-costs,0,1,0,12,0,1,12,0,0,,
property dispute lawyer cost,/states/kentucky-lawyer-costs,0,1,0,8,0,0,,0,1,8,-100.0
property lawyers seattle,/states/washington-lawyer-costs,0,1,0,2,0,1,2,0,0,,
ptsd settlement calculator,/pages/personal-injury-settlement-calculator,0,1,0,89,0,0,,0,0,,
public interest lawyer cost,/states/alabama-lawyer-costs,0,1,0,83,0,0,,0,0,,
public interest lawyer cost,/states/ohio-lawyer-costs,0,1,0,94,0,0,,0,1,94,-100.0
purvis law firm jackson ms,/states/mississippi-lawyer-costs,0,1,0,2,0,0,,0,0,,
quiroga law,/pages/immigration-lawyer-cost,0,1,0,4,0,1,4,0,0,,
raccio law llc,/states/connecticut-lawyer-costs,0,1,0,3,0,1,3,0,0,,
rap 18.1,/states/washington-lawyer-costs,0,1,0,25,0,1,25,0,0,,
rate attorney,/states/california-lawyer-costs,0,1,0,74,0,0,,0,1,74,-100.0
rate attorney,/states/new-mexico-lawyer-costs,0,1,0,49,0,1,49,0,0,,
rates,/states/massachusetts-lawyer-costs,0,1,0,4,0,0,,0,1,4,-100.0
rates for lawyers,/states/california-lawyer-costs,0,1,0,72,0,0,,0,0,,
rates for lawyers,/states/colorado-lawyer-costs,0,1,0,98,0,1,98,0,0,,
rates for lawyers,/states/illinois-lawyer-costs,0,1,0,93,0,1,93,0,0,,
rates for lawyers,/states/kentucky-lawyer-costs,0,1,0,92,0,0,,0,1,92,-100.0
rates for lawyers,/states/maryland-lawyer-costs,0,1,0,73,0,1,73,0,0,,
rates for lawyers,/states/mississippi-lawyer-costs,0,1,0,88,0,1,88,0,0,,
rates for lawyers,/states/new-york-lawyer-costs,0,1,0,34,0,0,,0,1,34,-100.0
rates for lawyers,/states/pennsylvania-lawyer-costs,0,1,0,77,0,0,,0,0,,
rates for lawyers,/states/south-carolina-lawyer-costs,0,1,0,37,0,0,,0,0,,
real estate attorney alabama,/states/alabama-lawyer-costs,0,1,0,2,0,1,2,0,0,,
real estate attorney allentown pa,/states/pennsylvania-lawyer-costs,0,1,0,2,0,1,2,0,0,,
real estate attorney altoona pa,/states/pennsylvania-lawyer-costs,0,1,0,2,0,1,2,0,0,,
real estate attorney anderson sc,/states/south-carolina-lawyer-costs,0,1,0,2,0,1,2,0,0,,
real estate attorney annapolis,/states/maryland-lawyer-costs,0,1,0,3,0,1,3,0,0,,
real estate attorney arlington wa,/states/washington-lawyer-costs,0,1,0,4,0,1,4,0,0,,
real estate attorney auburn wa,/states/washington-lawyer-costs,0,1,0,2,0,1,2,0,0,,
real estate attorney belleville il,/states/illinois-lawyer-costs,0,1,0,2,0,1,2,0,0,,
real estate attorney brighton mi,/states/michigan-lawyer-costs,0,1,0,3,0,1,3,0,0,,
real estate attorney bronx ny,/states/new-york-lawyer-costs,0,1,0,3,0,1,3,0,0,,
real estate attorney buffalo ny,/states/new-york-lawyer-costs,0,1,0,2,0,1,2,0,0,,
real estate attorney california,/pages/hourly-vs-flat-fee-lawyer,0,1,0,2,0,1,2,0,0,,
real estate attorney california,/pages/real-estate-lawyer-cost,0,1,0,2,0,1,2,0,0,,
real estate attorney camden sc,/states/south-carolina-lawyer-costs,0,1,0,2,0,0,,0,1,2,-100.0
real estate attorney cedar rapids,/states/iowa-lawyer-costs,0,1,0,2,0,1,2,0,0,,
real estate attorney consultation fee,/states/nevada-lawyer-costs,0,1,0,11,0,0,,0,1,11,-100.0
real estate attorney cost per hour,/states/kentucky-lawyer-costs,0,1,0,71,0,0,,0,1,71,-100.0
real estate attorney costs,/pages/real-estate-lawyer-cost,0,1,0,100,0,1,100,0,0,,
real estate attorney decatur il,/states/illinois-lawyer-costs,0,1,0,2,0,1,2,0,0,,
real estate attorney dothan al,/states/alabama-lawyer-costs,0,1,0,2,0,1,2,0,0,,
real estate attorney doylestown,/states/pennsylvania-lawyer-costs,0,1,0,2,0,1,2,0,0,,
real estate attorney doylestown pa,/states/pennsylvania-lawyer-costs,0,1,0,2,0,1,2,0,0,,
real estate attorney edison nj,/states/new-jersey-lawyer-costs,0,1,0,2,0,1,2,0,0,,
real estate attorney erie pa,/states/pennsylvania-lawyer-costs,0,1,0,2,0,1,2,0,0,,
real estate attorney evansville,/states/indiana-lawyer-costs,0,1,0,2,0,1,2,0,0,,
real estate attorney fees for seller,/states/new-jersey-lawyer-costs,0,1,0,3,0,1,3,0,0,,
real estate attorney flemington nj,/states/new-jersey-lawyer-costs,0,1,0,2,0,1,2,0,0,,
real estate attorney flint mi,/states/michigan-lawyer-costs,0,1,0,2,0,1,2,0,0,,
real estate attorney frederick md,/states/maryland-lawyer-costs,0,1,0,2,0,1,2,0,0,,
real estate attorney georgetown sc,/states/south-carolina-lawyer-costs,0,1,0,2,0,0,,0,1,2,-100.0
real estate attorney glendale az,/states/arizona-lawyer-costs,0,1,0,3,0,0,,0,1,3,-100.0
real estate attorney grand rapids,/states/michigan-lawyer-costs,0,1,0,2,0,1,2,0,0,,
real estate attorney green bay,/states/wisconsin-lawyer-costs,0,1,0,3,0,0,,0,1,3,-100.0
real estate attorney greenfield indiana,/states/indiana-lawyer-costs,0,1,0,3,0,1,3,0,0,,
real estate attorney hagerstown md,/states/maryland-lawyer-costs,0,1,0,2,0,1,2,0,0,,
real estate attorney hamden ct,/states/connecticut-lawyer-costs,0,1,0,3,0,1,3,0,0,,
real estate attorney hartford ct,/states/connecticut-lawyer-costs,0,1,0,3,0,0,,0,1,3,-100.0
real estate attorney hawaii,/states/hawaii-lawyer-costs,0,1,0,10,0,0,,0,1,10,-100.0
real estate attorney hourly rate,/states/kentucky-lawyer-costs,0,1,0,48,0,0,,0,1,48,-100.0
real estate attorney in california,/pages/hourly-vs-flat-fee-lawyer,0,1,0,2,0,1,2,0,0,,
real estate attorney in california,/pages/real-estate-lawyer-cost,0,1,0,2,0,1,2,0,0,,
real estate attorney in indiana,/states/indiana-lawyer-costs,0,1,0,2,0,1,2,0,0,,
real estate attorney in massachusetts,/states/massachusetts-lawyer-costs,0,1,0,3,0,1,3,0,0,,
real estate attorney in missouri,/states/missouri-lawyer-costs,0,1,0,2,0,0,,0,0,,
real estate attorney in myrtle beach,/states/south-carolina-lawyer-costs,0,1,0,3,0,1,3,0,0,,
real estate attorney in nj,/states/new-jersey-lawyer-costs,0,1,0,2,0,1,2,0,0,,
real estate attorney indiana pa,/states/pennsylvania-lawyer-costs,0,1,0,2,0,1,2,0,0,,
real estate attorney indianapolis,/states/indiana-lawyer-costs,0,1,0,2,0,1,2,0,0,,
real estate attorney jackson mi,/states/michigan-lawyer-costs,0,1,0,2,0,1,2,0,0,,
real estate attorney jackson ms,/states/mississippi-lawyer-costs,0,1,0,5,0,0,,0,0,,
real estate attorney jefferson city mo,/states/missouri-lawyer-costs,0,1,0,2,0,0,,0,0,,
real estate attorney jefferson county mo,/states/missouri-lawyer-costs,0,1,0,3,0,1,3,0,0,,
real estate attorney kenosha,/states/wisconsin-lawyer-costs,0,1,0,2,0,1,2,0,0,,
real estate attorney kenosha wi,/states/wisconsin-lawyer-costs,0,1,0,2,0,1,2,0,0,,
real estate attorney lancaster ca,/pages/hourly-vs-flat-fee-lawyer,0,1,0,2,0,1,2,0,0,,
real estate attorney lancaster ca,/pages/real-estate-lawyer-cost,0,1,0,2,0,1,2,0,0,,
real estate attorney lancaster ca,/states/california-lawyer-costs,0,1,0,2,0,1,2,0,0,,
real estate attorney lansing,/states/michigan-lawyer-costs,0,1,0,2,0,1,2,0,0,,
real estate attorney lansing mi,/states/michigan-lawyer-costs,0,1,0,2,0,1,2,0,0,,
real estate attorney lawton ok,/states/oklahoma-lawyer-costs,0,1,0,6,0,1,6,0,0,,
real estate attorney ma cost,/states/massachusetts-lawyer-costs,0,1,0,52,0,0,,0,1,52,-100.0
real estate attorney manchester ct,/states/connecticut-lawyer-costs,0,1,0,3,0,0,,0,1,3,-100.0
real estate attorney meadville pa,/states/pennsylvania-lawyer-costs,0,1,0,6,0,1,6,0,0,,
real estate attorney michigan,/states/michigan-lawyer-costs,0,1,0,2,0,1,2,0,0,,
real estate attorney missouri,/states/missouri-lawyer-costs,0,1,0,2,0,1,2,0,0,,
real estate attorney monterey ca,/pages/hourly-vs-flat-fee-lawyer,0,1,0,2,0,1,2,0,0,,
real estate attorney monterey ca,/pages/real-estate-lawyer-cost,0,1,0,2,0,1,2,0,0,,
real estate attorney montgomery county md,/states/maryland-lawyer-costs,0,1,0,6,0,1,6,0,0,,
real estate attorney peoria il,/states/illinois-lawyer-costs,0,1,0,2,0,1,2,0,0,,
real estate attorney pittsburgh pa,/states/pennsylvania-lawyer-costs,0,1,0,2,0,1,2,0,0,,
real estate attorney prince george's county maryland,/states/maryland-lawyer-costs,0,1,0,3,0,1,3,0,0,,
real estate attorney rockford il,/states/illinois-lawyer-costs,0,1,0,2,0,1,2,0,0,,
real estate attorney rockville,/states/maryland-lawyer-costs,0,1,0,4,0,1,4,0,0,,
real estate attorney salisbury md,/states/maryland-lawyer-costs,0,1,0,3,0,1,3,0,0,,
real estate attorney san mateo,/pages/hourly-vs-flat-fee-lawyer,0,1,0,2,0,1,2,0,0,,
real estate attorney san mateo,/pages/real-estate-lawyer-cost,0,1,0,2,0,1,2,0,0,,
real estate attorney scranton pa,/states/pennsylvania-lawyer-costs,0,1,0,2,0,1,2,0,0,,
real estate attorney seattle,/states/washington-lawyer-costs,0,1,0,2,0,1,2,0,0,,
real estate attorney seneca sc,/states/south-carolina-lawyer-costs,0,1,0,2,0,1,2,0,0,,
real estate attorney sheboygan,/states/wisconsin-lawyer-costs,0,1,0,3,0,0,,0,1,3,-100.0
real estate attorney silver spring md,/states/maryland-lawyer-costs,0,1,0,2,0,1,2,0,0,,
real estate attorney simpsonville sc,/states/south-carolina-lawyer-costs,0,1,0,2,0,1,2,0,0,,
real estate attorney south jersey,/states/new-jersey-lawyer-costs,0,1,0,3,0,1,3,0,0,,
real estate attorney spartanburg sc,/states/south-carolina-lawyer-costs,0,1,0,3,0,0,,0,1,3,-100.0
real estate attorney spokane,/states/washington-lawyer-costs,0,1,0,3,0,1,3,0,0,,
real estate attorney st louis free consultation,/states/missouri-lawyer-costs,0,1,0,3,0,0,,0,0,,
real estate attorney st louis mo,/states/missouri-lawyer-costs,0,1,0,2,0,1,2,0,0,,
real estate attorney surprise az,/states/arizona-lawyer-costs,0,1,0,2,0,0,,0,1,2,-100.0
real estate attorney syracuse ny,/states/new-york-lawyer-costs,0,1,0,2,0,1,2,0,0,,
real estate attorney tacoma,/states/washington-lawyer-costs,0,1,0,2,0,1,2,0,0,,
real estate attorney traverse city,/states/michigan-lawyer-costs,0,1,0,3,0,1,3,0,0,,
real estate attorney upper marlboro md,/states/maryland-lawyer-costs,0,1,0,3,0,1,3,0,0,,
real estate attorney valparaiso,/states/indiana-lawyer-costs,0,1,0,2,0,1,2,0,0,,
real estate attorney waldorf md,/states/maryland-lawyer-costs,0,1,0,2,0,1,2,0,0,,
real estate attorney washington state,/states/washington-lawyer-costs,0,1,0,2,0,1,2,0,0,,
real estate attorney waterloo iowa,/states/iowa-lawyer-costs,0,1,0,2,0,1,2,0,0,,
real estate attorney windsor ct,/states/connecticut-lawyer-costs,0,1,0,2,0,1,2,0,0,,
real estate attorney worcester,/states/massachusetts-lawyer-costs,0,1,0,8,0,0,,0,1,8,-100.0
real estate attorneys boston,/states/massachusetts-lawyer-costs,0,1,0,3,0,1,3,0,0,,
real estate attorneys in my area,/states/pennsylvania-lawyer-costs,0,1,0,3,0,1,3,0,0,,
real estate attorneys in tucson,/states/arizona-lawyer-costs,0,1,0,2,0,0,,0,1,2,-100.0
real estate attorneys new jersey,/states/new-jersey-lawyer-costs,0,1,0,2,0,1,2,0,0,,
real estate lawyer,/states/colorado-lawyer-costs,0,1,0,1,0,1,1,0,0,,
real estate lawyer,/states/nevada-lawyer-costs,0,1,0,1,0,0,,0,1,1,-100.0
real estate lawyer,/states/oregon-lawyer-costs,0,1,0,1,0,0,,0,1,1,-100.0
real estate lawyer,/states/rhode-island-lawyer-costs,0,1,0,1,0,0,,0,1,1,-100.0
real estate lawyer,/states/tennessee-lawyer-costs,0,1,0,1,0,0,,0,1,1,-100.0
real estate lawyer,/states/utah-lawyer-costs,0,1,0,1,0,0,,0,1,1,-100.0
real estate lawyer,/states/virginia-lawyer-costs,0,1,0,1,0,0,,0,1,1,-100.0
real estate lawyer annapolis md,/states/maryland-lawyer-costs,0,1,0,2,0,1,2,0,0,,
real estate lawyer bakersfield,/pages/hourly-vs-flat-fee-lawyer,0,1,0,2,0,1,2,0,0,,
real estate lawyer bakersfield,/pages/real-estate-lawyer-cost,0,1,0,2,0,1,2,0,0,,
real estate lawyer baltimore md,/states/maryland-lawyer-costs,0,1,0,2,0,1,2,0,0,,
real estate lawyer bergen county,/states/new-jersey-lawyer-costs,0,1,0,2,0,1,2,0,0,,
real estate lawyer chicago,/states/illinois-lawyer-costs,0,1,0,2,0,1,2,0,0,,
real estate lawyer consultation fee,/states/georgia-lawyer-costs,0,1,0,12,0,1,12,0,0,,
real estate lawyer consultation fee,/states/south-carolina-lawyer-costs,0,1,0,1,0,1,1,0,0,,
real estate lawyer edison nj,/states/new-jersey-lawyer-costs,0,1,0,2,0,1,2,0,0,,
real estate lawyer fees,/states/oklahoma-lawyer-costs,0,1,0,9,0,1,9,0,0,,
real estate lawyer indianapolis,/states/indiana-lawyer-costs,0,1,0,2,0,1,2,0,0,,
real estate lawyer kennewick,/states/washington-lawyer-costs,0,1,0,2,0,1,2,0,0,,
real estate lawyer lancaster pa,/states/pennsylvania-lawyer-costs,0,1,0,2,0,1,2,0,0,,
real estate lawyer lincoln ne,/states/nebraska-lawyer-costs,0,1,0,2,0,1,2,0,0,,
real estate lawyer los angeles,/pages/hourly-vs-flat-fee-lawyer,0,1,0,2,0,1,2,0,0,,
real estate lawyer los angeles,/pages/real-estate-lawyer-cost,0,1,0,2,0,1,2,0,0,,
real estate lawyer manchester ct,/states/connecticut-lawyer-costs,0,1,0,3,0,1,3,0,0,,
real estate lawyer maryland,/states/maryland-lawyer-costs,0,1,0,2,0,0,,0,1,2,-100.0
real estate lawyer michigan,/states/michigan-lawyer-costs,0,1,0,3,0,1,3,0,0,,
real estate lawyer nj,/states/new-jersey-lawyer-costs,0,1,0,2,0,1,2,0,0,,
real estate lawyer nyc,/states/new-york-lawyer-costs,0,1,0,2,0,1,2,0,0,,
real estate lawyer olympia,/states/washington-lawyer-costs,0,1,0,2,0,1,2,0,0,,
real estate lawyer san diego,/pages/hourly-vs-flat-fee-lawyer,0,1,0,2,0,1,2,0,0,,
real estate lawyer san diego,/pages/real-estate-lawyer-cost,0,1,0,2,0,1,2,0,0,,
real estate lawyer scottsdale,/states/arizona-lawyer-costs,0,1,0,2,0,1,2,0,0,,
real estate lawyer springfield mo,/states/missouri-lawyer-costs,0,1,0,3,0,0,,0,0,,
real estate lawyer stamford ct,/states/connecticut-lawyer-costs,0,1,0,2,0,1,2,0,0,,
real estate lawyer tacoma,/states/washington-lawyer-costs,0,1,0,2,0,1,2,0,0,,
real estate lawyer virginia beach,/states/virginia-lawyer-costs,0,1,0,3,0,0,,0,1,3,-100.0
real estate lawyers albany ny,/states/new-york-lawyer-costs,0,1,0,3,0,1,3,0,0,,
real estate lawyers in greenville sc,/states/south-carolina-lawyer-costs,0,1,0,3,0,1,3,0,0,,
real estate lawyers in md,/states/maryland-lawyer-costs,0,1,0,2,0,0,,0,1,2,-100.0
real estate lawyers in new jersey,/states/new-jersey-lawyer-costs,0,1,0,3,0,1,3,0,0,,
real estate lawyers in scranton pa,/states/pennsylvania-lawyer-costs,0,1,0,2,0,1,2,0,0,,
real estate lawyers in st louis mo,/states/missouri-lawyer-costs,0,1,0,2,0,1,2,0,0,,
real estate lawyers kansas city,/states/missouri-lawyer-costs,0,1,0,3,0,0,,0,0,,
real estate lawyers philadelphia,/states/pennsylvania-lawyer-costs,0,1,0,2,0,1,2,0,0,,
real estate lawyers springfield mo,/states/missouri-lawyer-costs,0,1,0,3,0,0,,0,0,,
real estate lawyers st louis,/states/missouri-lawyer-costs,0,1,0,2,0,0,,0,0,,
real estate lawyers syracuse ny,/states/new-york-lawyer-costs,0,1,0,2,0,1,2,0,0,,
real estate litigation attorney columbia sc,/states/south-carolina-lawyer-costs,0,1,0,4,0,1,4,0,0,,
realtor lawyer cost,/states/kentucky-lawyer-costs,0,1,0,11,0,0,,0,1,11,-100.0
realty lawyer fees,/pages/real-estate-lawyer-cost,0,1,0,84,0,0,,0,1,84,-100.0
reasonable lawyer fees,/pages/how-much-does-a-lawyer-cost,0,1,0,86,0,0,,0,1,86,-100.0
reasonable lawyer fees,/states/california-lawyer-costs,0,1,0,69,0,0,,0,1,69,-100.0
reasonable lawyer fees,/states/nevada-lawyer-costs,0,1,0,11,0,0,,0,1,11,-100.0
reputable immigration lawyers,/pages/immigration-lawyer-cost,0,1,0,2,0,1,2,0,0,,
residential real estate attorney milwaukee,/states/wisconsin-lawyer-costs,0,1,0,3,0,1,3,0,0,,
restaurant attorney,/pages/business-lawyer-cost,0,1,0,2,0,1,2,0,0,,
retainer fee,/states/delaware-lawyer-costs,0,1,0,4,0,1,4,0,0,,
retainer for lawyer,/states/minnesota-lawyer-costs,0,1,0,1,0,0,,0,1,1,-100.0
rhode island,/states/rhode-island-lawyer-costs,0,1,0,9,0,1,9,0,0,,
rhode island bar exam fees,/states/rhode-island-lawyer-costs,0,1,0,35,0,1,35,0,0,,
richard novak attorney utah,/states/utah-lawyer-costs,0,1,0,5,0,0,,0,0,,
sc,/states/south-carolina-lawyer-costs,0,1,0,3,0,1,3,0,0,,
schlack ito,/states/hawaii-lawyer-costs,0,1,0,4,0,1,4,0,0,,
"schromen law, llc",/states/minnesota-lawyer-costs,0,1,0,8,0,1,8,0,0,,
sean beck attorney boise idaho,/states/idaho-lawyer-costs,0,1,0,7,0,1,7,0,0,,
separation lawyer cost,/states/oregon-lawyer-costs,0,1,0,11,0,1,11,0,0,,
setting up a trust in arkansas,/states/arkansas-lawyer-costs,0,1,0,2,0,1,2,0,0,,
setting up a trust in maryland,/states/maryland-lawyer-costs,0,1,0,3,0,1,3,0,0,,
seventh district court price utah,/states/utah-lawyer-costs,0,1,0,30,0,0,,0,1,30,-100.0
si por hora,/states/maryland-lawyer-costs,0,1,0,4,0,0,,0,1,4,-100.0
silva immigration law firm,/pages/immigration-lawyer-cost,0,1,0,3,0,1,3,0,0,,
skagit county washington state,/states/washington-lawyer-costs,0,1,0,4,0,1,4,0,0,,
small business lawyer,/states/wisconsin-lawyer-costs,0,1,0,5,0,0,,0,1,5,-100.0
small business lawyer near me,/pages/business-lawyer-cost,0,1,0,2,0,1,2,0,0,,
small business legal fees,/pages/business-lawyer-cost,0,1,0,62,0,1,62,0,0,,
small claim attorney fee,/states/arkansas-lawyer-costs,0,1,0,11,0,0,,0,1,11,-100.0
small claims attorney cost,/states/arkansas-lawyer-costs,0,1,0,11,0,0,,0,1,11,-100.0
small claims attorney cost,/states/minnesota-lawyer-costs,0,1,0,10,0,0,,0,1,10,-100.0
small claims attorney cost,/states/missouri-lawyer-costs,0,1,0,11,0,0,,0,0,,
small claims attorney cost,/states/nevada-lawyer-costs,0,1,0,5,0,1,5,0,0,,
small claims attorney cost,/states/south-carolina-lawyer-costs,0,1,0,9,0,1,9,0,0,,
small claims attorney cost,/states/tennessee-lawyer-costs,0,1,0,10,0,1,10,0,0,,
small claims attorney cost,/states/washington-lawyer-costs,0,1,0,8,0,1,8,0,0,,
small claims attorney cost,/states/west-virginia-lawyer-costs,0,1,0,8,0,0,,0,0,,
small claims attorney fees,/states/minnesota-lawyer-costs,0,1,0,11,0,0,,0,0,,
small claims court filing fee range 2026 all states comparison,/pages/small-claims-filing-fee-calculator,0,1,0,63,0,0,,0,1,63,-100.0
small claims court lawyer cost,/states/indiana-lawyer-costs,0,1,0,8,0,1,8,0,0,,
small claims court lawyer cost,/states/massachusetts-lawyer-costs,0,1,0,8,0,0,,0,1,8,-100.0
small claims court lawyer cost,/states/minnesota-lawyer-costs,0,1,0,9,0,0,,0,0,,
small claims court lawyer cost,/states/mississippi-lawyer-costs,0,1,0,11,0,0,,0,0,,
small claims court lawyer cost,/states/nevada-lawyer-costs,0,1,0,7,0,0,,0,1,7,-100.0
small claims court lawyer cost,/states/new-york-lawyer-costs,0,1,0,16,0,1,16,0,0,,
small claims court lawyer cost,/states/north-carolina-lawyer-costs,0,1,0,11,0,1,11,0,0,,
small claims court lawyer cost,/states/north-dakota-lawyer-costs,0,1,0,3,0,1,3,0,0,,
small claims court lawyer cost,/states/washington-lawyer-costs,0,1,0,9,0,1,9,0,0,,
small claims court lawyer fees,/states/new-hampshire-lawyer-costs,0,1,0,10,0,0,,0,1,10,-100.0
small claims lawyer cost,/states/arizona-lawyer-costs,0,1,0,10,0,1,10,0,0,,
small claims lawyer cost,/states/colorado-lawyer-costs,0,1,0,10,0,0,,0,1,10,-100.0
small claims lawyer cost,/states/hawaii-lawyer-costs,0,1,0,7,0,1,7,0,0,,
small claims lawyer cost,/states/idaho-lawyer-costs,0,1,0,9,0,1,9,0,0,,
small claims lawyer cost,/states/louisiana-lawyer-costs,0,1,0,7,0,1,7,0,0,,
small claims lawyer cost,/states/maryland-lawyer-costs,0,1,0,9,0,0,,0,1,9,-100.0
small claims lawyer cost,/states/massachusetts-lawyer-costs,0,1,0,7,0,1,7,0,0,,
small claims lawyer cost,/states/minnesota-lawyer-costs,0,1,0,8,0,0,,0,0,,
small claims lawyer cost,/states/south-carolina-lawyer-costs,0,1,0,8,0,1,8,0,0,,
small claims lawyer cost,/states/utah-lawyer-costs,0,1,0,9,0,0,,0,1,9,-100.0
small claims lawyer cost,/states/virginia-lawyer-costs,0,1,0,1,0,0,,0,1,1,-100.0
small claims lawyer cost,/states/west-virginia-lawyer-costs,0,1,0,11,0,0,,0,0,,
small claims lawyer fees,/states/kentucky-lawyer-costs,0,1,0,1,0,1,1,0,0,,
solicitor,/states/connecticut-lawyer-costs,0,1,0,7,0,1,7,0,0,,
solicitor consultation fee,/pages/lawyer-consultation-fee,0,1,0,62,0,1,62,0,0,,
solicitor cost,/states/maryland-lawyer-costs,0,1,0,98,0,0,,0,0,,
solicitor cost,/states/new-york-lawyer-costs,0,1,0,2,0,1,2,0,0,,
solicitor cost,/states/ohio-lawyer-costs,0,1,0,9,0,1,9,0,0,,
solicitor cost per hour,/states/connecticut-lawyer-costs,0,1,0,80,0,0,,0,0,,
solicitor cost per hour,/states/maryland-lawyer-costs,0,1,0,80,0,1,80,0,0,,
solicitor cost per hour,/states/massachusetts-lawyer-costs,0,1,0,51,0,1,51,0,0,,
solicitor costs,/states/georgia-lawyer-costs,0,1,0,11,0,1,11,0,0,,
solicitor costs,/states/kentucky-lawyer-costs,0,1,0,72,0,0,,0,1,72,-100.0
solicitor costs,/states/massachusetts-lawyer-costs,0,1,0,56,0,1,56,0,0,,
solicitor costs,/states/michigan-lawyer-costs,0,1,0,67,0,0,,0,0,,
solicitor costs,/states/pennsylvania-lawyer-costs,0,1,0,93,0,1,93,0,0,,
solicitor fees,/states/kentucky-lawyer-costs,0,1,0,96,0,0,,0,1,96,-100.0
solicitor fees,/states/minnesota-lawyer-costs,0,1,0,22,0,0,,0,0,,
solicitor fees,/states/new-jersey-lawyer-costs,0,1,0,36,0,0,,0,1,36,-100.0
solicitor fees,/states/pennsylvania-lawyer-costs,0,1,0,18,0,0,,0,0,,
solicitor fees,/states/tennessee-lawyer-costs,0,1,0,86,0,1,86,0,0,,
solicitor price,/states/maryland-lawyer-costs,0,1,0,87,0,0,,0,0,,
solicitor price,/states/massachusetts-lawyer-costs,0,1,0,86,0,0,,0,1,86,-100.0
solicitor price,/states/mississippi-lawyer-costs,0,1,0,94,0,0,,0,1,94,-100.0
solicitor prices,/states/california-lawyer-costs,0,1,0,9,0,1,9,0,0,,
solicitor pricing,/states/new-jersey-lawyer-costs,0,1,0,7,0,0,,0,0,,
solicitor rates,/states/california-lawyer-costs,0,1,0,90,0,0,,0,0,,
solicitor rates,/states/kentucky-lawyer-costs,0,1,0,64,0,0,,0,1,64,-100.0
solicitor rates,/states/north-carolina-lawyer-costs,0,1,0,48,0,0,,0,0,,
solicitors cost,/states/kentucky-lawyer-costs,0,1,0,90,0,0,,0,1,90,-100.0
solicitors cost,/states/massachusetts-lawyer-costs,0,1,0,86,0,0,,0,1,86,-100.0
solicitors cost,/states/mississippi-lawyer-costs,0,1,0,94,0,0,,0,1,94,-100.0
solicitors costs,/,0,1,0,60,0,0,,0,1,60,-100.0
solicitors costs,/states/california-lawyer-costs,0,1,0,96,0,0,,0,0,,
solicitors costs,/states/connecticut-lawyer-costs,0,1,0,95,0,0,,0,0,,
solicitors costs,/states/kentucky-lawyer-costs,0,1,0,39,0,0,,0,1,39,-100.0
solicitors fee,/states/maryland-lawyer-costs,0,1,0,94,0,0,,0,1,94,-100.0
solicitors fee,/states/mississippi-lawyer-costs,0,1,0,84,0,0,,0,1,84,-100.0
solicitors fee,/states/texas-lawyer-costs,0,1,0,41,0,0,,0,0,,
solicitors fees,/,0,1,0,82,0,0,,0,1,82,-100.0
solicitors fees,/states/illinois-lawyer-costs,0,1,0,45,0,0,,0,1,45,-100.0
solicitors fees,/states/kentucky-lawyer-costs,0,1,0,66,0,0,,0,1,66,-100.0
solicitors fees,/states/south-carolina-lawyer-costs,0,1,0,73,0,0,,0,1,73,-100.0
solicitors fees,/states/west-virginia-lawyer-costs,0,1,0,84,0,0,,0,1,84,-100.0
solicitors fees per hour,/states/colorado-lawyer-costs,0,1,0,35,0,1,35,0,0,,
solicitors fees per hour,/states/connecticut-lawyer-costs,0,1,0,81,0,0,,0,0,,
solicitors fees per hour,/states/maryland-lawyer-costs,0,1,0,64,0,1,64,0,0,,
solicitors fees per hour,/states/massachusetts-lawyer-costs,0,1,0,38,0,0,,0,1,38,-100.0
solicitors hourly rates,/states/new-york-lawyer-costs,0,1,0,42,0,1,42,0,0,,
solicitors prices,/states/maryland-lawyer-costs,0,1,0,94,0,0,,0,0,,
solicitors pricing,/states/maryland-lawyer-costs,0,1,0,72,0,0,,0,0,,
solicitors rates,/states/california-lawyer-costs,0,1,0,92,0,0,,0,0,,
solicitors rates,/states/connecticut-lawyer-costs,0,1,0,59,0,1,59,0,0,,
solicitors rates,/states/louisiana-lawyer-costs,0,1,0,86,0,0,,0,0,,
solicitors rates,/states/massachusetts-lawyer-costs,0,1,0,85,0,1,85,0,0,,
somerset ky lawyers,/states/kentucky-lawyer-costs,0,1,0,4,0,1,4,0,0,,
south dakota high net worth divorce lawyer,/states/south-dakota-lawyer-costs,0,1,0,66,0,1,66,0,0,,
south jersey criminal defense attorneys,/states/new-jersey-lawyer-costs,0,1,0,6,0,0,,0,1,6,-100.0
south jersey lawyers,/states/new-jersey-lawyer-costs,0,1,0,3,0,1,3,0,0,,
southeast louisiana legal services,/states/louisiana-lawyer-costs,0,1,0,5,0,1,5,0,0,,
spokane county family law,/states/washington-lawyer-costs,0,1,0,5,0,1,5,0,0,,
st. louis missouri real estate attorney hourly rate 2025,/states/missouri-lawyer-costs,0,1,0,6,0,1,6,0,0,,
stamm law firm reviews,/states/utah-lawyer-costs,0,1,0,3,0,1,3,0,0,,
standard fee for personal injury lawyer,/pages/personal-injury-lawyer-cost,0,1,0,70,0,1,70,0,0,,
standard lawyer fee,/states/new-york-lawyer-costs,0,1,0,25,0,1,25,0,0,,
standard lawyer fee for personal injury,/pages/personal-injury-lawyer-cost,0,1,0,47,0,1,47,0,0,,
standard lawyer fees,/states/california-lawyer-costs,0,1,0,47,0,0,,0,1,47,-100.0
standard lawyer fees,/states/minnesota-lawyer-costs,0,1,0,1,0,1,1,0,0,,
standard lawyer fees,/states/mississippi-lawyer-costs,0,1,0,45,0,0,,0,1,45,-100.0
standard lawyer fees,/states/new-jersey-lawyer-costs,0,1,0,1,0,0,,0,1,1,-100.0
standard lawyer fees,/states/west-virginia-lawyer-costs,0,1,0,46,0,0,,0,1,46,-100.0
starting a business lawyer fees,/pages/business-lawyer-cost,0,1,0,48,0,0,,0,1,48,-100.0
state bar of south dakota,/states/south-dakota-lawyer-costs,0,1,0,3,0,0,,0,1,3,-100.0
state of ct,/states/connecticut-lawyer-costs,0,1,0,8,0,1,8,0,0,,
state of wisconsin,/states/wisconsin-lawyer-costs,0,1,0,5,0,1,5,0,0,,
statement of claim filing fee,/pages/small-claims-filing-fee-calculator,0,1,0,49,0,1,49,0,0,,
stats average cost of online legal services for divorce 2026,/states/alabama-lawyer-costs,0,1,0,8,0,0,,0,0,,
stats average lawyer fees for real estate transactions by state 2026,/states/utah-lawyer-costs,0,1,0,9,0,0,,0,0,,
succession lawyers in louisiana,/states/louisiana-lawyer-costs,0,1,0,3,0,1,3,0,0,,
supreme court advocate fees,/states/california-lawyer-costs,0,1,0,95,0,0,,0,0,,
supreme court advocate fees,/states/new-jersey-lawyer-costs,0,1,0,65,0,0,,0,0,,
supreme court advocate fees,/states/ohio-lawyer-costs,0,1,0,85,0,0,,0,0,,
supreme court advocate fees,/states/pennsylvania-lawyer-costs,0,1,0,76,0,0,,0,0,,
supreme court advocate fees,/states/south-carolina-lawyer-costs,0,1,0,81,0,0,,0,0,,
supreme court lawyer fees,/states/alabama-lawyer-costs,0,1,0,100,0,0,,0,1,100,-100.0
supreme court lawyer fees,/states/california-lawyer-costs,0,1,0,6,0,0,,0,1,6,-100.0
supreme court lawyer fees,/states/kentucky-lawyer-costs,0,1,0,41,0,0,,0,1,41,-100.0
supreme court lawyer fees,/states/new-jersey-lawyer-costs,0,1,0,79,0,0,,0,0,,
supreme court lawyer fees,/states/south-carolina-lawyer-costs,0,1,0,95,0,0,,0,1,95,-100.0
supreme court lawyers fees,/states/iowa-lawyer-costs,0,1,0,87,0,1,87,0,0,,
supreme court lawyers fees,/states/missouri-lawyer-costs,0,1,0,98,0,1,98,0,0,,
sure,/states/tennessee-lawyer-costs,0,1,0,3,0,0,,0,1,3,-100.0
tacoma real estate attorney,/states/washington-lawyer-costs,0,1,0,2,0,1,2,0,0,,
tarif avocat immigration usa,/pages/immigration-lawyer-cost,0,1,0,76,0,1,76,0,0,,
tarifas abogados,/,0,1,0,87,0,1,87,0,0,,
tarifas de abogados,/,0,1,0,90,0,0,,0,1,90,-100.0
tax attorney cost,/states/colorado-lawyer-costs,0,1,0,24,0,0,,0,0,,
tax lawyer rates,/states/new-york-lawyer-costs,0,1,0,75,0,0,,0,0,,
tell me more,/states/pennsylvania-lawyer-costs,0,1,0,12,0,1,12,0,0,,
tennessee,/states/tennessee-lawyer-costs,0,1,0,3,0,0,,0,1,3,-100.0
"terkiana, pc",/pages/immigration-lawyer-cost,0,1,0,3,0,1,3,0,0,,
terpollari law,/pages/immigration-lawyer-cost,0,1,0,4,0,1,4,0,0,,
texas attorney,/states/texas-lawyer-costs,0,1,0,6,0,1,6,0,0,,
texas consumer protection attorney hourly rate 2026,/states/texas-lawyer-costs,0,1,0,5,0,0,,0,0,,
texas family law attorney hourly rate 2026,/states/texas-lawyer-costs,0,1,0,68,0,0,,0,1,68,-100.0
texas government code section 82.0361,/states/texas-lawyer-costs,0,1,0,41,0,1,41,0,0,,
texas lawyers,/states/texas-lawyer-costs,0,1,0,5,0,1,5,0,0,,
the average percentage for attorney fees,/states/indiana-lawyer-costs,0,1,0,87,0,1,87,0,0,,
theon wilson new orleans,/states/louisiana-lawyer-costs,0,1,0,4,0,1,4,0,0,,
this.,/states/new-york-lawyer-costs,0,1,0,2,0,1,2,0,0,,
title search attorney cost,/states/kentucky-lawyer-costs,0,1,0,10,0,0,,0,1,10,-100.0
to practice law,/states/colorado-lawyer-costs,0,1,0,1,0,1,1,0,0,,
top business attorneys,/pages/business-lawyer-cost,0,1,0,2,0,1,2,0,0,,
total cost,/states/texas-lawyer-costs,0,1,0,4,0,1,4,0,0,,
traffic lawyer cost,/states/west-virginia-lawyer-costs,0,1,0,11,0,1,11,0,0,,
traffic lawyer nyc cost,/states/new-york-lawyer-costs,0,1,0,85,0,0,,0,0,,
trust attorney fees,/pages/estate-planning-lawyer-cost,0,1,0,87,0,0,,0,0,,
trust lawyer fees,/pages/estate-planning-lawyer-cost,0,1,0,47,0,0,,0,1,47,-100.0
tucson real estate attorneys,/states/arizona-lawyer-costs,0,1,0,3,0,0,,0,1,3,-100.0
tulsa oklahoma,/states/oklahoma-lawyer-costs,0,1,0,7,0,1,7,0,0,,
typical amount attorney keeps in personal injury in utah,/states/utah-lawyer-costs,0,1,0,90,0,0,,0,0,,
typical attorney fee percentage,/states/colorado-lawyer-costs,0,1,0,50,0,0,,0,0,,
typical attorney fees,/pages/how-much-does-a-lawyer-cost,0,1,0,47,0,0,,0,1,47,-100.0
typical attorney fees,/states/illinois-lawyer-costs,0,1,0,47,0,1,47,0,0,,
typical cost,/states/new-jersey-lawyer-costs,0,1,0,9,0,1,9,0,0,,
typical divorce lawyer retainer fee massachusetts,/states/massachusetts-lawyer-costs,0,1,0,43,0,0,,0,0,,
typical lawyer fees,/states/arizona-lawyer-costs,0,1,0,10,0,1,10,0,0,,
typical lawyer fees,/states/kentucky-lawyer-costs,0,1,0,95,0,0,,0,1,95,-100.0
typical lawyer fees,/states/south-carolina-lawyer-costs,0,1,0,45,0,0,,0,0,,
typical lawyer fees for closing,/states/new-york-lawyer-costs,0,1,0,44,0,0,,0,1,44,-100.0
typical lawyer hourly rate,/states/connecticut-lawyer-costs,0,1,0,85,0,1,85,0,0,,
typical lawyer hourly rate,/states/massachusetts-lawyer-costs,0,1,0,92,0,0,,0,1,92,-100.0
typical lawyers fees,/states/alabama-lawyer-costs,0,1,0,85,0,0,,0,0,,
typical legal fees,/,0,1,0,75,0,0,,0,1,75,-100.0
typical legal fees,/pages/how-much-does-a-lawyer-cost,0,1,0,60,0,0,,0,1,60,-100.0
typical legal fees,/states/tennessee-lawyer-costs,0,1,0,85,0,1,85,0,0,,
typical retainer fee for divorce attorney,/states/delaware-lawyer-costs,0,1,0,10,0,1,10,0,0,,
typical retainer fee for divorce attorney,/states/mississippi-lawyer-costs,0,1,0,12,0,1,12,0,0,,
uncontested divorce lawyer cost,/pages/divorce-lawyer-cost,0,1,0,89,0,0,,0,0,,
unemployment lawyer cost,/states/new-york-lawyer-costs,0,1,0,32,0,1,32,0,0,,
utah,/states/utah-lawyer-costs,0,1,0,5,0,1,5,0,0,,
va attorney fees,/states/virginia-lawyer-costs,0,1,0,53,0,0,,0,0,,
va bankruptcy attorney fee schedule,/states/virginia-lawyer-costs,0,1,0,54,0,0,,0,0,,
va disability lawyer fees,/states/virginia-lawyer-costs,0,1,0,93,0,0,,0,0,,
va disability lawyers fees,/states/virginia-lawyer-costs,0,1,0,78,0,0,,0,0,,
va lawyer fees,/states/virginia-lawyer-costs,0,1,0,51,0,0,,0,1,51,-100.0
vancouver wa family law attorney,/states/washington-lawyer-costs,0,1,0,3,0,1,3,0,0,,
"vazquez & poudat, pllc",/pages/immigration-lawyer-cost,0,1,0,2,0,1,2,0,0,,
vermont divorce lawyers,/states/vermont-lawyer-costs,0,1,0,2,0,1,2,0,0,,
virginia,/states/virginia-lawyer-costs,0,1,0,4,0,0,,0,1,4,-100.0
virginia bar dues,/states/virginia-lawyer-costs,0,1,0,40,0,0,,0,0,,
virginia circuit court fee calculator,/states/virginia-lawyer-costs,0,1,0,37,0,0,,0,0,,
virginia circuit court filing fee calculator,/states/virginia-lawyer-costs,0,1,0,19,0,1,19,0,0,,
virginia court of appeals,/states/virginia-lawyer-costs,0,1,0,5,0,0,,0,1,5,-100.0
virginia divorce lawyer hourly rate,/states/virginia-lawyer-costs,0,1,0,67,0,0,,0,0,,
virginia filing fee calculator,/states/virginia-lawyer-costs,0,1,0,15,0,1,15,0,0,,
virginia lawyers,/states/virginia-lawyer-costs,0,1,0,2,0,1,2,0,0,,
virginia prenuptial agreement cost,/states/virginia-lawyer-costs,0,1,0,88,0,0,,0,0,,
wadena,/states/minnesota-lawyer-costs,0,1,0,2,0,0,,0,1,2,-100.0
washington state lawyers,/states/washington-lawyer-costs,0,1,0,3,0,1,3,0,0,,
wasker law firm des moines,/states/iowa-lawyer-costs,0,1,0,3,0,1,3,0,0,,
water town wi,/states/wisconsin-lawyer-costs,0,1,0,5,0,1,5,0,0,,
"watson kuhlman, llc",/states/ohio-lawyer-costs,0,1,0,6,0,1,6,0,0,,
west virginia bar exam cost,/states/west-virginia-lawyer-costs,0,1,0,46,0,0,,0,1,46,-100.0
what about albuquerque,/states/new-mexico-lawyer-costs,0,1,0,3,0,1,3,0,0,,
what about boise idaho,/states/idaho-lawyer-costs,0,1,0,9,0,0,,0,0,,
what about in kentucky,/states/kentucky-lawyer-costs,0,1,0,4,0,0,,0,1,4,-100.0
what are his rates,/states/minnesota-lawyer-costs,0,1,0,6,0,1,6,0,0,,
what are most lawyer fees?,/states/florida-lawyer-costs,0,1,0,35,0,0,,0,1,35,-100.0
what are reasonable attorney fees,/states/new-york-lawyer-costs,0,1,0,71,0,0,,0,1,71,-100.0
what are the average fees for legal services from a nashville attorney?. my location is united states.,/states/tennessee-lawyer-costs,0,1,0,10,0,1,10,0,0,,
what are the average legal fees for litigation and dispute resolution services?,/states/indiana-lawyer-costs,0,1,0,11,0,1,11,0,0,,
what are their fees,/states/maryland-lawyer-costs,0,1,0,5,0,1,5,0,0,,
what are their rates?,/states/maryland-lawyer-costs,0,1,0,7,0,0,,0,1,7,-100.0
what are typical attorney fees,/states/new-york-lawyer-costs,0,1,0,50,0,0,,0,0,,
what do attorneys charge per hour,/states/alaska-lawyer-costs,0,1,0,11,0,0,,0,1,11,-100.0
what do attorneys charge per hour,/states/minnesota-lawyer-costs,0,1,0,11,0,1,11,0,0,,
what do attorneys charge per hour,/states/nebraska-lawyer-costs,0,1,0,9,0,0,,0,1,9,-100.0
what do attorneys charge per hour,/states/nevada-lawyer-costs,0,1,0,10,0,1,10,0,0,,
what do attorneys charge per hour,/states/new-york-lawyer-costs,0,1,0,31,0,1,31,0,0,,
what do attorneys charge per hour,/states/tennessee-lawyer-costs,0,1,0,40,0,1,40,0,0,,
what do injury lawyers charge,/pages/personal-injury-lawyer-cost,0,1,0,60,0,1,60,0,0,,
what do injury lawyers charge,/states/new-york-lawyer-costs,0,1,0,77,0,0,,0,1,77,-100.0
what do lawyers charge per hour,/states/arizona-lawyer-costs,0,1,0,12,0,0,,0,1,12,-100.0
what do lawyers charge per hour,/states/colorado-lawyer-costs,0,1,0,10,0,1,10,0,0,,
what do lawyers charge per hour,/states/idaho-lawyer-costs,0,1,0,12,0,0,,0,1,12,-100.0
what do lawyers charge per hour,/states/maine-lawyer-costs,0,1,0,11,0,0,,0,0,,
what do lawyers charge per hour,/states/utah-lawyer-costs,0,1,0,6,0,0,,0,0,,
what do personal injury lawyers charge,/states/massachusetts-lawyer-costs,0,1,0,98,0,1,98,0,0,,
what does a lawyer cost,/pages/how-much-does-a-lawyer-cost,0,1,0,51,0,0,,0,0,,
what does a lawyer cost,/states/delaware-lawyer-costs,0,1,0,12,0,0,,0,1,12,-100.0
what does he charge,/states/massachusetts-lawyer-costs,0,1,0,7,0,1,7,0,0,,
what does he charge,/states/wisconsin-lawyer-costs,0,1,0,5,0,1,5,0,0,,
what does it mean to retain a lawyer,/states/utah-lawyer-costs,0,1,0,2,0,1,2,0,0,,
what does something like this cost,/states/north-dakota-lawyer-costs,0,1,0,2,0,1,2,0,0,,
what does the average lawyer charge per hour,/states/nebraska-lawyer-costs,0,1,0,12,0,0,,0,1,12,-100.0
what fee structures should i expect and how do i compare them during an initial consultation?,/pages/lawyer-consultation-fee,0,1,0,44,0,0,,0,0,,
what is a fair price for a lawyer?,/pages/how-much-does-a-lawyer-cost,0,1,0,49,0,0,,0,1,49,-100.0
what is a normal attorney fee,/states/colorado-lawyer-costs,0,1,0,23,0,0,,0,0,,
what is a normal retainer fee for a lawyer,/states/massachusetts-lawyer-costs,0,1,0,8,0,1,8,0,0,,
what is her hourly rate,/states/connecticut-lawyer-costs,0,1,0,5,0,1,5,0,0,,
what is his hourly rate,/states/louisiana-lawyer-costs,0,1,0,5,0,1,5,0,0,,
what is the average,/states/massachusetts-lawyer-costs,0,1,0,1,0,1,1,0,0,,
what is the average attorney fee,/states/arizona-lawyer-costs,0,1,0,12,0,1,12,0,0,,
what is the average attorney fee,/states/kansas-lawyer-costs,0,1,0,11,0,0,,0,0,,
what is the average attorney fee,/states/massachusetts-lawyer-costs,0,1,0,8,0,1,8,0,0,,
what is the average attorney fee,/states/rhode-island-lawyer-costs,0,1,0,11,0,1,11,0,0,,
what is the average consultation fee for lawyer,/pages/lawyer-consultation-fee,0,1,0,39,0,1,39,0,0,,
what is the average consultation fee for lawyer,/states/new-york-lawyer-costs,0,1,0,10,0,0,,0,1,10,-100.0
what is the average cost,/states/arizona-lawyer-costs,0,1,0,3,0,1,3,0,0,,
what is the average cost for a criminal defense lawyer,/states/oklahoma-lawyer-costs,0,1,0,9,0,1,9,0,0,,
what is the average cost for a dui lawyer,/pages/dui-lawyer-cost,0,1,0,30,0,1,30,0,0,,
what is the average cost of a bankruptcy lawyer,/pages/bankruptcy-lawyer-cost,0,1,0,54,0,1,54,0,0,,
what is the average cost of a criminal defense attorney,/pages/criminal-defense-lawyer-cost,0,1,0,74,0,0,,0,0,,
what is the average cost of a criminal defense attorney,/states/colorado-lawyer-costs,0,1,0,16,0,0,,0,0,,
what is the average cost of a lawyer,/states/alabama-lawyer-costs,0,1,0,11,0,1,11,0,0,,
what is the average cost of a lawyer,/states/north-dakota-lawyer-costs,0,1,0,6,0,1,6,0,0,,
what is the average cost of a lawyer,/states/oklahoma-lawyer-costs,0,1,0,12,0,1,12,0,0,,
what is the average cost of a lawyer,/states/tennessee-lawyer-costs,0,1,0,7,0,1,7,0,0,,
what is the average cost of a lawyer,/states/virginia-lawyer-costs,0,1,0,1,0,0,,0,1,1,-100.0
what is the average cost of a personal injury lawyer,/states/alaska-lawyer-costs,0,1,0,74,0,0,,0,1,74,-100.0
what is the average cost of this?,/states/maryland-lawyer-costs,0,1,0,5,0,1,5,0,0,,
what is the average fee for an estate attorney,/pages/estate-planning-lawyer-cost,0,1,0,91,0,0,,0,0,,
what is the average fee for an estate attorney,/states/maryland-lawyer-costs,0,1,0,93,0,0,,0,1,93,-100.0
what is the average hourly rate for a lawyer,/states/connecticut-lawyer-costs,0,1,0,79,0,1,79,0,0,,
what is the average hourly rate for a lawyer,/states/maryland-lawyer-costs,0,1,0,84,0,0,,0,0,,
what is the average hourly rate for an attorney,/states/new-york-lawyer-costs,0,1,0,67,0,0,,0,0,,
what is the average lawyer fee,/,0,1,0,46,0,1,46,0,0,,
what is the average lawyer fee,/states/arizona-lawyer-costs,0,1,0,11,0,0,,0,1,11,-100.0
what is the average lawyer fee,/states/california-lawyer-costs,0,1,0,65,0,0,,0,0,,
what is the average lawyer fee,/states/new-york-lawyer-costs,0,1,0,63,0,0,,0,0,,
what is the average lawyer fee,/states/south-carolina-lawyer-costs,0,1,0,85,0,0,,0,0,,
what is the average lawyer fee,/states/tennessee-lawyer-costs,0,1,0,59,0,1,59,0,0,,
what is the average percentage for attorney fees,/states/colorado-lawyer-costs,0,1,0,20,0,0,,0,0,,
what is the average percentage for attorney fees,/states/new-york-lawyer-costs,0,1,0,74,0,0,,0,0,,
what is the average retainer fee for a criminal lawyer,/states/alabama-lawyer-costs,0,1,0,12,0,0,,0,1,12,-100.0
what is the average retainer fee for a criminal lawyer,/states/massachusetts-lawyer-costs,0,1,0,12,0,1,12,0,0,,
what is the average retainer fee for a criminal lawyer,/states/nevada-lawyer-costs,0,1,0,12,0,0,,0,1,12,-100.0
what is the average retainer fee for a criminal lawyer,/states/new-mexico-lawyer-costs,0,1,0,12,0,1,12,0,0,,
what is the average retainer fee for a family lawyer,/states/vermont-lawyer-costs,0,1,0,7,0,1,7,0,0,,
what is the average retainer fee for a lawyer,/states/nevada-lawyer-costs,0,1,0,7,0,0,,0,1,7,-100.0
what is the cost of drafting a business contract,/pages/business-lawyer-cost,0,1,0,71,0,0,,0,0,,
what is the formula for personal injury settlements,/pages/personal-injury-settlement-calculator,0,1,0,85,0,0,,0,1,85,-100.0
what is the going rate for attorney fees,/states/alabama-lawyer-costs,0,1,0,8,0,0,,0,1,8,-100.0
what is the going rate for attorney fees,/states/hawaii-lawyer-costs,0,1,0,8,0,1,8,0,0,,
what is the going rate for attorney fees,/states/kentucky-lawyer-costs,0,1,0,8,0,0,,0,1,8,-100.0
what is the hourly rate for a lawyer,/states/nebraska-lawyer-costs,0,1,0,1,0,1,1,0,0,,
what is their hourly rate?,/states/oklahoma-lawyer-costs,0,1,0,4,0,1,4,0,0,,
what is typical lawyer fee for 2nd dwi,/states/missouri-lawyer-costs,0,1,0,81,0,1,81,0,0,,
what percent do lawyers get in mesothelioma case,/pages/mesothelioma-lawyer-cost,0,1,0,60,0,0,,0,1,60,-100.0
what percent does a lawyer take,/states/new-york-lawyer-costs,0,1,0,88,0,0,,0,1,88,-100.0
what percentage do lawyers take,/states/,0,1,0,99,0,1,99,0,0,,
what the price,/states/nevada-lawyer-costs,0,1,0,9,0,1,9,0,0,,
what would be an estimate,/states/massachusetts-lawyer-costs,0,1,0,7,0,1,7,0,0,,
what would the hourly rate be,/states/rhode-island-lawyer-costs,0,1,0,2,0,1,2,0,0,,
what would u guess,/states/massachusetts-lawyer-costs,0,1,0,4,0,1,4,0,0,,
what's cheaper than a lawyer?,/pages/can-i-afford-a-lawyer,0,1,0,48,0,0,,0,1,48,-100.0
what's the hourly rate,/states/minnesota-lawyer-costs,0,1,0,7,0,1,7,0,0,,
what's typical,/states/minnesota-lawyer-costs,0,1,0,16,0,1,16,0,0,,
whats a retainer fee for a lawyer,/states/maryland-lawyer-costs,0,1,0,5,0,0,,0,1,5,-100.0
whats his price,/states/vermont-lawyer-costs,0,1,0,9,0,0,,0,1,9,-100.0
whats the percentage?,/states/mississippi-lawyer-costs,0,1,0,1,0,1,1,0,0,,
whats your guess?,/states/michigan-lawyer-costs,0,1,0,1,0,0,,0,1,1,-100.0
what’s the average cost,/states/minnesota-lawyer-costs,0,1,0,1,0,1,1,0,0,,
"what’s the average cost of a divorce lawyer in greenville, sc?",/states/south-carolina-lawyer-costs,0,1,0,5,0,1,5,0,0,,
when did they change it,/states/mississippi-lawyer-costs,0,1,0,3,0,1,3,0,0,,
where can i get legal advice for free,/states/michigan-lawyer-costs,0,1,0,3,0,1,3,0,0,,
which ones are the most affordable,/states/vermont-lawyer-costs,0,1,0,5,0,0,,0,1,5,-100.0
who pays closing attorney fee in north carolina,/states/north-carolina-lawyer-costs,0,1,0,71,0,0,,0,1,71,-100.0
who pays closing costs in west virginia,/states/west-virginia-lawyer-costs,0,1,0,97,0,0,,0,1,97,-100.0
why are attorneys so expensive,/states/new-york-lawyer-costs,0,1,0,47,0,1,47,0,0,,
why do lawyers cost so much,/pages/can-i-afford-a-lawyer,0,1,0,86,0,0,,0,1,86,-100.0
will and estate planning cost,/pages/estate-planning-lawyer-cost,0,1,0,79,0,0,,0,0,,
will and testament lawyer cost,/pages/estate-planning-lawyer-cost,0,1,0,54,0,0,,0,0,,
will attorneys take payments,/states/minnesota-lawyer-costs,0,1,0,50,0,0,,0,1,50,-100.0
will changes,/states/tennessee-lawyer-costs,0,1,0,5,0,1,5,0,0,,
will in maryland,/states/maryland-lawyer-costs,0,1,0,5,0,1,5,0,0,,
will lawyers take payment plans,/states/minnesota-lawyer-costs,0,1,0,100,0,1,100,0,0,,
wills and probate,/states/minnesota-lawyer-costs,0,1,0,3,0,1,3,0,0,,
workers compensation lawyer fees,/states/michigan-lawyer-costs,0,1,0,41,0,0,,0,1,41,-100.0
wrongful termination lawyer contingency fee,/pages/employment-lawyer-cost,0,1,0,87,0,0,,0,0,,
wv,/states/west-virginia-lawyer-costs,0,1,0,2,0,1,2,0,0,,
wv real estate lawyers,/states/west-virginia-lawyer-costs,0,1,0,2,0,1,2,0,0,,
yes,/pages/contingency-fee-calculator,0,1,0,5,0,0,,0,0,,
yes,/pages/legal-fee-calculator,0,1,0,4,0,1,4,0,0,,
yes,/states/arizona-lawyer-costs,0,1,0,4,0,0,,0,1,4,-100.0
yes,/states/idaho-lawyer-costs,0,1,0,14,0,1,14,0,0,,
yes,/states/louisiana-lawyer-costs,0,1,0,4,0,0,,0,1,4,-100.0
yes,/states/massachusetts-lawyer-costs,0,1,0,2,0,1,2,0,0,,
yes,/states/mississippi-lawyer-costs,0,1,0,7,0,1,7,0,0,,
yes,/states/new-jersey-lawyer-costs,0,1,0,7,0,1,7,0,0,,
yes,/states/south-dakota-lawyer-costs,0,1,0,2,0,1,2,0,0,,
yes,/states/wisconsin-lawyer-costs,0,1,0,4,0,0,,0,1,4,-100.0
yes connecticut,/states/connecticut-lawyer-costs,0,1,0,3,0,1,3,0,0,,
yes estimate,/states/new-jersey-lawyer-costs,0,1,0,2,0,0,,0,1,2,-100.0
zoning attorney cost,/pages/real-estate-lawyer-cost,0,1,0,92,0,0,,0,1,92,-100.0
è molto costoso?,/states/delaware-lawyer-costs,0,1,0,8,0,1,8,0,0,,
هزینه وکیل چقدر است,/states/maryland-lawyer-costs,0,1,0,5,0,1,5,0,0,,
ولاية بوسطن,/states/massachusetts-lawyer-costs,0,1,0,3,0,1,3,0,0,,
